name,address,rating,user_ratings_total,place_id,types,taluka,latitude,longitude,,
Fort Aguada,"Fort Aguada Rd, Aguada Fort Area, Candolim, Goa 403515, India",4.2,106573,ChIJa72MxnXBvzsRHHtpszB2g6M,"tourist_attraction, point_of_interest, establishment,fort,historical",Bardez (Mapusa),15.4922519,73.7737462,,
Dudhsagar Falls,"Sonauli, Goa 403410, India",4.6,30982,ChIJQ4srFBimvzsRJQI7KOdIlP0,"tourist_attraction, point_of_interest, establishment,waterfall,nature,adventure,trek",Sanguem,15.3144375,74.3143073,,
Velsao Beach,"9V3M+QG9, Consua, Goa 403712, India",4.3,4971,ChIJY6h2EJ-3vzsRB_haiJ7F51w,"tourist_attraction, point_of_interest, establishment,beach",Mormugao (Vasco),15.3544232,73.8838637,,
Cabo de Rama Fort,"3WQC+GJ8, Taluka Cabo da Rama, Canacona, Goa 403702, India",4.4,15290,ChIJy1w3MFFJvjsRW9cTbAchLdw,"tourist_attraction, point_of_interest, establishment,fort,historical",Canacona,15.0887849,73.9215933,,
Harvalem Waterfalls,"Rudreshwar Colony, Kudne, Goa 403505, India",4.3,9127,ChIJVUbAVEy9vzsRS6uKBv4zNmI,"tourist_attraction, point_of_interest, establishment,waterfall",Sattari (Valpoi),15.5507728,74.0264703,,
Chapora Fort,"Chapora Fort Trail, Vagator, Anjuna, Goa 403509, India",4.2,24749,ChIJ56FVYsbpvzsRB6GFWwDiCzc,"point_of_interest, establishment,fort,historical",Bardez (Mapusa),15.6046375,73.7369631,,
Reis Magos Fort,"Nerul - Reis Margos Rd, beside three kings church, Bardez, Verem, Nerul, Goa 403109, India",4.4,11097,ChIJYeGT3PDAvzsRS8Ckp0KjgGs,"point_of_interest, establishment,fort,historical",Tiswadi (Panaji),15.4964204,73.8091839,,
Basilica of Bom Jesus,"Old Goa Road, Old Goa, Goa 403402, India",4.5,66043,ChIJiQKbufK-vzsRuKcVn2hWgB4,"tourist_attraction, church, place_of_worship, point_of_interest, establishment,historical,religious",Salcete (Margao),15.5008429,73.9114097,,
Kesarval Spring Verna Waterfall,"9WJH+WGF, Quelossim, Goa 403722, India",3.7,2166,ChIJ59FcxPu5vzsRa3eXw7AkQaw,"tourist_attraction, park, point_of_interest, establishment,waterfall,nature",Salcete (Margao),15.3823119,73.928801,,
Se Cathedral,"Old Goa, Goa 403402, India",4.5,6710,ChIJE0a0LfO-vzsR8JyKJEBHTMk,"tourist_attraction, church, place_of_worship, point_of_interest, establishment,religious,historical",Salcete (Margao),15.5035996,73.9122204,,
Sinquerim Fort,"FQX8+9GH, Candolim, Goa, India",4.5,18599,ChIJ2SyWw3XBvzsREmaXkve8H78,"tourist_attraction, point_of_interest, establishment,fort,historical",Bardez (Mapusa),15.4984466,73.7663559,,
"Palolem Beach, GOA","225G+83J, Mohanbagh, Palolem, Canacona, Goa 403702, India",4.6,828,ChIJr7GCQHpbvjsRTjE2wcXpE_I,"tourist_attraction, point_of_interest, establishment,beach",Canacona,15.0083261,74.0251467,,
Dona Paula View Point,"Dona Paula Jetty, Road, Dona Paula, Panaji, Goa 403004, India",4.1,47583,ChIJtW8AjS7HvzsRnnAZoefYMAg,"tourist_attraction, point_of_interest, establishment,viewpoint,sunset",Tiswadi (Panaji),15.4506125,73.8029961,,
Bamanbudo Waterfall,"3565+2RC, MDR34, Gaundongren, Goa 403704, India",4.4,1121,ChIJ6xFV8hFXvjsRKITFFevXu9A,"tourist_attraction, point_of_interest, establishment,waterfall",Sanguem,15.0600515,74.1595025,,
Bhagwan Mahavir Wildlife Sanctuary,"87MQ+H89, Goa 403410, India",4.4,3391,ChIJVVVVVZUGvzsRsTuQyBI93Ro,"tourist_attraction, park, point_of_interest, establishment,nature,wildlife",Quepem,15.3339015,74.2883536,,
St. Augustine Tower,"Church of St. Augustine Ruins, Old Goa, Goa 403402, India",4.5,3868,ChIJ7YKn9fG-vzsRqG6gJbaQxPs,"tourist_attraction, point_of_interest, establishment,viewpoint,historical,religious",Salcete (Margao),15.5005094,73.9064616,,
Butterfly Beach Goa,"2292+RMJ, Butterfly Beach Rd, Devalkajjan, Goa 403702, India",4.5,2000,ChIJe86NrwdPvjsRFvqcDwHvsqk,"tourist_attraction, point_of_interest, establishment,beach,nature",Canacona,15.0195801,74.001638,,
Candolim Beach,"Candolim Beach Rd, Candolim, Goa 403515, India",4.5,42536,ChIJv9F7IjzBvzsR70r6HmyML_o,"tourist_attraction, point_of_interest, establishment,beach",Bardez (Mapusa),15.5179749,73.7626122,,
Honeymoon beach,"2XCX+P4, Agonda, Devalkajjan, Goa 403702, India",4.4,463,ChIJAaID1HZPvjsRpG_rt1HF_vo,"tourist_attraction, point_of_interest, establishment,beach",Canacona,15.0218547,73.9977915,,
Arvalem Caves,"H23F+267, Rudreshwar Colony, Harvale, Goa 403505, India",4.1,1092,ChIJoSA1F069vzsR_Nv7L4B_vNw,"tourist_attraction, point_of_interest, establishment,nature,caves,historical",Sattari (Valpoi),15.552527,74.0230428,,
Cotigao Wildlife Sanctuary,"X6G4+CF8, Canacona Taluka, Cotigao, Goa 403702, India",4.3,742,ChIJd80W8otYvjsRt2iX35P2fJM,"zoo, tourist_attraction, park, point_of_interest, establishment,wildlife,nature",Dharbandora,14.9760305,74.2061931,,
Big Foot Goa,"Cross Museum, Main Road, Salcete District, Loutolim, Goa 403718, India",4.1,8442,ChIJQeTU91SwvzsR4cJQMV5lu8c,"museum, art_gallery, tourist_attraction, point_of_interest, establishment,historical",Salcete (Margao),15.339727,73.9868803,,
Hivrem Waterfall,"J4WX+HQ6, Ivre Khurd, Goa 403506, India",4.5,128,ChIJqX88uZWevzsRlLG09dvS3nY,"tourist_attraction, point_of_interest, establishment,waterfall,nature,adventure,trek",Sattari (Valpoi),15.6464111,74.1493889,,
Adil Shah Palace Gateway,"Near Divar Jetty Old Goa, Mandrem, Goa 403402, India",4.1,167,ChIJrUMKXou-vzsRG2SLL5cWces,"tourist_attraction, point_of_interest, establishment,historical",Salcete (Margao),15.5056312,73.9140955,,
Dona Paula Jetty Goa,"Dona Paula Jetty, Panaji, Goa 403004, India",4.3,85,ChIJNdY4U7nHvzsRfURbu9Uwoq4,"tourist_attraction, point_of_interest, establishment,viewpoint",Tiswadi (Panaji),15.4505614,73.8036167,,
KA-GO Border Beach,"W32M+PVH, Loliem, Goa 403728, India",4.6,66,ChIJl9-1rQtdvjsREn9dtrSRftE,"tourist_attraction, point_of_interest, establishment,beach",Canacona,14.901806,74.0847427,,
Kuske Waterfall,"26C5+MFM, Cotigao, Goa 403702, India",4.4,295,ChIJodX_ocdZvjsR3ISyT9zV_zY,"tourist_attraction, point_of_interest, establishment,waterfall,nature,adventure,trek",Dharbandora,15.0217083,74.2086604,,
Official Dudhsagar Jeep Safari & Trek Booking,"Kulem Station FOB, Kolem, Goa 403410, India",4.4,1063,ChIJA1ETXxQHvzsRU7Nrm2PWCiA,"tourist_attraction, park, point_of_interest, establishment,waterfall,nature",Dharbandora,15.3363533,74.244316,,flag
"Calangute Beach, Goa","Calangute Beach Rd, Umtav Vado, Calangute, Goa 403516, India",4.3,100672,ChIJgQ9KpXTrvzsRccrngLKJ-bM,"tourist_attraction, point_of_interest, establishment,beach",Bardez (Mapusa),15.5447206,73.754669,,
Benaulim beach,"7W39+7X7, Benaulim, Goa 403716, India",4.6,476,ChIJK01FI2K1vzsRoVMmY1ivMpE,"tourist_attraction, point_of_interest, establishment,beach",Salcete (Margao),15.2531713,73.9199206,,
Aguada rocky Beach,"FQVH+43H, Goa 403001, India",4.3,501,ChIJk0OIhg7BvzsRy2mHWZCVDDY,"tourist_attraction, point_of_interest, establishment,beach",Bardez (Mapusa),15.4928118,73.7777471,,
Keri Beach,"PM6R+VQ5, Querim, Goa 403524, India",4.6,4445,ChIJ4ayK8NDvvzsR78k8dPh_ryw,"tourist_attraction, point_of_interest, establishment,beach",Pernem,15.7087743,73.6929842,,
"Kadamba Shri Mahadeva Temple, Tambdisurla","C7Q3+J27, Near Bhagwan Mahaveer Wildlife Sanctury, Sanguem, Surla, Goa 403406, India",4.8,5158,ChIJKTeIBk4IvzsRekHQksfEKkk,"hindu_temple, tourist_attraction, place_of_worship, point_of_interest, establishment,historical",Dharbandora,15.4390499,74.2525571,,
Dolphin Point,"Fort Aguada Rd, Aguada Fort Area, Candolim, Goa 403515, India",4.3,4270,ChIJ78Pnrg7BvzsRDdqimlbAw_c,"tourist_attraction, point_of_interest, establishment,viewpoint",Tiswadi (Panaji),15.4972198,73.781824,,
Aguad Port & Jail Complex,"Parking, Aguada Fort, Aguada - Siolim Rd, Aguada Fort Area, Candolim, Goa 403515, India",4.1,523,ChIJIdHV6h3BvzsRcWh-MTFt5S4,"tourist_attraction, art_gallery, museum, restaurant, food, point_of_interest, establishment",Bardez (Mapusa),15.4926341,73.7771255,,flag
Wax World Museum,"GW27+4G6, Old Goa, Goa 403402, India",3.4,1997,ChIJ751RXI2-vzsRLoDZRIDrQc4,"tourist_attraction, museum, point_of_interest, establishment",Salcete (Margao),15.5002895,73.9136885,,
Shiva's Face,"HPRM+XGJ Ozran Beach, Vagator, Goa 403509, India",4.3,1427,ChIJXZmiGnfpvzsRHiMVouy_NnE,"tourist_attraction, point_of_interest, establishment,viewpoint",Bardez (Mapusa),15.5924547,73.7337776,,
Vagator beach Goa india,"Vagator, Anjuna, Goa 403509, India",4.4,30,ChIJj20T8_3pvzsRxe68CHW8xFw,"tourist_attraction, point_of_interest, establishment,beach",Bardez (Mapusa),15.587991,73.7345501,,
"Viceroys Arch, Goa","Old Goa, Goa 403402, India",4.4,1143,ChIJrRLnXou-vzsRTmy-Yn5wi5A,"tourist_attraction, point_of_interest, establishment,historical",Salcete (Margao),15.5057585,73.9137064,,
Archaeological Museum of Goa,"GW36+797, behind Se Cathedral, Old Goa, Goa 403402, India",4.3,935,ChIJkRYoGPO-vzsRJtAbk3TQPEc,"tourist_attraction, museum, point_of_interest, establishment,historical",Salcete (Margao),15.503157,73.9109342,,
Vagator Beach View,"HPXM+Q9F, Vagator, Goa 403509, India",4.5,1852,ChIJc5ouLHDpvzsR9nHjejLY4e4,"tourist_attraction, point_of_interest, establishment,beach,viewpoint",Bardez (Mapusa),15.5994407,73.7334125,,
Mystic Woods,"C2G6+Q47, Ponda, Pisgal, Priol, Goa 403404, India",3.8,608,ChIJI2vEMie7vzsRj6GD15iAWac,"tourist_attraction, museum, park, point_of_interest, establishment,nature",Ponda,15.4295587,74.0124491,,
Tambdi Surla Waterfalls,"Surla, Goa 403406, India",4.6,460,ChIJBaXfv4oIvzsRw_tzqN9h6gs,"tourist_attraction, park, point_of_interest, establishment,waterfall,nature",Dharbandora,15.4564974,74.2713281,,
Corjuem Fort,"Off, Road, Corjuem, Aldona, Goa 403508, India",3.9,1078,ChIJi420u6uVvzsRqLpaRPrq6SI,"tourist_attraction, point_of_interest, establishment,historical,fort",Bicholim,15.5968001,73.8927884,,
Salaulim Dam,"Kurdi, Ugem, Goa 403704, India",4.5,3800,ChIJh8I8MtOqvzsRWk2SI90FBNg,"tourist_attraction, point_of_interest, establishment,viewpoint,nature",Salcete (Margao),15.2127043,74.1788677,,
Uddo Beach,"JQC2+2F, Unnamed Road, 403517, Kudal, Siolim, Goa 403517, India",4.2,714,ChIJzZriTOLrvzsR1b9GVIihz0g,"tourist_attraction, point_of_interest, establishment,beach",Pernem,15.6208175,73.7498994,,
Campal Gardens,"Children Park, Campal, Altinho, Panaji, Goa 403001, India",4.3,2333,ChIJZ7IctYzAvzsRGFUrmuUJx6s,"tourist_attraction, park, point_of_interest, establishment,nature,wildlife",Tiswadi (Panaji),15.49806,73.818748,,
Fontainhas,"Fontainhas (quarter), Altinho, Panaji, Goa 403001, India",4.1,2363,ChIJEfYjUmPBvzsRZ7HsUoMFXIk,"tourist_attraction, point_of_interest, establishment,viewpoint",Tiswadi (Panaji),15.4954147,73.8313473,,
Hill Top View,"HPQQ+76M, Anjuna, Goa 403509, India",4.6,293,ChIJH95_kILpvzsRLbVIxsa6fjE,"tourist_attraction, point_of_interest, establishment,viewpoint",Bardez (Mapusa),15.5882184,73.7380413,,
Cabo De Rama Viewpoint,"3WXG+5R4, Kola, Canaguinim, Goa 403703, India",4.7,2384,ChIJc2d68MRJvjsReKyUHo_dEfI,"tourist_attraction, point_of_interest, establishment,viewpoint",Canacona,15.0978987,73.9270714,,
Bambolim Beach,"CVX2+RQR, Bambolim, Goa 403206, India",4.2,109,ChIJb-oRWo25vzsRYL3u1Oyxe_M,"tourist_attraction, point_of_interest, establishment,beach",Tiswadi (Panaji),15.4496162,73.8518753,,
Fountainhas bridge art,"FRWJ+WV6, Patto Pedestrian Bridge, Rio de ourem footbridge, Pedastrian Bridge, patto, Rua de Ourém, Patto Centre, Panaji, Goa 403001, India",4.2,1024,ChIJYYST-QnBvzsRO28HncMNPV0,"tourist_attraction, point_of_interest, establishment,viewpoint",Tiswadi (Panaji),15.497275,73.8321352,,
Chapora mangroves kayaking,"MR2C+94R, Chikhli, Kolval, Goa 403513, India",4.5,255,ChIJd6DGs6DtvzsROx2-Sy8BmTg,"tourist_attraction, point_of_interest, establishment,nature,adventure",Pernem,15.6509894,73.8202621,,
Jalavne falls,"J5XV+FH4, Dongurvada, Surla, Goa 403506, India",4.5,269,ChIJbzpKjoafvzsRaCj_J0aPg9Y,"tourist_attraction, point_of_interest, establishment,waterfall,nature,adventure,trek",Sattari (Valpoi),15.6486329,74.1939471,,
Neturlem Waterfall (Savri),"366J+FQM, Neturlim, Netravli, Goa 403704, India",4.7,1142,ChIJ9WBFt234vjsR5aNM4Prx2cA,"tourist_attraction, park, point_of_interest, establishment,waterfall,nature",Dharbandora,15.0612063,74.2319242,,
Shivling Waterfall,"H4WF+W3J, Pali, Goa 403506, India",4.5,299,ChIJF3XWiNqZvzsReeuhhhUnApM,"tourist_attraction, point_of_interest, establishment,waterfall,nature,adventure,trek",Sattari (Valpoi),15.5973284,74.1226416,,
Fort Aguada Lighthouse,"FQRF+RJG, Aguada - Siolim Rd, Sinquerium, Candolim, Aguada Fort Area, Goa, Candolim, Goa 403515, India",4.3,2481,ChIJTbWbIA3BvzsR-QwVIsn68-Y,"tourist_attraction, point_of_interest, establishment,viewpoint",Bardez (Mapusa),15.4920574,73.7740664,,
Backwaters Palolem,"Canacona, Goa 403702, India",4.6,473,ChIJ60HZJlpFvjsRKWwSX-EWbsQ,"tourist_attraction, point_of_interest, establishment,viewpoint,nature",Canacona,15.0135625,74.0163125,,
Chorla Ghat,"J4X9+RHM, SH 4, Charavade, Goa 403506, India",4.4,2184,ChIJeeyaw02ZvzsRCmMjgEHRsCc,"tourist_attraction, park, point_of_interest, establishment,nature,wildlife",Sattari (Valpoi),15.6495989,74.1189133,,
Goa Chitra Museum,"H.No. 498, near Auxilium High School, Pulvaddo, Benaulim, Goa 403716, India",4.2,3069,ChIJ-5PLmPSzvzsRqBoUBZmqYm4,"tourist_attraction, art_gallery, museum, point_of_interest, establishment",Salcete (Margao),15.2648991,73.9413364,,
Monkey Beach,"CQ2R+5F9, Unnamed Road, Bogda, Headland Sada, Vasco Da Gama, Mormugao, Goa 403804, India",3.9,310,ChIJo1f9PInHvzsROGswlHitpMs,"tourist_attraction, point_of_interest, establishment,beach",Mormugao (Vasco),15.4004081,73.7912483,,
Church of St. Francis of Assisi,"Off National Highway 4, Old Goa, Goa 403402, India",4.5,4807,ChIJ78JjO_O-vzsRRzk9_PvVgE0,"tourist_attraction, church, place_of_worship, point_of_interest, establishment,religious,historical",Salcete (Margao),15.5030158,73.911237,,
"Snow Park, Goa","Titos Lane, 2, Calangute - Baga Rd, Baga, Goa 403516, India",4.2,18763,ChIJXVO8PxvqvzsRta823KYFYvE,"tourist_attraction, amusement_park, point_of_interest, establishment",Bardez (Mapusa),15.5574607,73.7552656,,
Museum Of Christian Art,"Monte Santo (Holy Hill, next to St. Augustine Tower, Old Goa, Goa 403402, India",4.4,437,ChIJAQAAAIO-vzsRAl-vdrBfS3U,"museum, tourist_attraction, point_of_interest, establishment",Salcete (Margao),15.5011002,73.9069769,,
Goa Science Centre & Planetarium,"Marine Highway, Miramar, Panaji, Goa 403001, India",4.3,953,ChIJdeIJ_cLAvzsRv6JHTO2XsUI,"tourist_attraction, museum, point_of_interest, establishment",Tiswadi (Panaji),15.4774432,73.8089382,,
"Shri Nageshi Temple,","Bandiwade, Donshiwado, Ponda, Bandiwada, Goa 403401, India",4.8,2812,ChIJ9Z288fW6vzsRiiAZ44P99zg,"hindu_temple, tourist_attraction, place_of_worship, point_of_interest, establishment,historical",Ponda,15.4074651,73.9837259,,
Naval Aviation Museum,"Bogmalo Road, Vasco Da Gama, Bogmalo, Goa 403806, India",4.6,7127,ChIJoW7X1f7HvzsRsbml_wpjpE4,"tourist_attraction, museum, point_of_interest, establishment",Salcete (Margao),15.3746494,73.8387763,,
Ambora Spring,"8XPQ+PH9, Loutolim, Goa 403718, India",4.2,245,ChIJ8YcmYFOwvzsRJ_P1iH_ckHE,"tourist_attraction, point_of_interest, establishment,nature,viewpoint",Salcete (Margao),15.3367963,73.9889898,,
Cola Beach,"Cola Beach Rd, Kola, Goa 403702, India",4.6,11157,ChIJN7gFSwNPvjsRikm58eoZL_U,"tourist_attraction, point_of_interest, establishment,beach",Canacona,15.0573292,73.9718316,,
Fernandes Heritage House,"Fort Area Salcette, Cotta Diasvaddo, Chandor, Guirdolim, Goa 403714, India",4.3,367,ChIJVd1h6pitvzsRpMu8Fjh2Paw,"tourist_attraction, point_of_interest, establishment",Sanguem,15.2558395,74.0518574,,flag
Splashdown Waterpark,"Calangute-Anjuna Main Road, Padre Agnel Vaddo, Gauvaddi, Anjuna, Near Double Tree Hilton Hotel, Bardez, Goa 403509, India",3.6,1923,ChIJMS8RWSXqvzsRD_BatlAomOk,"tourist_attraction, amusement_park, point_of_interest, establishment,waterpark",Bardez (Mapusa),15.579003,73.758791,,
San Thome Museum Back in Time,"Dabolim - Cavelossim Rd, Chadwado, Varca, Goa 403721, India",4,634,ChIJydtqTn-zvzsRWQIc9YRezQ8,"museum, tourist_attraction, point_of_interest, establishment",Salcete (Margao),15.2398339,73.941495,,
Houses of Goa Museum,"House No, 674, Torda, near Nisha's Play School, Alto Porvorim, Salvador du Mundu, Penha de Franc, Goa 403521, India",4.2,3706,ChIJAxaYkwrAvzsRMoGzIYj2STg,"museum, cafe, tourist_attraction, book_store, point_of_interest, food, store, establishment",Tiswadi (Panaji),15.5303209,73.8406749,,
Sinquerim Beach,"FQX8+MXF, Sinquerim, Candolim, Goa 403519, India",4.6,481,ChIJM5xmqdrBvzsR0UQsbvbKJDA,"tourist_attraction, point_of_interest, establishment,beach",Bardez (Mapusa),15.4991764,73.7674326,,
Azad Maidan,"GR2G+2FW, MG Road, near Head Quarters, Opposite Azad Maidan, Ozari, Panaji, Goa 403001, India",4.2,1824,ChIJf9whPInAvzsR6nE1kxWvW1Y,"tourist_attraction, park, point_of_interest, establishment,viewpoint,historical",Tiswadi (Panaji),15.500124,73.8261919,,
Bondla Wildlife Sanctuary,"C4R4+2HR, Usgao-Ganjem VP, Goa 403406, India",4,3408,ChIJ1TJ8b1akvzsRjgW-y7x27sQ,"zoo, tourist_attraction, point_of_interest, establishment,nature,wildlife",Dharbandora,15.4401104,74.1063776,,
"St. Cajetan Church, Goa","GW48+62M, Old Goa, Goa 403402, India",4.6,860,ChIJPzptf4u-vzsRYl7FhM9LGJc,"tourist_attraction, church, place_of_worship, point_of_interest, establishment",Salcete (Margao),15.5055969,73.9150423,,
Sadolxem Bridge,"48, MDR48, Delem Village, Canacona, Poingunin, Goa 403702, India",4.5,990,ChIJucl85utavjsRx0zsCYQOJGo,"tourist_attraction, point_of_interest, establishment,viewpoint",Canacona,14.9944081,74.0582379,,
Capela de Santa Catarina de Alexandria,"GW36+953, Old Goa, Goa 403402, India",4.3,178,ChIJNcH7EPO-vzsRl1RKlSloJoI,"tourist_attraction, church, place_of_worship, point_of_interest, establishment,historical,religious",Salcete (Margao),15.503375,73.910435,,
,,,,,,,,,,
,,,,,,,,,,
Goosebumps Virtual Escape,"first floor, 516/2, Calangute - Baga Rd, Arpora, Baga, Goa 403509, India",4.9,2106,ChIJ92vg_37rvzsRdvBfxHb-CS0,"tourist_attraction, amusement_park, point_of_interest, store, establishment",Tiswadi (Panaji),15.5692012,73.7578682,,
,,,,,,,,,,
Baga Beach,"Tito's Ln, Baga, Calangute, Goa 403516, India",4.5,41273,ChIJwwC70xzqvzsRwtCdkhYXhE0,"point_of_interest, establishment,beach,nightlife",Bardez (Mapusa),15.5581911,73.7506843,,
Offbeat Goa Space,"Offbeat Goa Space Chinvar, opp. Hacienda de Goa, Anjuna, Vagator, Goa 403509, India",4.4,10,ChIJh1ASFmzrvzsR62kuwi21yn4,"store, point_of_interest, establishment,nightlife",Bardez (Mapusa),15.5930548,73.7520836,,
Anjuna sand Beach,"4241a, Calangute - Arpora Rd, Agar Vaddo, Prabhu wada, Calangute, Anjuna, Goa 403509, India",4.4,236,ChIJM8kiU6rrvzsRBj870doD4-E,"point_of_interest, establishment,beach,nature,nightlife",Pernem,15.5724968,73.7413421,,
Rock Forest Goa,"H. No, 1/57 B, Gaura waddo, behind Gomes Racing Track, near Peoples High School, Calangute, Goa 403511, India",4.7,183,ChIJ_ZUI4OnBvzsRncEH71J_jeQ,"tourist_attraction, lodging, point_of_interest, establishment",Bardez (Mapusa),15.5304007,73.7713409,,
,,,,,,,,,,
,,,,,,,,,,
,,,,,,,,,,
Baga kayaking - Vhoddekar,"Calangute - Baga Rd, Saunta Vaddo, Calangute, Goa 403516, India",4.9,1478,ChIJUZcw0bXrvzsR7SWTFIrxfkA,"tourist_attraction, travel_agency, point_of_interest, store, establishment,adventure",Bardez (Mapusa),15.5557145,73.7638814,,
Exploring Goa,"Oppostite Tarcar Ice Factory, Gauravaddo, Calangute, Goa 403515, India",4.9,53,ChIJc8WaOwnBvzsRIBBWuYSY5fw,"tourist_attraction, travel_agency, lodging, point_of_interest, establishment",Bardez (Mapusa),15.5320191,73.7624252,,
Casino Pride,"Captain Of Ports Jetty, Casino Pride, Panaji, Goa 403001, India",4.1,17952,ChIJAQAAAJTAvzsRP4-RtdRQHng,"casino, tourist_attraction, night_club, bar, point_of_interest, establishment",Tiswadi (Panaji),15.5014739,73.8278952,,
Cavelossim Beach,"5WCR+QPX, Cavelossim Rd, Cavelossim, Goa 403731, India",4.6,949,ChIJLYXba5JNvjsR3qfx825JZX8,"point_of_interest, establishment,beach",Salcete (Margao),15.1719963,73.9418611,,
Anjuna Flea Market,"HPGR+FM4, Monteiro Vaddo, Anjuna, Goa 403509, India",4,1931,ChIJFY-F1BLpvzsRyVdPrarA5bs,"point_of_interest, establishment,market,shopping",Pernem,15.5720689,73.7419735,,
Hill Top Goa,"Hilltop, Ozran Beach Rd, near St. Michael's School, Vagator, Goa 403509, India",4.5,6599,ChIJDz2o1n7pvzsRlVYVpfwcGg0,"point_of_interest, establishment,nightlife",Bardez (Mapusa),15.5931968,73.7423909,,
,,,,,,,,,,
Goa Water Sports Activities and Boat Tours,"near Carvalho's Bar & Restaurant Old Petrol Pump, Calangute, Goa 403516, India",4.3,4234,ChIJuT9rLsHrvzsRdSNYqdI0qUQ,"travel_agency, school, point_of_interest, establishment,adventure",Bardez (Mapusa),15.5450466,73.7625115,,
Dolphin Adventures Goa (Sinquerim Jetty),"Fort aguada road sinquerim jetty candolim, Panaji, Goa 403515, India",4.1,671,ChIJIz69SNrBvzsRE5i32ju2Ays,"travel_agency, point_of_interest, establishment,adventure",Tiswadi (Panaji),15.4972169,73.7818865,,
,,,,,,,,,,
,,,,,,,,,,
,,,,,,,,,,
,,,,,,,,,,
Cola beach kayaking - ADI kayaking service,"Cola Beach Rd, Canacona, Kola, Goa 403702, India",4.6,505,ChIJXwPVMhdbvjsRu59-xLH3ecw,"tourist_attraction, travel_agency, point_of_interest, store, establishment,adventure",Canacona,15.0573791,73.9713667,,
,,,,,,,,,,
Wet 'n Wild Goa,"near Joy n Celebrations Wedding Venue, near Turf on Top, Gansim, Maina, Goa 403108, India",4.3,455,ChIJZbK6YVe5vzsRiRqeah_a3Qo,"lodging, point_of_interest, establishment",Tiswadi (Panaji),15.4597449,73.9032011,,
Fort Tiracol Goa,"Taluka, Pernem, Tiracol, Goa 403524, India",4.3,3778,ChIJp9s4gCfwvzsRMv-zSTSCEVY,"lodging, point_of_interest, establishment,fort",Bardez (Mapusa),15.7213751,73.686522,,
Montego Bay Beach Village - Beach Resort In North Goa,"Vithaldas Waddo, Morjim, Goa 403512, India",4.3,2127,ChIJZ1Sh30vpvzsRn02K543oOMU,"bar, lodging, restaurant, food, point_of_interest, establishment",Pernem,15.6279066,73.7285128,,
Tropical Spice Plantation,"H.No. A-14, Arla Bazar, Ponda, Keri, Goa 403404, India",4.1,2153,ChIJ0bVnNrm6vzsRIZDi6tHyqmM,"point_of_interest, establishment,nature,trek",Ponda,15.4527447,74.0107308,,
Candolim Beach Water Sports,"Candolim Rd, Candolim, Calangute, Goa 403516, India",4.3,934,ChIJB9aW60rBvzsRh8LHIhKk6fM,"school, travel_agency, store, point_of_interest, establishment,adventure",Bardez (Mapusa),15.5333171,73.7621735,,
,,,,,,,,,,
Artjuna Cafe - Anjuna,"972, Market Rd, Monteiro Vaddo, Anjuna, Goa 403509, India",4.2,9070,ChIJVVVVVYbpvzsR4jXMTlDlgpA,"restaurant, jewelry_store, cafe, clothing_store, bar, food, library, store, point_of_interest, establishment",Bardez (Mapusa),15.5808936,73.7475441,,
Majestic Pride Casino,"Majestic Pride Jetty at River Mandovi Near District And Sessions Court, 27, Rua 31 de Janeiro, Altinho, Panaji, Goa 403001, India",4,6939,ChIJjegsF0jBvzsRndaK4QiTcYY,"casino, lodging, restaurant, food, point_of_interest, establishment,nightlife",Tiswadi (Panaji),15.5004674,73.8316279,,
Phoenix Casino Goa,"Pilerne - Candolim Rd, Saipem, Candolim, Marra, Goa 403511, India",4.7,238,ChIJ_4MNpbTBvzsRt7Q-Ap9wMV4,"casino, tourist_attraction, bar, restaurant, food, store, point_of_interest, establishment,nightlife",Tiswadi (Panaji),15.5198106,73.794018,,
,,,,,,,,,,
Goa The Village Agonda,"279/a dawalkhazen agonda Agonda beach road dawalkhazen agonda, Canacona, Goa 403702, India",4.5,265,ChIJzQbI6HVPvjsRUeyFZPkd-TM,"bar, lodging, restaurant, food, health, point_of_interest, establishment",Canacona,15.0471503,73.9851229,,
W Goa,"Vagator Beach, Bardez, Goa, 403509, India",4.6,7783,ChIJn3MIgG_pvzsRfuIlXe1SYEY,"lodging, point_of_interest, establishment",Bardez (Mapusa),15.6024636,73.7369477,,
Wildernest Nature Resort,"off Sankhali, Ghats, Chorla, Charavade, Goa 416512, India",4.5,2005,ChIJi3KUwlGZvzsRnj5X9TJEyHs,"lodging, point_of_interest, establishment",Sattari (Valpoi),15.6497778,74.1150948,,
,,,,,,,,,,
,,,,,,,,,,
Goa Boat Cruise,"Naika, Khobra Waddo, Calangute, Goa 403516, India",4.3,248,ChIJ30-vbvPrvzsRs8LCe9lorto,"travel_agency, point_of_interest, establishment",Bardez (Mapusa),15.5457754,73.7610371,,
Old Goa,"Old Goa, Goa, India",0,0,ChIJoZAO8Iy-vzsRdjnRm5YEPZw,"locality, political,village",Salcete (Margao),15.5013509,73.9134937,,
Church of the Cross of Miracles,"FWR7+V92, Ella, Old Goa, Goa 403110, India",4.7,513,ChIJfU7MxZS-vzsR0AG4t-cAHE8,"tourist_attraction, church, place_of_worship, point_of_interest, establishment,religious,historical",Salcete (Margao),15.492147,73.913386,,
Churches and Convents of Goa,"GW26+WPJ, Old Goa, Goa 403402, India",4.6,218,ChIJuYbOebq_vzsR4EdqL-jhF2E,"point_of_interest, establishment,religious",Salcete (Margao),15.5023377,73.9117653,,
Mae De Deus Church,"GQWP+R47, Chogm Rd, Muddavaddi, Saligao, Goa 403511, India",4.4,3887,ChIJFbog2NfBvzsRlZ2Ry-UD8g0,"tourist_attraction, church, place_of_worship, point_of_interest, establishment,religious,historical",Bardez (Mapusa),15.5470308,73.7853113,,
Three Kings Chapel,"9W62+679, Muder, Cansaulim, Consua, Goa 403712, India",4.3,3020,ChIJE-lpKHC3vzsRDHehd03s_ik,"tourist_attraction, church, place_of_worship, point_of_interest, establishment,religious,historical",Salcete (Margao),15.3605246,73.9007519,,
Our Lady of Merces Church,"Colva Beach Rd, near Infant Jesus High School, Fatona, Colva, Goa 403708, India",4.6,1005,ChIJgzYWXhu0vzsRfZwjXKrB9Ms,"tourist_attraction, church, place_of_worship, point_of_interest, establishment,religious,historical",Salcete (Margao),15.2784948,73.9224645,,
Our Lady of Grace Church,"7XF5+9HM, Isidorio Baptista Rd, Pajifond, Madgaon, Goa 403601, India",4.5,1560,ChIJLZPlLeizvzsRtDw4-0Z1nns,"tourist_attraction, church, place_of_worship, point_of_interest, establishment,religious,historical",Salcete (Margao),15.273472,73.958916,,
"Our Lady of Good Hope Church, Candolim","GQ9G+5WW, Candolim, Goa 403511, India",4.5,655,ChIJj8rE_7vBvzsRoMEWGV1J-Nc,"tourist_attraction, church, place_of_worship, point_of_interest, establishment,religious,historical",Tiswadi (Panaji),15.5179909,73.777324,,
Our Lady of Fatima Church - Don Bosco Panjim,"Don Bosco, MG Road, Panjim, Panaji, Goa 403001, India",4.7,798,ChIJ68trVozAvzsRaVyUmInnBCo,"church, place_of_worship, point_of_interest, establishment,religious,historical",Tiswadi (Panaji),15.4967764,73.821457,,
St. Jerome Church,"HRQ9+Q9R, Market Rd, Angod, Mapusa, Goa 403507, India",4.6,1209,ChIJ6W_gAd7qvzsRJwDxJqg3318,"tourist_attraction, church, place_of_worship, point_of_interest, establishment,religious,historical",Bardez (Mapusa),15.589499,73.818388,,
Holy Cross Shrine,"FV27+VP8, Siridao, Bambolim, Goa 403202, India",4.8,588,ChIJK84awre4vzsRHJvfRAEHflo,"church, place_of_worship, point_of_interest, establishment",Tiswadi (Panaji),15.4521705,73.8643258,,
St Anthony Church,"JQ7C+Q6J, Duler-Marna-Siolim Rd, Kudal, Siolim, Goa 403517, India",4.6,1741,ChIJv9czpurrvzsRgixBWE4MUgQ,"tourist_attraction, church, place_of_worship, point_of_interest, establishment",Pernem,15.614462,73.7705089,,
St. Andrew's Church,"9RWF+JPJ, Swatantra Path, Vaddem, New Vaddem, Vasco Da Gama, Goa 403802, India",4.5,1650,ChIJwQ43br3HvzsRKlPsZEgQzBs,"tourist_attraction, church, place_of_worship, point_of_interest, establishment",Mormugao (Vasco),15.399596,73.8173423,,
Church of Our Lady of Grace,"Old Goa, Goa 403402, India",4.4,1139,ChIJxapT8fG-vzsRv5zxNSl-WWI,"church, place_of_worship, point_of_interest, establishment",Salcete (Margao),15.5002453,73.9061058,,
Our Lady Of Pilar Church,"CVRV+QFF Church of Our Lady of Pilar, Fr. Agnel Church, Goa Velha, Goa 403203, India",4.8,674,ChIJc4cPWB-5vzsRB5tSVBRmjlw,"church, place_of_worship, point_of_interest, establishment",Tiswadi (Panaji),15.4419078,73.8936199,,
Our Lady of Piety Church,"GWG2+556 Diver Island, Piedade, Goa 403403, India",4.5,907,ChIJEwdWYU--vzsRao8N7k9UurM,"tourist_attraction, church, place_of_worship, point_of_interest, establishment",Sattari (Valpoi),15.525597,73.9004056,,
Santa Cruz Church,"FRGV+CWV, Santa Cruz, Goa 403005, India",4.5,585,ChIJXUdVIFm_vzsR3203CpoRWx0,"church, place_of_worship, point_of_interest, establishment",Sattari (Valpoi),15.4761125,73.8447969,,
Church of Our Lady of the Rosary,"GW23+PX9, Old Goa, Goa 403402, India",4.5,127,ChIJ89dPoPG-vzsRpKOATjYJRvE,"church, place_of_worship, point_of_interest, establishment",Salcete (Margao),15.501778,73.9049807,,
St. Diogo's Church,"Sangolda, Goa 403510, India",4.5,449,ChIJqSzzbY_qvzsRHhDqLOqL2iY,"church, place_of_worship, point_of_interest, establishment",Bardez (Mapusa),15.5614189,73.8034299,,
Limitless Church Goa,"Limitless Church, 4th Floor, Panjim Convention Centre, Mala, Panaji, Goa 403001, India",4.9,43,ChIJ4bo7-mTBvzsR9tY_0z4d7AE,"church, place_of_worship, point_of_interest, establishment",Tiswadi (Panaji),15.4876395,73.8323398,,
St. Ann's Church,"FVHR+6MW Santana, Talauim, Goa 403006, India",4.6,257,ChIJLQE-VNi-vzsRz50PIq-vPYQ,"tourist_attraction, church, place_of_worship, point_of_interest, establishment",Tiswadi (Panaji),15.4781079,73.891706,,
"St. Lawrence's Church, Sinquerim","FQVJ+HQ8, Aguada - Siolim Rd, near Aguada Fort, Sinquerim, Candolim, Goa 403515, India",4.5,492,ChIJTyDobA_BvzsRqBnIYAKyKVo,"tourist_attraction, church, place_of_worship, point_of_interest, establishment",Tiswadi (Panaji),15.4939002,73.7819478,,
Bom Jesus Church Nachinola,"HVP3+8XR, Nachinola, Goa 403508, India",4.4,675,ChIJ145utzqVvzsRHV-9mPbR4jY,"tourist_attraction, church, place_of_worship, point_of_interest, establishment",Bardez (Mapusa),15.5858484,73.8548966,,
Igreja de São João Batista,"Volvaddo, Pilern, Goa 403114, India",4.6,133,ChIJ69_9yUbAvzsR1rQMB3dM1lc,"church, place_of_worship, point_of_interest, establishment",Tiswadi (Panaji),15.5220518,73.8125195,,
"St. Sebastian's Chapel, Goa","FRWJ+F8M, Fontainhas (quarter), Altinho, Panaji, Goa 403001, India",4.4,436,ChIJefaaeYXAvzsRhVfqZuOAkRM,"tourist_attraction, church, place_of_worship, point_of_interest, establishment",Tiswadi (Panaji),15.4961996,73.830776,,
St. Inez Church,"FRRC+G5Q, St. Inez, Altinho, Panaji, Goa 403001, India",4.4,903,ChIJSyUm7pLAvzsRdNjYcRuUOLs,"tourist_attraction, church, place_of_worship, point_of_interest, establishment",Tiswadi (Panaji),15.491332,73.820494,,
Chapel of St. Francis Xavier,"GW29+8M5, Old Goa, Goa 403402, India",4.5,340,ChIJL5VuzY--vzsRomHlFP3bsyI,"tourist_attraction, church, place_of_worship, point_of_interest, establishment",Salcete (Margao),15.5007503,73.9192267,,
St. Francis Xavier’s Church,"9223+PJC, Borim, Goa 403103, India",4.4,985,ChIJ75e8IkewvzsR7jnJJY9RgFQ,"tourist_attraction, church, place_of_worship, point_of_interest, establishment",Dharbandora,15.3518189,74.0040095,,
"St. Alex Church, Curtorim","72QC+QP8, Curtorim, Shelvan, Goa 403709, India",4.5,678,ChIJgZGLQQKyvzsRclzx8MZks8E,"tourist_attraction, church, place_of_worship, point_of_interest, establishment",Salcete (Margao),15.2894037,74.0218254,,
"St. Christopher's Church, Tivim","JVF4+GQQ, Paina Wadda, Opposite Panchayat, Bardez, Tivim, Goa, Tivim, Goa 403502, India",4.7,295,ChIJF5QmB7mUvzsRnYe4Oy9coVQ,"tourist_attraction, church, place_of_worship, point_of_interest, establishment",Pernem,15.6238293,73.8569898,,
"São Pedro Church, Goa","GV2W+4VH, Old Goa, Baingini, Goa 403402, India",4.5,91,ChIJ624yk_q-vzsRS1inwISMJ4Y,"tourist_attraction, church, place_of_worship, point_of_interest, establishment",Tiswadi (Panaji),15.5002292,73.8972411,,
"Our Lady of Snows Church, Raia","Sonarwaddo, Raia, Goa 403720, India",4.6,119,ChIJ3bie6XWxvzsR7b7zxgGwB6g,"church, place_of_worship, point_of_interest, establishment",Salcete (Margao),15.3139982,73.9847831,,
Holy Trinity Church,"7W2M+WRF, Benaulim, Goa 403716, India",4.6,610,ChIJc6npdne0vzsRucTviV3YaZU,"tourist_attraction, church, place_of_worship, point_of_interest, establishment",Salcete (Margao),15.2521614,73.9345535,,
St. Michael's Church,"Junction, Anjuna Beach Road, Bouta Waddo, Chapora, Anjuna, Goa 403510, India",4.5,614,ChIJtQOjQTPqvzsRK9oqbZt9oI0,"tourist_attraction, church, place_of_worship, point_of_interest, establishment",Bardez (Mapusa),15.5899919,73.7642162,,
St Bartholomew's Church,"GVWH+XQX, Church Road, Belbhat, Madel, Goa 403102, India",4.6,116,ChIJ8UYY29C_vzsRmc1yVq56HFc,"tourist_attraction, church, place_of_worship, point_of_interest, establishment",Bicholim,15.5474805,73.8794769,,
St. Clara's Church,"Assonora, Asnode, Goa 403503, India",4.5,183,ChIJgXUNpV6UvzsR1UuvpU-LdeE,"tourist_attraction, church, place_of_worship, point_of_interest, establishment",Bicholim,15.6185641,73.8945492,,
Our Lady of Gloria Church,"6WJV+QHF, Varca, Goa 403721, India",4.5,416,ChIJR-WBCXuzvzsR2F9BDeUDbMc,"church, place_of_worship, point_of_interest, establishment",Salcete (Margao),15.2319418,73.9439089,,
Our Lady Of Miracles Church,"FWR7+X9G, Old Goa, Goa 403110, India",4.7,97,ChIJN1VVpu2-vzsRlQkcMrUJn4A,"tourist_attraction, church, place_of_worship, point_of_interest, establishment",Salcete (Margao),15.4924326,73.9134459,,
Capela de São Sebastião,"Junction, Aguada - Siolim Rd, opposite Pinto Mansion, Arpora, Goa 403516, India",4.3,130,ChIJDyj6pBbqvzsR6PtSOPJwa9s,"church, place_of_worship, point_of_interest, establishment",Bardez (Mapusa),15.5634745,73.7647786,,
Church and Convent of St. John of God,"Monte Santo, Old Goa, Goa 403402, India",4.5,56,ChIJWbMUFfK-vzsRxQGL0-uPxFM,"tourist_attraction, church, place_of_worship, point_of_interest, establishment",Salcete (Margao),15.5007488,73.9078115,,
Our Lady of the Sea Church,"JQHH+XFX, Oshal, Goa 403507, India",4.7,99,ChIJ_eSN7I7rvzsRvSyVZvgdzg0,"tourist_attraction, church, place_of_worship, point_of_interest, establishment",Pernem,15.6299914,73.7787372,,
Bible Church Goa,"406, 4th Floor, Gera Imperium 2, above Ritz Classic Restaurant, Patto Centre, Panaji, Goa 403001, India",5,31,ChIJA03QsezAvzsRpCtFdbh5sOE,"church, place_of_worship, health, point_of_interest, establishment",Tiswadi (Panaji),15.4933117,73.8362419,,
Our Lady of Rosary Church,"FR74+4CC, Caranzalem, Taleigao, Durgavado, Goa 403004, India",4.8,69,ChIJDX15j0zBvzsRLRYityi0Tdo,"church, place_of_worship, point_of_interest, establishment",Tiswadi (Panaji),15.4628051,73.8060003,,
St. Thomas’ Church,"St. Thomas Church, Cottarbhat, Bardez, Aldona, Goa 403508, India",4.7,449,ChIJcz6PhxqVvzsRuMkNPmlkyW8,"tourist_attraction, church, place_of_worship, point_of_interest, establishment",Bicholim,15.5886702,73.8743444,,
Igreja de Santa Ana,"HQHH+HRX, Parra, Goa 403510, India",4.5,693,ChIJcVT1o0XqvzsRxGomyDsOAYE,"tourist_attraction, church, place_of_worship, point_of_interest, establishment",Bardez (Mapusa),15.5789951,73.7796048,,
St. Lawrence Martyr Church,"CVGX+54V, Near Syndicate Bank, Merkuri, Agaçaim, Goa 403204, India",4.4,420,ChIJVX7F0gW5vzsRPe8R0M_H168,"tourist_attraction, church, place_of_worship, point_of_interest, establishment",Tiswadi (Panaji),15.4254953,73.8978095,,
Convent of Santa Monica and The Chapel of The Weeping Cross,"GW24+CXQ Monte Santo, Old Goa, Goa 403402, India",4.6,111,ChIJ1TGrOvK-vzsR97M1pNwn4yY,"tourist_attraction, place_of_worship, point_of_interest, establishment",Salcete (Margao),15.5009908,73.9073793,,
St. Francis Xavier’s Church Duler,"Duler Ground Rd, opp. Sankalp Hospital Building, Alto Duler, Karaswada, Mapusa, Goa 403526, India",4.5,496,ChIJsVb74BjrvzsR97sR_JuTdAE,"church, place_of_worship, point_of_interest, establishment",Bardez (Mapusa),15.603661,73.817261,,
Holy Family Church,"NH 66, Alto Porvorim, Porvorim, Salvador du Mundu, Goa 403521, India",4.6,592,ChIJSbkiuBbAvzsRDAx_bWfwhnQ,"church, place_of_worship, point_of_interest, establishment",Tiswadi (Panaji),15.5341916,73.8235653,,
Our Lady of Miracles Church,"Road, Badem, Vagator, Assagao, Goa 403517, India",4.8,61,ChIJk4kTx97rvzsR2hCqZctn8iI,"church, place_of_worship, point_of_interest, establishment",Bardez (Mapusa),15.6079077,73.7523874,,
Faith Community Church,"near Kidzee school, Altinho, Mapusa, Goa 403507, India",4.8,139,ChIJ41A_1XTrvzsR5J3dOH6TcGM,"point_of_interest, establishment",Bardez (Mapusa),15.5924455,73.8177769,,
Shri Mahalasa Narayani Temple,"CXRF+638, Mardol, Priol, Goa 403404, India",4.8,7218,ChIJjwIevqS7vzsRmEMcHpIC0LA,"hindu_temple, tourist_attraction, place_of_worship, point_of_interest, establishment",Ponda,15.4405329,73.9727179,,
"Shri Ramnath Devasthan, Bandora","9XXJ+H8F, Ramnathim, Ponda, Bandiwada, Goa 403401, India",4.8,2763,ChIJAQAAALy6vzsR9lBaCux2meY,"hindu_temple, tourist_attraction, place_of_worship, point_of_interest, establishment",Ponda,15.3989676,73.9808124,,
Shri Kamakshi Temple,"82CM+9W7, Shiroda, Goa 403103, India",4.8,3751,ChIJPdxPUCGuvzsRlMdO5abGa8g,"hindu_temple, tourist_attraction, place_of_worship, point_of_interest, establishment",Ponda,15.3208241,74.0348146,,
Shree Shantadurga Temple,"Kapileswari - Kavlem Rd, Donshiwado, Ponda, Goa 403401, India",4.7,8275,ChIJrYu521bAvzsRMZ5n0rjkYnA,"hindu_temple, place_of_worship, point_of_interest, establishment",Ponda,15.3962235,73.9852776,,
Shree Mangesh temple,"CXV8+XH6, Dinanath Mangeshkar Rd, Mangeshi village, Mardol, Priol, Goa 403404, India",4.6,23175,ChIJAQAAALy6vzsR9rv-XA9g7a8,"hindu_temple, tourist_attraction, place_of_worship, point_of_interest, establishment",Ponda,15.4448919,73.9663431,,
"Mallikarjun Temple, Canacona","near mallikarjun temple, Shristhal, Canacona, Mallikarjun, Goa 403702, India",4.8,1379,ChIJEQrqGoBavjsRh6M68FG3VnU,"hindu_temple, place_of_worship, point_of_interest, establishment",Canacona,15.0227158,74.0763636,,
"Shree Saptakoteshwar Temple, Narva","HW3P+MVJ, Temple Road, near Saptakoteshwara Temple, Narva, Maem, Goa 403504, India",4.7,686,ChIJ3a5sPv69vzsRhRFPt21J4yM,"hindu_temple, place_of_worship, point_of_interest, establishment",Bicholim,15.5541678,73.9371746,,
Birla Mandir | Radha Krishna Mandir,"9VQG+545, Pilani, Sancoale, Goa 403726, India",4.8,2813,ChIJdxyGcmK5vzsR13qbjATeMEk,"hindu_temple, place_of_worship, point_of_interest, establishment",Salcete (Margao),15.3879374,73.8752534,,
Shri Shantadurga Kunkallikarin Temple,"Fatarpa, Goa 403703, India",4.8,2751,ChIJ6yERsa9NvjsR-mdVHMVj7po,"hindu_temple, tourist_attraction, place_of_worship, point_of_interest, establishment",Salcete (Margao),15.1437754,73.9920561,,
Tirupati Balaji Temple,"FX4F+GFH, Kumkaliem, Goa 403404, India",4.7,1896,ChIJfTbQ-5q7vzsRVIqwaY9pJ8E,"hindu_temple, place_of_worship, point_of_interest, establishment",Ponda,15.4563074,73.9737458,,
"Shree Ramnath Damodar Sansthaan, Goa","Zambaulim, Quepem, Goa 403705, India",4.8,1595,ChIJdz1rKzxTvjsRwaH6hzHpmN0,"hindu_temple, place_of_worship, point_of_interest, establishment",Canacona,15.1866463,74.0949954,,
Shri Mahalasa Narayani Devalaya,"Verna Industrial Estate, Verna, Lotli, Goa 403722, India",4.8,4719,ChIJsdmBW6SwvzsRdHowSm-kY-w,"hindu_temple, tourist_attraction, place_of_worship, point_of_interest, establishment",Dharbandora,15.3596731,73.9448662,,
Shri Chandreshwar Bhootnath Temple,"627P+5PQ, Unnamed Road, Talewada, Paroda, Goa 403705, India",4.7,1414,ChIJ0_uBqlCtvzsRSPxTyrAkFmM,"hindu_temple, tourist_attraction, place_of_worship, park, point_of_interest, establishment",Sanguem,15.2134237,74.0365689,,
Shri Dev Bodgeshwar Sansthan,"HRM4+V99, Calangute - Mapusa Rd, Mapusa, Goa, Mapusa, Goa 403507, India",4.8,3556,ChIJmXJVz_rqvzsRK_hbmAoRP2Y,"hindu_temple, tourist_attraction, place_of_worship, point_of_interest, establishment",Bardez (Mapusa),15.5846637,73.805974,,
Shree Mahalaxmi Temple,"FRWG+8J7, Dr Dada Vaidya Rd, next to Mushtifund, Situated, Saunthan, Panaji, Goa 403001, India",4.7,1114,ChIJO9qFUI7AvzsRwozHjNd4qpc,"hindu_temple, place_of_worship, point_of_interest, establishment",Tiswadi (Panaji),15.4957791,73.8265365,,
Laxmi Narasimha Temple,"CXMF+62H, Veling, Goa 403404, India",4.9,159,ChIJwXXrPAC7vzsRwq_gRMC53og,"hindu_temple, place_of_worship, point_of_interest, establishment",Ponda,15.4330458,73.9725648,,
Shri Devaki Krishna Temple,"Bicholim Road, Madel, Goa 403102, India",4.6,273,ChIJd55Mn7y_vzsRV27vCZz-6kE,"hindu_temple, tourist_attraction, place_of_worship, point_of_interest, establishment",Sattari (Valpoi),15.5213649,73.870741,,
Shri Shantadurga Fatarpekarin Temple,"4XWR+6FR, Fatarpa, Cuncolim, Goa 403703, India",4.8,730,ChIJOWe--q5NvjsRs7KlhSfwRCs,"hindu_temple, place_of_worship, point_of_interest, establishment",Salcete (Margao),15.1455425,73.9911349,,
Shri Navadurga Temple,"9286+FCH, Borim, Goa 403103, India",4.7,529,ChIJC76blBOwvzsRn03-gkLgyjI,"hindu_temple, tourist_attraction, place_of_worship, point_of_interest, establishment",Ponda,15.3661782,74.0111115,,
Shri Shantadurga Devasthan,"GQ79+6WC, Candolim, Goa 403515, India",4.6,1012,ChIJc-AclZfBvzsRRTRhOUOou1A,"hindu_temple, tourist_attraction, place_of_worship, point_of_interest, establishment",Bardez (Mapusa),15.51302,73.7697696,,
Shri Shantadurga Lakshminarasimha Temple,"CW22+85J, Sancoale, Goa 403710, India",4.6,558,ChIJt2V2Wre5vzsR0oqXaSJusFg,"hindu_temple, place_of_worship, point_of_interest, establishment",Tiswadi (Panaji),15.4008368,73.9003882,,
Shree Navadurga Temple,"CW9V+GC6, Madkai, Goa 403404, India",4.8,625,ChIJZ93paSy6vzsROAzAo0uhzMM,"hindu_temple, place_of_worship, point_of_interest, establishment",Ponda,15.4187934,73.9435096,,
Shantadurga Temple Gaonkarwada,"HWMX+XG3, Gaonkarwada, Dicholi, Goa 403504, India",4.7,375,ChIJyy7lnW2WvzsRfwEnkkCCFi4,"hindu_temple, tourist_attraction, place_of_worship, point_of_interest, establishment",Bicholim,15.5848897,73.9488047,,
"Shree Damodar, Temple","7XQ7+X79, Fatorda, Madgaon, Goa 403601, India",4.7,667,ChIJ-e0cpWGxvzsRAbBV0ZRV7LQ,"hindu_temple, tourist_attraction, place_of_worship, point_of_interest, establishment",Salcete (Margao),15.2899024,73.963249,,
Morjai Temple,"JPPQ+CXG, Morjim, Goa 403512, India",4.7,508,ChIJ9QLB6azuvzsR6HCy9IyNjeU,"hindu_temple, tourist_attraction, place_of_worship, point_of_interest, establishment",Pernem,15.63606,73.7399396,,
Shree Vimleshwar Temple,"5474+PQX, Main Road, Rivona, Goa 403705, India",4.7,582,ChIJl6T5zxRTvjsRbjYb7Ha3P7I,"hindu_temple, tourist_attraction, place_of_worship, point_of_interest, establishment",Canacona,15.1643649,74.1069956,,
Shree Shantadurga Samsthaana,"Khobra Waddo, Calangute, Goa 403516, India",4.6,381,ChIJFfbT5gnqvzsR5sr9H0NVZw0,"hindu_temple, place_of_worship, point_of_interest, establishment",Bardez (Mapusa),15.5458769,73.7645145,,
"Damodara Temple Loliem, South Goa","Shri Damodar Vidyalaya, Loliem, Goa 403728, India",4.4,81,ChIJQci9InpbvjsR81FrhPgDM7s,"hindu_temple, tourist_attraction, place_of_worship, point_of_interest, establishment",Canacona,14.942263,74.0704844,,
Shri Shani temple,"Moddir Mandop, Shaneshwar Nagar, Navelim, Dramapur, Goa 403725, India",4.7,245,ChIJGfgobFWyvzsR56P2bdkpq90,"hindu_temple, place_of_worship, point_of_interest, establishment",Salcete (Margao),15.2448652,73.9850796,,
Shree Damodar Mandir,"Dr Borges, Building nr, Childrens Park, Vaddem, Vasco Da Gama, Goa 403802, India",4.8,393,ChIJo02cU7zHvzsR5-DQ2RfvCHk,"hindu_temple, place_of_worship, point_of_interest, establishment",Mormugao (Vasco),15.3982086,73.815334,,
Kamakshi Temple Arch,"82CM+8XC, Shiroda, Goa 403103, India",4.8,200,ChIJyZ7-9QevvzsRFR22zt8ZYD4,"hindu_temple, place_of_worship, point_of_interest, establishment",Ponda,15.3208195,74.0348865,,
Shri Dattatreya Temple,"Desai Nagar, Sanquelim, Goa 403505, India",4.7,597,ChIJSYhATeCXvzsR_lN7IjVpyho,"hindu_temple, tourist_attraction, place_of_worship, point_of_interest, establishment",Sattari (Valpoi),15.5658875,74.0092031,,
Maruti temple panjim,"FRRH+58G, Altinho, Panaji, Goa 403001, India",4.8,150,ChIJUao4dXzBvzsR08uyAXvqWHw,"hindu_temple, place_of_worship, point_of_interest, establishment",Tiswadi (Panaji),15.4904426,73.8283984,,
Radha Krishna Temple,"H266+CVC, Gokulwadi, Desai Nagar, Sanquelim, Goa 403505, India",4.7,244,ChIJN57s1V69vzsRrMkPdWX28Ls,"hindu_temple, place_of_worship, point_of_interest, establishment",Sattari (Valpoi),15.56109,74.0121407,,
"Shri Swami Samarth, Temple","Audumbar nagar, 7XGP+34V, Samarth gad, Samarth Gad Rd, Housing Board, Rumdamol, Davorlim, Goa 403601, India",4.6,221,ChIJZRo9BTOyvzsR5lHY7xVsHLU,"hindu_temple, place_of_worship, point_of_interest, establishment",Salcete (Margao),15.275234,73.9853048,,
Shree Mahalasa Devi Temple,"Madhalamaj, Mandre, Pedne, Goa, Keri to Mapusa, Goa 403527, India",4.8,227,ChIJ34cZKPLuvzsRd1RrGTiogQw,"hindu_temple, place_of_worship, point_of_interest, establishment",Bardez (Mapusa),15.6691965,73.7184572,,
Shri Damodar Sal,"7XJ4+4Q9, Comba, Madgaon, Goa 403601, India",4.7,254,ChIJYfYxUuazvzsR1ADZVfi4QtA,"hindu_temple, tourist_attraction, place_of_worship, point_of_interest, establishment",Salcete (Margao),15.2802765,73.9570518,,
Bits pilani temple,"D-58, Pilani, Chicalim, Sancoale, Goa 403726, India",4.7,75,ChIJP7ti3Ce5vzsRN8dzJlMmYQg,"hindu_temple, place_of_worship, point_of_interest, establishment",Salcete (Margao),15.387899,73.8754283,,
Shri Krishna Temple,"FVX6+QGG, Ilhas, Chimbel, Goa 403006, India",4.8,25,ChIJRUtZt3O_vzsRR2jel1eO8B0,"hindu_temple, place_of_worship, point_of_interest, establishment",Tiswadi (Panaji),15.499444,73.8613183,,
Kamleshwar Temple,"PQ52+RJ9, Korgaon, Goa 403512, India",4.7,256,ChIJTar2S3SwvzsRbJqXvA8qDlA,"hindu_temple, tourist_attraction, place_of_worship, point_of_interest, establishment",Pernem,15.7095413,73.7516027,,
Radha Krishna Mandir,"FRWG+CH9, Near Mahalaxmi Temple, Altinho, Panaji, Goa 403001, India",4.7,65,ChIJFTOKV47AvzsRToe9oRwPg-0,"hindu_temple, place_of_worship, point_of_interest, establishment",Tiswadi (Panaji),15.496059,73.826468,,
Shri Shantadurga Kalangutkarin Temple (Mandir),"JWMG+R3Q, SH130, Nanora, Latambarcem, Goa 403503, India",4.7,327,ChIJN2M3iRqUvzsR6FK9I1W8DbM,"hindu_temple, tourist_attraction, place_of_worship, point_of_interest, establishment",Bicholim,15.6345969,73.9252188,,
Shri Sapthakoteshwar Temple,"C29X+R5G, Khandepar, Goa 403406, India",4.6,90,ChIJP12cnySlvzsR0OQMZW7r19Q,"hindu_temple, place_of_worship, point_of_interest, establishment",Dharbandora,15.4195678,74.0479434,,
Shree Lakshmi Ravalnath Temple,"GX75+CV9, Orgao, Goa 403107, India",4.8,73,ChIJKVwjwEe9vzsRvY1YY6QAqD0,"hindu_temple, place_of_worship, point_of_interest, establishment",Bicholim,15.5135369,73.959745,,
"Shree Ayappa Temple, Ponda Goa","Sapana Orchard Ayyappa Hills Ayyappa Hills, Road, Kurtarkar Nagari, Betora, Ponda, Goa 403401, India",4.7,121,ChIJg-6An7G6vzsRlD07W2bbrWc,"hindu_temple, place_of_worship, point_of_interest, establishment",Ponda,15.396881,74.022675,,
Shri Mahaganapati Temple,"NH 30, opp. Adwalpalkar Greens Estate, Khandola, Goa 403107, India",4.7,236,ChIJvUrXlUy8vzsRitpYtMHqu4M,"hindu_temple, place_of_worship, point_of_interest, establishment",Ponda,15.5128607,73.9661413,,
Shree Rudreshwar Devalay,"H22G+5C3, Rudreshwar Colony, Harvale, Goa 403505, India",4.6,233,ChIJcZHpTky9vzsRe7aTgYn0Zo4,"hindu_temple, tourist_attraction, place_of_worship, point_of_interest, establishment",Sattari (Valpoi),15.550383,74.0260349,,
Iskcon Bhakti Kutir (Hare Krishna Temple),"H2C8+G7F, SH 4, Desai Nagar, Sanquelim, Pariye, Goa 403505, India",4.6,19,ChIJS6KpjOSXvzsRZ3YU-DcLNns,"hindu_temple, place_of_worship, point_of_interest, establishment",Bicholim,15.5713588,74.0156619,,
Shri Jagannath Temple,"CX3F+WP3, Donshiwado, Bandoda, Bandiwada, Goa 403401, India",4.7,114,ChIJb6eM_1y6vzsRsmIjJdPbak8,"hindu_temple, place_of_worship, point_of_interest, establishment",Ponda,15.4048095,73.9742295,,
Shiv Mandir Nerul bardez Goa,"FQXH+PV4, Nerul, Goa 403511, India",4.4,71,ChIJD19zsQnBvzsRkwlYchtno6o,"hindu_temple, place_of_worship, point_of_interest, establishment",Tiswadi (Panaji),15.4992504,73.7796943,,
"Shri Mandodari Devi Temple, Betki","GX4Q+8X3, Betki, Khandola, Goa 403107, India",4.6,40,ChIJ5e9FCfq8vzsRROF-v_spH0k,"hindu_temple, place_of_worship, point_of_interest, establishment",Ponda,15.5057912,73.9898689,,
Mangeshi Temple,"Priol, Mardol, Goa 403404, India",4.6,310,ChIJtymMXL27vzsRumner5zdq-M,"transit_station, point_of_interest, establishment",Ponda,15.4465904,73.9700775,,
Kalimata Temple,"GQ4V+J2G Kalimata Temple, Nerul, Goa 403114, India",5,43,ChIJod_l4qPBvzsREhr_w9NrCyM,"hindu_temple, place_of_worship, point_of_interest, establishment",Tiswadi (Panaji),15.5066216,73.7926002,,
Alorna Fort,"PW24+35C, Alorna, Goa 403503, India",4.1,339,ChIJGZUMw06SvzsRD4ROWUW0Vr0,"tourist_attraction, point_of_interest, establishment",Bardez (Mapusa),15.7001787,73.9053878,,
Betul Fort,"Canaguinim, Goa, India",3.9,1499,ChIJobqioGVMvjsRBDAPLJzsyTk,"tourist_attraction, point_of_interest, establishment",Salcete (Margao),15.1409989,73.9506808,,
Forte de Tiracol,"PMCM+X4, Querim, Goa 403524, India",4.4,170,ChIJgWvbrUvxvzsRcF-cwddaVZo,"point_of_interest, establishment",Bardez (Mapusa),15.7213968,73.6865637,,
St. Estevam Fort,"St Estevam, Jua, St Estevam Island, Goa 403106, India",4.4,399,ChIJq6pa8MG9vzsR7Ku-9sMcN1U,"tourist_attraction, point_of_interest, establishment",Ponda,15.5360191,73.9543531,,
Rachol Historical Fort Gate,"Fr. Agnelo Rd, Rachol, Goa 403719, India",4.4,253,ChIJL8W_HpSxvzsRaq2Kt6ZU8x4,"tourist_attraction, point_of_interest, establishment",Salcete (Margao),15.3085464,74.000897,,
Farmagudi Fort,"CX7Q+2PW, NH 4A, Donshiwado, Ponda, Bandiwada, Goa 403401, India",4.6,18,ChIJ__-_zvC6vzsRSPY1enbIgUw,"point_of_interest, establishment",Ponda,15.412509,73.9891553,,
Colvale Fort,"JVM2+X6H, Tivim, Goa 403502, India",3.6,159,ChIJuXkS_a6UvzsRRN83nTSYxJ4,"point_of_interest, establishment",Pernem,15.6350543,73.8505712,,
Nanuz Fort,"G46M+RX3, Birondem VP, Nanuz, Goa 403506, India",4.3,15,ChIJ1SRNWCihvzsRFgMn8LWWgpE,"point_of_interest, establishment",Sattari (Valpoi),15.5120017,74.1349164,,
Yellur Fort,"Rajhunsgad Fort, Belagavi, Karnataka 590005, India",4.5,5320,ChIJCUZyt-tovzsR3v5buCMxljM,"tourist_attraction, point_of_interest, establishment",Sattari (Valpoi),15.7570903,74.5264991,,
maharaja dipaji rane's fort,"H284+PP8, Zariwada Vithallapur, Vithallapur, Sanquelim, Karapur, Goa 403505, India",4.1,30,ChIJ41L7g-CXvzsR18Ty6YoD0_0,"point_of_interest, establishment",Bicholim,15.5667848,74.0068242,,
Aguada fort photoshoot point,"FQRF+QJR, Aguada Fort Area, Candolim, Goa 403515, India",4.5,32,ChIJayK1XwDBvzsROqDbHKhn5u0,"tourist_attraction, point_of_interest, establishment",Bardez (Mapusa),15.4916926,73.7739531,,
Condy Fort,"6XGC+MPX, Sirlim, Devsua, Goa 403725, India",4.6,8,ChIJUdbhLgCzvzsRX99wRRZe8D0,"point_of_interest, establishment",Salcete (Margao),15.2265769,73.9720064,,
"Yashwantgad, Redi","QM38+55H, Redi, Khalchikar, Maharashtra 416517, India",4.7,497,ChIJG8KaP3DwvzsRMLO9iJRX5R0,"tourist_attraction, point_of_interest, establishment",Bardez (Mapusa),15.7529323,73.6654936,,
Fort of Mormugao,"CQ6V+MMV, Headland Sada, Vasco Da Gama, Goa 403803, India",3.8,75,ChIJL1-OdB3HvzsR4MgQ9kp6Clg,"point_of_interest, establishment",Mormugao (Vasco),15.4117376,73.7941706,,
Chandor fort,"7354+62V, Cotta Chandor Goa, Kantivaddo Ravora, Chandor, Guirdolim, Goa 403714, India",4.4,10,ChIJzdTxVOStvzsR9srFXvoRiYc,"point_of_interest, establishment",Sanguem,15.2581211,74.0550595,,
Sinquerim Fort view Point,"FQX7+2XG, Below Taj holiday village Sinquerim, beach, Aguada Fort Area, Candolim, Goa 403515, India",4.6,308,ChIJTYvlxXfBvzsRoLIpck2UZqE,"tourist_attraction, point_of_interest, establishment",Bardez (Mapusa),15.4975629,73.7649449,,
Reis Magos Fort Reception,"FRW5+VVP, Reis Magos, Verem, Goa 403109, India",4.3,20,ChIJHRjEbADBvzsRXU5We58fXGY,"point_of_interest, establishment",Tiswadi (Panaji),15.4972469,73.8094017,,
"Yashwant Gad Fort , Redi Fort","QM37+3V5, Redi, Khalchikar, Maharashtra 416517, India",4.6,638,ChIJ5VDKGXDwvzsRpFb4ORsxqFY,"tourist_attraction, point_of_interest, establishment",Bardez (Mapusa),15.7526466,73.6647408,,
Belagavi Fort,"VG5F+QP5, Belgaum Fort Area, Belagavi, Karnataka 590016, India",4.4,7454,ChIJn3frNcdmvzsRoLnZXhQnFgI,"tourist_attraction, point_of_interest, establishment",Sattari (Valpoi),15.8593875,74.5243594,,
Vagator Hill View,"Chapora Fort Trail, Vagator, Goa 403509, India",4.6,320,ChIJNb7bl2jpvzsRQJxMZFXA3vo,"park, point_of_interest, establishment",Bardez (Mapusa),15.6009571,73.7342742,,
Sankhali Fort,"H274+FRH, Market Rd, Desai Nagar, Sanquelim, Goa 403505, India",4,9,ChIJHVSYAjWXvzsRce_3QFJN3sw,"point_of_interest, establishment",Bicholim,15.5636883,74.0071034,,
"Cabo View Point, Panjim","FQ5X+V23, Raj Bhavan Rd, Dona Paula Jetty, Panaji, Goa 403004, India",4.5,848,ChIJAZNVij_BvzsRdAHEnNaGR6o,"tourist_attraction, point_of_interest, establishment",Tiswadi (Panaji),15.4596433,73.7975451,,
Fort Aguda Beach Resort,"Umtta Vaddo, Calangute, Goa 403516, India",4.4,198,ChIJv6ZPU-LBvzsReAh985eXiYE,"lodging, point_of_interest, establishment",Bardez (Mapusa),15.5426013,73.762876,,
Aguada View Point,"FQVM+953, Aguada Fort Area, Candolim, Goa 403515, India",4.4,168,ChIJSUuhlzHBvzsRzFgI7YQUpCU,"tourist_attraction, point_of_interest, establishment",Tiswadi (Panaji),15.493377,73.782929,,
Aguada Fort Ticket Counter,"Aguada - Siolim Rd, Sinquerim, Candolim, Goa 403515, India",3.9,59,ChIJl8SPaG_BvzsRDH0yEL8QGcY,"tourist_attraction, point_of_interest, establishment",Bardez (Mapusa),15.4934619,73.7747728,,
Raj Bhavan,"FQ7Q+7GJ, Raj Bhavan Road, Panaji, Dona Paula, Goa 403004, India",4.5,184,ChIJFyoNntXAvzsRoCRwQI-dbcs,"tourist_attraction, local_government_office, point_of_interest, establishment",Tiswadi (Panaji),15.4632024,73.7887565,,
Sunset View Point Colva,"7WF7+WCW, Colva, Goa 403708, India",4.5,425,ChIJNwkLZhi0vzsRBmJE7qIZZ_Q,"tourist_attraction, point_of_interest, establishment",Salcete (Margao),15.2748536,73.9135851,,
Mardan Gad,"92Q5+CQC, Kurtarkar Nagari, Betora, Goa 403401, India",4.3,42,ChIJ6ztbM6K6vzsR0qJQeFp1j-I,"point_of_interest, establishment",Ponda,15.3885728,74.0093857,,
Fort Mormugao (Entrance),"CQ6V+49G, Headland Sada, Vasco Da Gama, Goa 403803, India",3.8,5,ChIJA0wbPQDHvzsRB1d7XDjetBI,"point_of_interest, establishment",Mormugao (Vasco),15.4103248,73.7934457,,
"Indian National Flag, Aguada Fort","FQVF+6JF, Fort Aguada Rd, Aguada Fort Area, Candolim, Goa 403515, India",4.6,10,ChIJWwq-JwDBvzsRBcwj98mY6D0,"point_of_interest, establishment",Bardez (Mapusa),15.4929398,73.774347,,
Gaspar Dias Fort Cannon,"FRM5+8HX, Miramar Cir, Miramar, Panaji, Goa 403001, India",3.9,9,ChIJubGBBADBvzsRlm-GIwNxcew,"point_of_interest, establishment",Tiswadi (Panaji),15.4833578,73.8089759,,
Chhatrapati Shivaji Maharaj Fort छत्रपती शिवाजीचो किल्लो,"CX7Q+3MV, Donshiwado, Bandoda, Bandiwada, Goa 403401, India",4.4,1652,ChIJnVBfyvC6vzsRA1Clf2FdZ5E,"tourist_attraction, point_of_interest, establishment",Ponda,15.4127367,73.9891712,,
Kaurati's Caves,"Unnamed Road, Aguada Fort Area, Candolim, Goa 403515, India",4.5,1204,ChIJnRktZeLBvzsR0FO3uIXpDqk,"tourist_attraction, point_of_interest, establishment",Bardez (Mapusa),15.4942477,73.7666941,,
Thivim Fort,"JVM2+X5H, Tivim, Goa 403502, India",3.5,2,ChIJ___v_K6UvzsR7WAqHJQDxnc,"point_of_interest, establishment",Pernem,15.6349283,73.8504981,,
Zaago,"GVG3+M4Q, Betim–Penha de Franca–Pomburpa–Quitla-Aldona Rd, Bardez, Donwaddo, Salvador du Mundu, Goa 403101, India",4.2,87,ChIJ5VZ2d42_vzsRJg_YNH3hRlY,"tourist_attraction, point_of_interest, establishment",Sattari (Valpoi),15.5267184,73.8528737,,
"Museum of Goa, MOG","79, Estate, Pilerne Industrial Estates, Pilern, Goa 403511, India",4,8746,ChIJsz_IVjXAvzsRKB-KUSodijs,"cafe, art_gallery, food, museum, point_of_interest, establishment",Tiswadi (Panaji),15.525516,73.795263,,
Goa State Museum,"Patto Centre Building, Adilshaha Palace, Old Secretariat, Panaji instead of, Patto, Panaji, Goa 403001, India",3.8,799,ChIJC_YOKJvAvzsRxHcRKHiw_JQ,"museum, point_of_interest, establishment",Tiswadi (Panaji),15.5007546,73.829868,,
AAA All About Alcohol Museum,"Main Road, Candolim, Goa 403515, India",4.6,2010,ChIJ2dIMYnfBvzsREa3ZA2AyWyw,"museum, point_of_interest, establishment",Bardez (Mapusa),15.5095841,73.7693015,,
Pilar Seminary Museum,"CVVW+22W, Fr. Agnel Church, Pilar, Goa Velha, Goa 403203, India",4.8,46,ChIJQc3I1bm5vzsRdyf8hmJ3THs,"museum, point_of_interest, establishment",Tiswadi (Panaji),15.4425841,73.8950171,,
BENZ WAX MUSEUM & FISH AQUARIUM,"Junction, Calangute - Arpora Rd, near Arpora, Arpora, Goa 403516, India",4.6,27315,ChIJaQVTa_LrvzsRHDEKtziA-JE,"museum, point_of_interest, establishment",Bardez (Mapusa),15.5609664,73.7636452,,
Casa Araujo Alvares,"Loutolim, Goa 403718, India",4.2,230,ChIJQeTU91SwvzsR8j8HamK5f4U,"museum, point_of_interest, establishment",Salcete (Margao),15.3395692,73.9864543,,
Palácio do Deão,"Church, Opposite Holy Cross, Quepem, Goa 403705, India",4.4,730,ChIJ2ZYd-yitvzsRyJPT1dp816c,"tourist_attraction, restaurant, food, museum, point_of_interest, establishment",Quepem,15.2135835,74.0736286,,
Archaeological Survey of India,"GW36+79H, Old Goa, Goa 403402, India",4.4,11103,ChIJk8ZOOfO-vzsRKrPdHNmlgSE,"museum, point_of_interest, establishment",Salcete (Margao),15.5031845,73.9109878,,
Ashvek Vintage World Car Museum,"12/B, Nuvem, Goa 403713, India",3.7,346,ChIJA44p4y2xvzsRYjVq3GXi4sk,"museum, tourist_attraction, point_of_interest, establishment",Salcete (Margao),15.3211336,73.9414845,,
The Figueiredo Mansion,"Loutolim, Goa 403718, India",4.5,587,ChIJl4dvbvewvzsRIpK7JrHcKrI,"museum, lodging, point_of_interest, establishment",Salcete (Margao),15.3464604,73.979126,,
Ulta Pulta Museum,"UMIA QUATRO B, 5, Airport Rd, Green Valley, Dabolim, Ijorshi, Goa 403711, India",4,1120,ChIJG72jTQC5vzsR2st1JNppuI8,"museum, point_of_interest, establishment",Mormugao (Vasco),15.3870509,73.8452905,,
Kerkar Art Complex,"GQM6+7JM, Holiday St, Gauravaddo, Calangute, Goa 403516, India",3.5,39,ChIJJ9made_BvzsRIjH1r4LkwGs,"tourist_attraction, museum, point_of_interest, establishment",Bardez (Mapusa),15.5331651,73.761561,,
Charavane Waterfall,"J4RH+G97, Choraundem, Goa 403506, India",4.3,197,ChIJf9lMjrWevzsRQTaSG8jAYZ8,"tourist_attraction, point_of_interest, establishment",Sattari (Valpoi),15.6412818,74.1284271,,
Mogacho Waterfall,"MQMJ+HGH, Parse, Goa 403512, India",3.8,184,ChIJr7iHw8PtvzsRBukm7_S2rrE,"tourist_attraction, point_of_interest, establishment",Pernem,15.6839395,73.7813684,,
Sanvordem Waterfall,"G5HX+98Q, Unnamed Road, Valpoy, Goa 403506, India",4.6,226,ChIJ8XYOdVGhvzsRnf64_pJO3Hg,"tourist_attraction, point_of_interest, establishment",Sattari (Valpoi),15.5284625,74.1983594,,
Shiva Waterfall,"3WRF+XJH, Canacona, Gonval, Goa, India",4.2,412,ChIJU0z4aBVJvjsRSZCNCzEbJ-U,"tourist_attraction, point_of_interest, establishment",Canacona,15.0924458,73.9241239,,
Mainapi Waterfall Netravali,"3794+VGF, Neturlim, Netravli, Goa 403704, India",4.7,401,ChIJU3FMEfr5vjsRjKsNl2jWNx0,"tourist_attraction, zoo, park, point_of_interest, establishment",Sanguem,15.0696893,74.2563011,,
Sonshe waterfall,"G392+XQ8, Sonus-Vonvoliem, Goa 403530, India",3.9,77,ChIJk8EvpZWjvzsRC6z-wCIfnFg,"park, point_of_interest, establishment",Bicholim,15.5199185,74.0519628,,
Blue Waterfall,"Aki waterfall, Rivona, Goa 403705, India",4,102,ChIJuaO9M-9TvjsRGDUSPRk93AM,"park, point_of_interest, establishment",Canacona,15.137164,74.117323,,
Nanora waterfall,"JWV7+77X, Latambarcem, Goa 403503, India",3.9,63,ChIJBe3VOXGVvzsRkoTr1nkFIYk,"tourist_attraction, point_of_interest, establishment",Bicholim,15.6432342,73.9132345,,
Padi Waterfall,"32QH+MCR, Khede, Goa 403703, India",3.8,242,ChIJ7RTi_T5PvjsR9iI0nYgw074,"park, point_of_interest, establishment",Canacona,15.0892446,74.0285175,,
Chimbel Waterfall,"FVHF+H9M, Tiswadi, Mersi Tem, Goa 403006, India",3.7,148,ChIJk81BkDu_vzsR4AgJhOdyo_M,"park, point_of_interest, establishment",Salcete (Margao),15.478956,73.87342,,
Surla Falls Top Viewpoint,"M5GP+2CV Waterfalls, Surla, Goa 403506, India",4.6,113,ChIJbx14DROdvzsRv_-dx1ZPSxk,"tourist_attraction, point_of_interest, establishment",Sattari (Valpoi),15.6751174,74.1860581,,
Shirent waterfall,"FVQJ+2RG, Chimbel, Goa 403006, India",4.3,50,ChIJ7Rg8SlC_vzsRgXxblEGUL4M,"tourist_attraction, point_of_interest, establishment",Tiswadi (Panaji),15.4875596,73.8820656,,
Aqua-falls,"8XV3+9X, Verna, Lotli, Goa 403722, India",3.9,96,ChIJEUBoDuOxvzsR1dklgr6Zmis,"tourist_attraction, park, point_of_interest, establishment",Dharbandora,15.3434811,73.9549965,,
Dudhsagar Waterfall Trip - Goa,"Dudhsagar falls, Kolem, Goa 403410, India",4.4,256,ChIJo-qKFB7qvzsRoiU9cAzy4Qw,"tourist_attraction, point_of_interest, establishment",Sanguem,15.3379486,74.2462197,,
Bramha Karmali Waterfall,"H5M6+24G, Bramha Karmali-Shelphem Rd, Naneli, Goa 403506, India",4.3,77,ChIJdemn4FefvzsRY74B0IIJyaQ,"tourist_attraction, point_of_interest, establishment",Sattari (Valpoi),15.582559,74.1603253,,
Bhupar waterfall,"342J+242, Gaundongren, Goa 403702, India",4.5,45,ChIJk_ptmkdXvjsRUtzKIBsmquc,"tourist_attraction, point_of_interest, establishment",Sanguem,15.0505185,74.1302594,,
Kalasa Waterfalls- (Kanakumbhi),"M5HQ+VQG, Huland, Surla, Goa 403506, India",4.6,79,ChIJ6a8yqP-dvzsRjqV4h82y6eM,"tourist_attraction, point_of_interest, establishment",Sattari (Valpoi),15.6796863,74.1894387,,
King's Waterfall,"Azossim, Dongrim, Goa 403104, India",3.9,132,ChIJbRyyzMG5vzsRheaJLGdVzfE,"tourist_attraction, point_of_interest, establishment",Salcete (Margao),15.4634347,73.9212858,,
Dabem waterfall,"H35W+666, Dabem, Jarma, Goa 403506, India",4.4,7,ChIJWcmgpTWjvzsRWrbvqgRLIx0,"tourist_attraction, point_of_interest, establishment",Sattari (Valpoi),15.5580357,74.0955158,,
Siddhanath waterfall,"928R+36H, Talewada, Kajorde, Goa 403103, India",4,107,ChIJHb7IxgevvzsR4JAbcxpcYWE,"tourist_attraction, point_of_interest, establishment",Sanguem,15.3651752,74.0406066,,
Sirsaim waterfall,"JVHP+HF, Sirsai, Assonora, Goa 403502, India",4.1,59,ChIJ88V6vP2VvzsRzJQv4s4QyoA,"tourist_attraction, point_of_interest, establishment",Pernem,15.6289375,73.8861875,,
Dudhsagara Waterfall Camp Site,"Sonauli, Goa 403410, India",4.6,573,ChIJaxzmhv8DvzsRKsGgRYDJeIs,"park, tourist_attraction, point_of_interest, establishment",Sanguem,15.3126988,74.3143903,,
Harvallem Waterfall,"Harvallem Waterfall, Rudreshwar Colony, Kudne, Goa 403505",4.3,56,ChIJJcZtVEy9vzsRxTAJR5Vyj8s,"natural_feature, establishment",Sattari (Valpoi),15.5505562,74.0267991,,
Dragon Waterfall Ambaulim,"Ambavali, Talewada, Goa 403705, India",3.8,100,ChIJ7YL7gEutvzsRKDVO4piFCOY,"park, point_of_interest, establishment",Sanguem,15.2107335,74.0429012,,
Perkon Waterfall,"MVX8+6C8, Unnamed Road, Ozorim, Goa 403512, India",3.9,102,ChIJ_R9Y1aaTvzsRk5iw6Lxewp4,"tourist_attraction, point_of_interest, establishment",Bicholim,15.6980273,73.8660752,,
Dhabdabha Waterfall Bicholim,"Katarwada, Dicholi, Bhatwadi, Goa 403504, India",4,71,ChIJUTThNtSXvzsRRztdY-sATAs,"tourist_attraction, point_of_interest, establishment",Bicholim,15.5751965,73.9390095,,
Satrem Waterfall,"J69F+V9M, Satre, Goa 403506, India",4.5,56,ChIJ27uqrn51vzsR9IHdShl_0GM,"tourist_attraction, point_of_interest, establishment",Sattari (Valpoi),15.619711,74.223431,,
Udear Springs,"8WXW+5F5, Verna, Lotli, Goa 403722, India",4.1,632,ChIJWzNaI8-wvzsRoxK7KxZeyjI,"park, point_of_interest, establishment",Dharbandora,15.3478875,73.9462344,,
Aai Waterfall,"342J+63C, Gaundongren, Goa 403702, India",4.6,19,ChIJwRihDD5XvjsRz2DsLdu_FIE,"tourist_attraction, point_of_interest, establishment",Sanguem,15.0505657,74.1301421,,
Nadal Waterfall,"Maina, Quepem, Padi, Goa 403703, India",4,10,ChIJfaj4pQNRvjsRpfqbdqAZXzI,"park, point_of_interest, establishment",Canacona,15.0978161,74.064417,,
Ozari waterfall,"MVQF+HMC, Ozorim, Goa 403512, India",4,65,ChIJO3_r4raTvzsRvJdgYaZ4mg8,"tourist_attraction, point_of_interest, establishment",Pernem,15.6889453,73.8741547,,
Rancol Waterfall,"8382+5J9, Shiroda, Goa 403103, India",4.3,4,ChIJuZnAZUKvvzsR0r2bB2UyGqM,"tourist_attraction, point_of_interest, establishment",Dharbandora,15.3154197,74.0516016,,
Keri Karmale waterfall,"F244+P2M, Keri, Goa 403404, India",4.8,5,ChIJJxvS8ru7vzsRk8yTEK6BlDc,"tourist_attraction, point_of_interest, establishment",Ponda,15.4568345,74.00504,,
Bharsa Waterfall,"3566+62Q, Unnamed Road, Gaundongren, Goa 403704, India",4.4,10,ChIJrQVFRDdXvjsRmCeuMjk2IGg,"tourist_attraction, point_of_interest, establishment",Sanguem,15.0605999,74.1601111,,
Gokuldem Waterfall,"Barsen, Gokole, Goa 403703, India",4.5,14,ChIJcY7l1PJRvjsRkuzob7cwb_I,"park, point_of_interest, establishment",Canacona,15.067987,74.0759749,,
Savri Waterfall Parking,"368M+2M, Neturlim, Netravli, Goa 403704, India",4.4,54,ChIJjxWfjs35vjsRqyfLAyrfN1I,"tourist_attraction, point_of_interest, establishment",Sanguem,15.0666853,74.2341689,,
Seasonal falls,"G2GW+JRG, Sonus-Vonvoliem, Goa 403530, India",4.1,7,ChIJO7kJCPCjvzsR33KNlwsyras,"tourist_attraction, point_of_interest, establishment",Bicholim,15.5265711,74.0470845,,
GEC goa waterfall,"CX9G+W6, Bandiwada, Goa 403401, India",4.4,31,ChIJDYdenSi7vzsRGqVhGDsb5xA,"tourist_attraction, point_of_interest, establishment",Dharbandora,15.4198193,73.9755325,,
Caranzol Talyar Waterfall,"Unnamed Road, Caranzol, Satari, Goa 403506, India",4.3,11,ChIJMZ2KAYihvzsRUm2PQzM-l6E,"tourist_attraction, point_of_interest, establishment",Sattari (Valpoi),15.4990625,74.2160625,,
Dr.Sophia Waterfall,"Old Goa, Baingini, Goa 403402, India",3.5,32,ChIJHbPbiNy_vzsRVGBXJbg_6lU,"park, point_of_interest, establishment",Tiswadi (Panaji),15.4888494,73.9013952,,
Tiger Waterfall,"75FM+96, Dudal, Goa 403704, India",3.9,8,ChIJ-2LnZACrvzsRL-L7iYn3oAU,"tourist_attraction, point_of_interest, establishment",Sanguem,15.2734367,74.1831127,,
Vaiginim Waterfall and village,"H6QJ+32C, Nanode, Vayangani, Goa 403506, India",4.6,7,ChIJI4RwsfF1vzsRIlEsBYBz_hA,"tourist_attraction, point_of_interest, establishment",Sattari (Valpoi),15.5876926,74.2300051,,
Gavcho Waterfall,"F62M+F8J, Surla, Goa 403406, India",5,3,ChIJ1VJ49kYJvzsRmPfnQVJNPpM,"tourist_attraction, point_of_interest, establishment",Dharbandora,15.4512087,74.2332505,,
Cunchelim Waterfall,"JR7C+Q7, Mapusa, Goa 403526, India",3.3,19,ChIJ1_HG70LrvzsR9_yqsEpZaw4,"tourist_attraction, point_of_interest, establishment",Bardez (Mapusa),15.6141969,73.8206561,,
Verna Waterfalls,"STPI Building, Verna Industrial Estate, Verna, Nagve, Goa 403722, India",3.7,91,ChIJOyOe_Mq3vzsR67IrNf9TJ18,"park, point_of_interest, establishment",Salcete (Margao),15.3650513,73.9304433,,
Chal Waterfall,"3454+8RC Chall Gaondongrim, Canacona, Vaul, Goa 403702, India",3.4,5,ChIJaUjBrFZRvjsR3C_EFiB_hUM,"tourist_attraction, point_of_interest, establishment",Sanguem,15.0583155,74.1070181,,
Avali waterfall,"25P8+XX, Gaundongren, Goa 403702, India",4.9,8,ChIJd7bCNWpXvjsRwLVIgem8sbI,"tourist_attraction, point_of_interest, establishment",Sanguem,15.037483,74.167388,,
Kalasa Waterfalls,"M5HQ+JW, Surla, Goa 403506, India",4.6,5,ChIJl8NnUwWdvzsRe0t2Xrkrti8,"tourist_attraction, point_of_interest, establishment",Sattari (Valpoi),15.6790625,74.1898125,,
Netravali Wildlife Sanctuary,"36MJ+FR7, Unnamed Road, Neturlim, Netravli, Goa 403704, India",4.5,664,ChIJrV85rh75vjsRUHVODTEwKkY,"park, point_of_interest, establishment",Ponda,15.0836711,74.2320539,,
Cotigao Wildlife Sanctuary Office,"X4M5+VCR, Hatipal,Partgal, Poingunin, Canacona, Goa 403702, India",4.2,326,ChIJ_____8NavjsRWcgl0iw89vk,"park, point_of_interest, establishment",Sanguem,14.984734,74.1085117,,
Madei Wildlife Sanctuary,"H5WQ+M5W, Nagargaon, Kodal, Goa 403506, India",4.6,93,ChIJ8XnJ49SfvzsRjmqYVVklMY4,"zoo, park, point_of_interest, establishment",Sattari (Valpoi),15.5967304,74.1879633,,
Banastari Wetlands,"FXR3+2W5, Corlim, Goa 403110, India",4.5,55,ChIJbRhRSBO9vzsRqw0iLXI2QQ8,"tourist_attraction, park, point_of_interest, establishment",Sattari (Valpoi),15.4900225,73.9548583,,
Merces Bird Sanctuary,"FRRW+C54, Neugi Nagar, Mersi Tem, Goa 403005, India",4.1,573,ChIJLVUWB0m_vzsRIydp_djEClc,"park, point_of_interest, establishment",Tiswadi (Panaji),15.4910213,73.8454662,,
Bhimgad Wildlife Sanctuary,"H87P+W4V, Karnataka 591302, India",4.4,507,ChIJ7d7UHr8MvzsRWrrNs0qgj-w,"park, point_of_interest, establishment",Sattari (Valpoi),15.5648707,74.3352858,,
Untamed west - Birding in Goa,"St. Roque vaddo, Kolval, Bardez, Goa 403513, India",4.9,41,ChIJk3BdDU_rvzsRfX3StPRPCP4,"park, point_of_interest, establishment",Pernem,15.6435292,73.8352628,,
Migratory Birds Area,"GVH5+F34, Salvador du Mundu, Goa 403101, India",4.4,166,ChIJ6UsCPJO_vzsRqu260Ym9L1o,"park, point_of_interest, establishment",Sattari (Valpoi),15.528638,73.857701,,
Carambolim Lake Migratory Bird Sanctuary,"FWPH+F6V, Lake Road, Karmali, Corlim, Goa 403110, India",4.1,374,ChIJR4WZsaO-vzsRnO5GtG8Fh7Y,"tourist_attraction, park, point_of_interest, establishment",Bicholim,15.4862398,73.928046,,
Dr. Salim Ali Bird Sanctuary,"GV7C+657, Ilhas, Madel, Ribandar, Goa 403102, India",3.8,3949,ChIJYU0mP3W_vzsReXl288rhJ9M,"tourist_attraction, park, point_of_interest, establishment",Tiswadi (Panaji),15.5130468,73.8704154,,
Palolem Beach,"Palolem Beach, Goa, India",4.6,28949,ChIJuwJb0FFFvjsR9bsPS33GGx4,"natural_feature, establishment",Canacona,15.0099648,74.0232186,,
"Sernabatim Beach, Colva","7W78+GQP, Colva, Benaulim, Goa 403708, India",4.5,2513,ChIJLVsgjRS0vzsRQl0jQVGvgJI,"tourist_attraction, point_of_interest, establishment",Salcete (Margao),15.2638375,73.9169531,,
Ozran Beach,"Ozran Beach, Anjuna, Goa, India",4.5,2262,ChIJuyzTNnfpvzsRbeKRVdrY7wo,"natural_feature, establishment",Bardez (Mapusa),15.593719,73.7344677,,
Mandrem Beach,"MP95+VR7, Near Chopdem, Mandrem, Goa 403527, India",4.6,6875,ChIJ0YVAXejuvzsRwE5XWdcQbO4,"tourist_attraction, point_of_interest, establishment",Bardez (Mapusa),15.6696522,73.7095472,,
Pebbles Beach,"3WPC+MVG, Kola, Canaguinim, Goa 403703, India",4.5,572,ChIJnTm8NW1JvjsRxn2viLfxvko,"tourist_attraction, park, point_of_interest, establishment",Canacona,15.0866772,73.9222132,,
Morjim Beach,"JPHH+36R, Morjim, Goa 403512, India",4.6,8145,ChIJL0YJ38ruvzsRmbkATYIiC40,"point_of_interest, establishment",Pernem,15.6277403,73.7280048,,
Colva Beach,"Colva Beach, Goa, India",4.3,11483,ChIJo3Ithhi0vzsRNQmtLCAb3rU,"natural_feature, establishment",Salcete (Margao),15.2805316,73.9119945,,
Majorda Beach,"Majorda Beach, Goa, India",4.5,6217,ChIJg8LF7u22vzsR2c7E-5SsnVs,"natural_feature, establishment",Salcete (Margao),15.3111553,73.9018114,,
Querim Beach,"Querim Beach, Goa, India",4.6,1494,ChIJ4-pZ_tDvvzsRA_whdNQx120,"natural_feature, establishment",Bardez (Mapusa),15.7192093,73.6900414,,
Butterfly Beach,"Butterfly Beach, Devalkajjan, Goa 403702, India",4.5,5209,ChIJ8YfoFopPvjsRJzVErf5JQok,"natural_feature, establishment",Canacona,15.0196019,74.001647,,
Arambol Beach,"Arambol Beach, Goa, India",4.6,12992,ChIJU2YT71LuvzsRFgfxISbKed0,"natural_feature, establishment",Bardez (Mapusa),15.6846886,73.7032836,,
Galgibaga Beach,"Galgibaga Beach, Goa, India",4.7,1386,ChIJn2moOTxbvjsRKbW2KRy9wZ4,"natural_feature, establishment",Canacona,14.9600472,74.0495654,,
Baga beach,"Baga beach, Calangute - Mapusa Rd, Nagva, Saligao, Goa 403516, India",4.2,103,ChIJtVyLxm_qvzsRKbczJzzDfGY,"natural_feature, establishment",Bardez (Mapusa),15.5592353,73.7810841,,
Vagator Beach,"Vagator Beach, Anjuna, Goa, India",4.4,12983,ChIJrwFB_W7pvzsRAxuEMqa-5x8,"natural_feature, establishment",Bardez (Mapusa),15.6029835,73.733627,,
Canaguinim Beach,"Canaguinim Beach, Canaguinim, Goa, India",4.5,338,ChIJHVpLy3RMvjsRguxvHH40oYs,"natural_feature, establishment",Salcete (Margao),15.1269262,73.9402071,,
Kakolem Beach,"Kakolem Beach, Goa 403702, India",4.7,1036,ChIJW-Ysb8NOvjsRaPP6mUZFoXc,"natural_feature, establishment",Pernem,15.073137,73.9546265,,
Kalacha Beach,"Kalacha Beach, Goa, India",4.5,190,ChIJ20Jku7XvvzsRPk38pE7DnSw,"natural_feature, establishment",Pernem,15.6977812,73.6971985,,
Sernabatim Beach,"Sernabatim Beach, Goa, India",4.5,547,ChIJDTRXTxS0vzsR1ETHp5kr9GQ,"natural_feature, establishment",Salcete (Margao),15.2667239,73.9150395,,
Hollant Beach,"Hollant Beach, Dabolim, Goa 403806, India",4.2,788,ChIJZQCkofW3vzsRynAlDHSbosk,"natural_feature, establishment",Mormugao (Vasco),15.3698695,73.8619695,,
Polem Beach,"Polem Beach, Goa, India",4.5,821,ChIJzY0CZ15cvjsRF1OibJhH4VE,"natural_feature, establishment",Canacona,14.9083424,74.0818743,,
Morjim Beach Goa,"Tem, Morjim, Goa 403512, India",4.6,1446,ChIJr4aj2XbpvzsR0tYp5LuuRh8,"point_of_interest, establishment",Pernem,15.6173203,73.7335798,,
Coco Beach,"FQXQ+XF2 Mainavaddo, Nerul - Reis Margos Rd, Goa 403114, India",4,6305,ChIJR_pxNAfBvzsRhAqjag8OtdY,"point_of_interest, establishment",Tiswadi (Panaji),15.4998804,73.7886544,,
Aguada Rocky Beach,"Aguada Rocky Beach, Unnamed Rd, Aguada Fort Area, Candolim, Goa 403515, India",4.5,626,ChIJFWX6VHLBvzsRrtY68GrdDNA,"natural_feature, establishment",Bardez (Mapusa),15.4916426,73.7681518,,
Vagator Beach Sunset Point,"JP2M+CFM, Vagator Beach Rd, Vagator, Goa 403509, India",4.5,5524,ChIJww0daCnpvzsR09UMQ9s7oFk,"tourist_attraction, point_of_interest, establishment",Bardez (Mapusa),15.601075,73.733682,,
MORJIM BEACH NORTH GOA,"943, Morjim Beach Road, Morjim, Goa 403512, India",4.7,23,ChIJXxFhXA_pvzsRvAtB8uO7J_8,"tourist_attraction, point_of_interest, establishment",Pernem,15.6278365,73.7281319,,
Trinity Beach,"Trinity Beach, Benaulim, Goa 403716, India",4.4,1157,ChIJwZH0d2W0vzsRQLIaNRHudPU,"natural_feature, establishment",Salcete (Margao),15.2497911,73.9213693,,
Seashells beach,"Siridao, Goa 403108, India",4.3,742,ChIJhaMrnGi5vzsROP4xHUOrXxk,"tourist_attraction, point_of_interest, establishment",Tiswadi (Panaji),15.4357505,73.8605905,,
Nuem Beach,"4W7P+2C9, Canaguinim, Goa, India",4.3,593,ChIJG1f1hPhLvjsR25vn_7pOw6M,"tourist_attraction, point_of_interest, establishment",Salcete (Margao),15.1125435,73.9361214,,
Francoise beach,"GQ67+JV3, Candolim, Goa 403515, India",4.5,220,ChIJQfjVvdbBvzsRMto7GRPLuBA,"tourist_attraction, point_of_interest, establishment",Bardez (Mapusa),15.5114419,73.7646301,,
South Goa Beach,"7WJ7+22, Fatona, Colva, Goa 403708, India",4.5,110,ChIJQe7CZFC1vzsRneBmVt-Em5k,"tourist_attraction, point_of_interest, establishment",Salcete (Margao),15.2796582,73.912281,,
Miramar Beach,"Miramar Cir, Miramar, Panaji, Goa 403002, India",4.3,484,ChIJRf6dutzAvzsRkvcEmavoYpo,"point_of_interest, establishment",Tiswadi (Panaji),15.4760717,73.8066496,,
Sankval Beach,"9VC8+4PM, Sancoale, Goa 403806, India",4.4,97,ChIJCykkqXy3vzsROgn8KsepF3Q,"tourist_attraction, point_of_interest, establishment",Mormugao (Vasco),15.3703384,73.8667957,,
Cabo de Rama Beach,"Cabo de Rama Beach Beach in, Canaguinim, Goa 403703, India",4.8,317,ChIJ008IwKFJvjsRgM2w8Nyy_JM,"tourist_attraction, point_of_interest, establishment",Canacona,15.1048786,73.9251187,,
Siridao Rock Beach,"CVP6+877, Siridao, Goa 403108, India",4.5,495,ChIJty0vRly5vzsR89Oss_mrsjU,"tourist_attraction, point_of_interest, establishment",Tiswadi (Panaji),15.435788,73.8606813,,
St. Anthony Monument,"6X89+RH9, Deusua, Devsua, Goa 403715, India",4.8,145,ChIJ42Y9AgmzvzsRF2EVFvESNQo,"point_of_interest, establishment",Salcete (Margao),15.2172752,73.9688679,,
Usgalimal,"44CM+87J, Rivona, Kolamba, Goa 403705, India",4.5,445,ChIJMbAwSwFUvjsRR6zJn-5dD0s,"point_of_interest, establishment",Canacona,15.120826,74.1331404,,
Haatkatro Khamb,"Ella, Old Goa, Goa 403402, India",4.1,238,ChIJ1V6apJK-vzsR3seZXsRBSvc,"tourist_attraction, point_of_interest, establishment",Salcete (Margao),15.4992048,73.9135309,,
Pandavas Cave Arvalem,"H23F+26J, Rudreshwar Colony, Harvale, Goa 403505, India",4.1,276,ChIJP5E1F069vzsRP4sDk_3EGg4,"tourist_attraction, point_of_interest, establishment",Sattari (Valpoi),15.5525832,74.0230197,,
Buttress Of The Church Of Santa Monica,"GW24+9VR, Convent of Santa Monica,, Old Goa, Goa 403402, India",4.4,552,ChIJT-kKI_K-vzsRoSkEmd7AExU,"point_of_interest, establishment",Salcete (Margao),15.5009998,73.9071469,,
Main Altar Of Church Of St. Augustine,"GW24+483, Old Goa, Goa 403402, India",4.6,48,ChIJXRkP7vG-vzsR4oOh-TTs0Zw,"point_of_interest, establishment",Salcete (Margao),15.5002558,73.9057977,,
Christ the King Monument,"5XMC+256, Assolna, Goa 403701, India",4.7,96,ChIJ_____8JMvjsR_T8DNQLXx_g,"point_of_interest, establishment",Salcete (Margao),15.1825334,73.970387,,
Menezes Braganca House,"Guddi - Chandor Rd, Culsabhatt, Chandor, Kavorin, Goa 403714, India",4.3,1695,ChIJHcrrR5CtvzsRN-ss_NUPN2M,"point_of_interest, establishment",Sanguem,15.2613849,74.0434265,,
Estátua de Jesus,"GW37+J6H, Old Goa, Goa 403402, India",4.5,144,ChIJUW7ot4y-vzsROtZKFppwIhI,"point_of_interest, establishment",Salcete (Margao),15.504073,73.9131182,,
Relics Of St. Francis Xavier,"GW26+8M8, Old Goa Road, Old Goa, Goa 403402, India",4.6,283,ChIJ3VHkufK-vzsR-qTYDyPRyq4,"tourist_attraction, place_of_worship, point_of_interest, establishment",Salcete (Margao),15.5007713,73.9116972,,
Royal Chapel of St. Anthony,"Royal Chapel of St Antony, Old Goa, Goa 403402, India",4.6,16,ChIJ4TTwkvG-vzsR_nQNomX0_H8,"tourist_attraction, church, place_of_worship, point_of_interest, establishment",Salcete (Margao),15.5006988,73.9056926,,
Buddha Statue,"Mulem, Kavorin, Goa 403705, India",3.9,742,ChIJ8S1Q3YCtvzsRL_HxSknvY0s,"tourist_attraction, point_of_interest, establishment",Sanguem,15.2389341,74.0351654,,
Garça Branca Gardens,"H No. 934, NH 17B, near St. Milagres Chapel, Vanxem, Salcete, Loutolim, Madgaon, Goa 403718, India",4.1,850,ChIJ6yd7xk-wvzsRZ6TtH7Pu0bk,"tourist_attraction, park, point_of_interest, establishment",Dharbandora,15.3448799,73.9958822,,
Dr. Miguel Caetano Dias statue,"FRXM+R2P, Patto Colony, Panaji, Goa 403001, India",4.5,13,ChIJ833veIbAvzsRS54mdz0TSnY,"tourist_attraction, point_of_interest, establishment",Tiswadi (Panaji),15.499582,73.8325922,,
Galeria de Arte da Basílica do Bom Jesus,"GW26+7GW, National Hwy 4A Bypass Rd, Old Goa, Goa 403402, India",4.5,329,ChIJW5wLvPK-vzsRcm-uEwdR0EI,"art_gallery, point_of_interest, establishment",Salcete (Margao),15.5008576,73.9113513,,
The Cross Of Basilica Bom Jesus,"GW26+9V7 Bom Jesus church, Ella, Old Goa, Goa 403402, India",4.4,252,ChIJw8S7tfK-vzsR5NDN4VhVNjg,"landmark, point_of_interest, establishment",Salcete (Margao),15.5009092,73.9121616,,
Dharohar : National Museum of Customs and GST,"GR2H+C75 Captain & Port, Avenida Dom João de Castro, opp. Jetty, Ozari, Panaji, Goa 403001, India",4.7,78,ChIJTz2sLQXBvzsRZHM8YsJ-kVk,"museum, point_of_interest, establishment",Tiswadi (Panaji),15.501018,73.8282409,,
Namazgah,"HWJW+XCQ, Dicholi, Goa 403504, India",4.4,174,ChIJX91kyHKWvzsRqMI1tBk80e4,"mosque, tourist_attraction, place_of_worship, point_of_interest, establishment",Bicholim,15.5824605,73.9461171,,
Christ the King (Cristo Rei) Statue,"GVXM+3QF, Madel Road, Madel, Goa 403102, India",4.5,96,ChIJEWdj69O_vzsR5x2SkdPhuZc,"point_of_interest, establishment",Bicholim,15.5476891,73.8844085,,
Phoenix spring,"FRRH+GJH, Fontainhas (quarter), Mala, Panaji, Goa 403001, India",4.1,32,ChIJce5Jf0fBvzsRbe9ORxrD2Oo,"tourist_attraction, point_of_interest, establishment",Tiswadi (Panaji),15.4913185,73.8290943,,
Statue of Lord Parashuram,"GR29+3Q2, Dayanand Bandodkar Marg, Panaji, Goa 403001, India",4.7,195,ChIJs_KMPNTBvzsRGDReu69gQiI,"tourist_attraction, point_of_interest, establishment",Tiswadi (Panaji),15.4994965,73.8182686,,
Panjim Promenade,"GR2C+5HF, Panaji, Goa 403001, India",4.5,110,ChIJYWDu3a_BvzsRTkbgNEhUCAw,"park, point_of_interest, establishment",Tiswadi (Panaji),15.5004277,73.8214165,,
Galeria Gitanjali,"E-212, Rua 31 de Janeiro, Fontainhas (quarter), Altinho, Panaji, Goa 403001, India",4.2,159,ChIJjzQwa4XAvzsRZ2nYnlSJ8I8,"art_gallery, tourist_attraction, point_of_interest, establishment",Tiswadi (Panaji),15.4953804,73.831365,,
Malson Shoes,"Souza Towers, opposite Garcia de Orta Garden, next to Petisco, Near Panjim Church, Altinho, Panaji, Goa 403001, India",4.1,600,ChIJQ-Iqz4jAvzsRuj6Z94O3VjI,"tourist_attraction, park, point_of_interest, establishment",Tiswadi (Panaji),15.4997434,73.8282138,,
LetsGoa,"3rd Floor, Star, Gera Imperium Patto Plaza, Unit 320, patto, next to Central Library, Panaji, Mersi Tem, Goa 403001, India",4.9,15,ChIJS2At46nBvzsR1xbJxl6a7LA,"tourist_attraction, point_of_interest, establishment",Tiswadi (Panaji),15.493216,73.8366877,,
Dolphin Ferry Ride Point,"FRP5+668, Marriott Resort Rd, Miramar, Panaji, Goa 403001, India",3.8,37,ChIJOxA13Y_BvzsRAeCXmK3L9T4,"tourist_attraction, point_of_interest, establishment",Tiswadi (Panaji),15.4855421,73.8080829,,
Dharohar: National Museum of Customs & GST,"GR2H+C75, Avenida Dom João de Castro, Opp. Jetty Captain & Port, Ozari, Panaji, Goa 403001, India",4.7,75,ChIJ6S4n7IjAvzsRdRnA6yvbsQk,"tourist_attraction, museum, point_of_interest, establishment",Tiswadi (Panaji),15.501018,73.8282409,,
CasinoInGoa,"L61 & L62, 4th Floor, Alfran Plaza, MG Road, Altinho, Panaji, Goa 403001, India",4.8,254,ChIJi9k-oYjAvzsREbQZUZSTSZk,"tourist_attraction, point_of_interest, establishment",Tiswadi (Panaji),15.5003815,73.8298809,,
Fontainhas old quarter,"E-212, Rua 31 de Janeiro, Fontainhas (quarter), Altinho, Panaji, Goa 403001, India",4.2,206,ChIJgxIsopzBvzsRCUcyNtt81KI,"tourist_attraction, point_of_interest, establishment",Tiswadi (Panaji),15.4955933,73.8314762,,
Miramar View Point,"FRF4+WGH, Dr Jack de Sequeira Rd, Tonca, Miramar, Panaji, Goa 403002, India",4.5,289,ChIJ90mP29_BvzsRYWBa6z6asnE,"tourist_attraction, point_of_interest, establishment",Tiswadi (Panaji),15.4748028,73.8063495,,
Majestic Pride Jetty 1,"Ferry, Alto- Betim Porvorim, Panaji, Goa 403001, India",4,118,ChIJeUg28gTBvzsRYlIkhb3VGCE,"tourist_attraction, point_of_interest, establishment",Tiswadi (Panaji),15.5012964,73.8256892,,
Sunaparanta Goa Centre for the Arts,"63/C-8, near Army House, Fontainhas (quarter), Altinho, Panaji, Goa 403001, India",4.4,535,ChIJxYIM04_AvzsR3s0CrzDoM-s,"tourist_attraction, point_of_interest, establishment",Tiswadi (Panaji),15.4937653,73.8275322,,
Kala Academy Viewpoint,"FRV8+JJR, Unnamed Road, Panaji, Goa 403001, India",4.4,70,ChIJG-QDYmnBvzsR2qfBbKDtwfI,"tourist_attraction, point_of_interest, establishment",Tiswadi (Panaji),15.4941075,73.8165276,,
River walk,"GR2G+F2H, Panaji, Goa 403001, India",4.3,65,ChIJbyEvj__BvzsRs4Ka0XzN9w8,"tourist_attraction, point_of_interest, establishment",Tiswadi (Panaji),15.5011785,73.8250944,,
Mangrove Boardwalk,"Patto Centre, Panaji, Goa 403001, India",4.1,1224,ChIJ2cM03_jBvzsRXI4bnE6otDM,"museum, park, point_of_interest, establishment",Tiswadi (Panaji),15.4936894,73.8325406,,
Dona Paula Circle,"FR43+WCV, Dona Paula, Panaji, Goa 403004, India",4.5,41,ChIJMzREIAnHvzsRxzfqPf_LFXU,"tourist_attraction, point_of_interest, establishment",Tiswadi (Panaji),15.4573525,73.8035335,,
Praça de Igreja View Point,"FRXH+FP6, near chapel of our lady ( 17th century chapel, Altinho, Verem, Panaji, Goa 403001, India",4.5,13,ChIJedQc-I3BvzsRDL_D9wwMYMw,"tourist_attraction, point_of_interest, establishment",Tiswadi (Panaji),15.4986381,73.8292639,,
Mandovi Riverfront Promenade,"FRR6+2V7, Miramar, Panaji, Goa 403001, India",4.6,338,ChIJC8XwgWvBvzsR85cREdXYWLU,"park, point_of_interest, establishment",Tiswadi (Panaji),15.4900268,73.8121598,,
Dnyan Setu,"FRVJ+MV4 People High School, Fontainhas (quarter), Patto Centre, Panaji, Goa 403001, India",4.6,88,ChIJt6jiPbDBvzsRySOvzq-Qg5Q,"tourist_attraction, point_of_interest, establishment",Tiswadi (Panaji),15.4941401,73.832204,,
Statue of Abbé Faria,"Altinho, Panaji, Goa 403001, India",4.1,28,ChIJWwdMmIjAvzsR9xNgKlRVoBg,"tourist_attraction, point_of_interest, establishment",Tiswadi (Panaji),15.5007456,73.8294483,,
Deltin Royale,"Fisheries Jetty Fisheries Building, Dayanand Bandodkar Marg, Patto Colony, Panaji, Goa 403001, India",4.3,30877,ChIJd1UvU43AvzsRbZivinLpPlA,"casino, tourist_attraction, point_of_interest, establishment",Tiswadi (Panaji),15.5016184,73.8274399,,
Solar Costa Campos,"FRXJ+9G5, Rua 31 de Janeiro, Altinho, Panaji, Goa 403001, India",4.6,20,ChIJVciE6YXAvzsRMereTUoDbBA,"tourist_attraction, point_of_interest, establishment",Tiswadi (Panaji),15.4983838,73.8313618,,
Vasco Da Gama Old Residence,"E-250, Gomes Pereira Road, Altinho, Panaji, Goa 403001, India",3.1,15,ChIJEb44UADBvzsRXnmaqsZQs5A,"tourist_attraction, point_of_interest, establishment",Tiswadi (Panaji),15.4981532,73.83186,,
BHAGWAN MAHAVIR BAL VIHAR PARK,"FRX9+2G7, Panaji, Goa 403001, India",4.4,240,ChIJBdmCsYzAvzsRJbTtxyeQM1A,"park, tourist_attraction, point_of_interest, establishment",Tiswadi (Panaji),15.4975409,73.8187902,,
aivão creek,"FQ5X+VF6, Aivão Beach Rd, Caranzalem, Dona Paula, Panaji, Goa 403004, India",4.5,11,ChIJnRvRiQrBvzsRPkEINzhZkHU,"tourist_attraction, point_of_interest, establishment",Tiswadi (Panaji),15.4596692,73.7986398,,
Floating jetty,"FRV8+69P, Panaji, Goa 403001, India",3,2,ChIJW_ESZgDBvzsRtOOTEmc4myY,"tourist_attraction, point_of_interest, establishment",Tiswadi (Panaji),15.493198,73.815714,,
Mandovi View Point Panjim,"19, Avenida Dom João de Castro, Alto- Betim Porvorim, Panaji, Goa 403001, India",4.4,12,ChIJVXV6aADBvzsRo2nX3g0nV0Y,"tourist_attraction, point_of_interest, establishment",Tiswadi (Panaji),15.5010525,73.8302091,,
Ribandar Riverside Viewpoint,"FVXQ+X45, Panvelim, Goa 403006, India",4.4,58,ChIJK44X1KS_vzsRiQQLM4jH094,"tourist_attraction, point_of_interest, establishment",Tiswadi (Panaji),15.4998775,73.8878534,,
Siridao seashore,"CVJ6+2W6, Siridao, Goa 403108, India",4.4,117,ChIJi7O8aGO5vzsRVSySVra0fMU,"tourist_attraction, point_of_interest, establishment",Tiswadi (Panaji),15.4300495,73.8622689,,
Vainguinim View Point,"FR58+9XX, Dona Paula, Durgavado, Goa 403004, India",4.5,14,ChIJx7vftkrHvzsRjbEcm_8HnGw,"tourist_attraction, point_of_interest, establishment",Tiswadi (Panaji),15.4584916,73.8174927,,
The Colosseum,"1359, Goa Housing Board Colony, labour chowk, Penha de Franc, Goa 403521, India",4.5,244,ChIJP3F1I4DBvzsRbFPScFaqFBk,"tourist_attraction, point_of_interest, establishment",Tiswadi (Panaji),15.5242083,73.8315063,,
Siridao Beach View,"CVR5+VP9, Tiswadi, Siridao, Goa 403108, India",4.3,294,ChIJ9RqAKby4vzsRUVLFLojS6gM,"tourist_attraction, point_of_interest, establishment",Tiswadi (Panaji),15.4421588,73.8593677,,
Nauxim Beach,"FR2V+F2Q, Tiswadi, Bambolim, Goa 403206, India",3.9,34,ChIJX1r4L6i4vzsRCgJM-9aCFeY,"tourist_attraction, point_of_interest, establishment",Tiswadi (Panaji),15.4512113,73.8426049,,
Orcus Lakeside,"GRMX+4F, Salvador du Mundu, Goa 403101, India",4.8,87,ChIJj_fJZR-_vzsRL2p0wxDxYwU,"tourist_attraction, point_of_interest, establishment",Tiswadi (Panaji),15.5328082,73.8486426,,
Quegdevelim Beach,"FRW4+9MQ, Mandovi River, Reis Magos, Goa 403001, India",4.2,96,ChIJKSK3n_DAvzsR4MfzMrEHbGE,"tourist_attraction, point_of_interest, establishment",Tiswadi (Panaji),15.4959536,73.806726,,
"St. Francis Xavier’s Chapel, Goa","Portais, Four Pillars, Electricity Colony, Altinho, Panaji, Goa 403001, India",4.4,107,ChIJPzm07JnAvzsRJfi07ccxyKA,"church, place_of_worship, point_of_interest, establishment",Tiswadi (Panaji),15.4870506,73.8315095,,
"St. Michael's Church, Taleigão","FR89+VW2, Nagalli Hills Colony, Durgavado, Goa 403002, India",4.4,309,ChIJLX-5NbbAvzsRYRBOda3i5ac,"church, place_of_worship, point_of_interest, establishment",Tiswadi (Panaji),15.467134,73.8197629,,
Igreja dos Reis Magos,"FRX5+4MF, Nerul - Reis Margos Rd, Reis Magos, Nerul, Goa 403109, India",4.6,167,ChIJHTJPZdPBvzsRNK7A5kOq5Es,"church, place_of_worship, point_of_interest, establishment",Tiswadi (Panaji),15.4978097,73.8091839,,
Panaji Methodist Church,"FRQ9+R47, Santa Inez, Panaji, Goa 403001, India",4.5,65,ChIJKaO40OzAvzsRF0opJz4-oZI,"church, place_of_worship, point_of_interest, establishment",Tiswadi (Panaji),15.4895321,73.8177898,,
River of Life Church,"3rd floor, Goa Chamber Building (GCCI, Opposite Azad Maidan, Panaji, Goa 403001, India",4.8,5,ChIJHXm8OD_BvzsRKgDDAzL7Ydk,"church, place_of_worship, point_of_interest, establishment",Tiswadi (Panaji),15.5003808,73.8265699,,
St. Mary's Orthodox Syrian Church Panaji,"Ilhas, Ribandar, Goa 403006, India",4.5,84,ChIJiw2b1HS_vzsRkh-yRSpLLPo,"church, place_of_worship, point_of_interest, establishment",Tiswadi (Panaji),15.5043561,73.865231,,
"IPC Hebron Church, Panaji, Goa (Malayalam)","4th Floor, Keni's Hotel, 18th June Rd, Altinho, Panaji, Goa 403001, India",5,3,ChIJu_LRylPBvzsRKlegdAnOajE,"church, place_of_worship, point_of_interest, establishment",Tiswadi (Panaji),15.4974132,73.8255124,,
Archbishop's Palace,"FRRG+QF7, Altinho, Panaji, Goa 403001, India",4.6,201,ChIJK7CL6JHAvzsRcYYIaKrhVJw,"point_of_interest, establishment",Tiswadi (Panaji),15.491944,73.8261593,,
Taligao Church,"FR99+6WG, Taleigao Jct, Caranzalem, Taleigao, Goa 403002, India",4.5,89,ChIJ26FVv7fAvzsRPn2RW__MeT4,"church, place_of_worship, point_of_interest, establishment",Tiswadi (Panaji),15.4680625,73.8198125,,
River Of Life Church (ROLC),"Before Kadamba Tourist home, Eutico Apartments, Buttem bhat, Merces, Panaji, Mersi Tem, Goa 403005, India",5,3,ChIJRRQmBIbAvzsRZ_-RMsArvTg,"church, place_of_worship, point_of_interest, establishment",Tiswadi (Panaji),15.4865368,73.8511855,,
St. Thomas Chapel,"FRXJ+RV9, Rua São Tomé, Near G.P.O., Near Head Post Office, Patto Colony, Panaji, Goa 403001, India",4.4,23,ChIJI5nBd4bAvzsRClO4WUv4NQ4,"church, place_of_worship, point_of_interest, establishment",Tiswadi (Panaji),15.49953,73.8322278,,
Grace And Truth Baptist Church,"The International Centre Goa, Dr E Borges Rd, Dona Paula, Durgavado, Goa 403004, India",5,31,ChIJ16nFvo7AvzsRLORxlM-jylM,"church, place_of_worship, point_of_interest, establishment",Tiswadi (Panaji),15.4585576,73.8205986,,
Our Lady of Remédios Church,"GQ4P+RMF, Nerul - Reis Margos Rd, Near Tinto Bardez, Nerul, Goa, Nerul, Goa 403114, India",4.6,99,ChIJC8mx4KjBvzsR9hqjcAw6c3U,"church, place_of_worship, point_of_interest, establishment",Tiswadi (Panaji),15.5070511,73.7866694,,
Stella Maris Chapel,"FRP6+9R3, Miramar, Panaji, Goa 403001, India",4.3,33,ChIJiXyiUOnAvzsRsbTtcH_NtJ8,"church, place_of_worship, point_of_interest, establishment",Tiswadi (Panaji),15.4858225,73.8121107,,
St. Anthony Chapel,"FRM5+5HX, Miramar, Panaji, Goa 403001, India",4.4,10,ChIJDf09CSPBvzsRg0L_58ASXQ8,"church, place_of_worship, point_of_interest, establishment",Tiswadi (Panaji),15.4829928,73.8089995,,
Vasco Clock Tower,"Muncipal Market, Vaddem, Vasco Da Gama, Goa 403802, India",4.1,120,ChIJ3X-jDrrHvzsRA4RuAi7OVYE,"tourist_attraction, museum, point_of_interest, establishment",Tiswadi (Panaji),15.3965513,73.8106686,,
National Flag mast,"FRWQ+485, Panaji - Farmagudi - Margao Hwy Bypass Rd, Patto Centre, Bambolim, Panaji, Goa 403001, India",5,8,ChIJZ3G-qP_BvzsRv6dY5BejKwo,"museum, point_of_interest, establishment",Tiswadi (Panaji),15.4952612,73.838359,,
Museum Solar Souto Maior,"H.NO.B-40,ST.PEDRO BAINGUINIM, Old Goa, 403402, India",3.8,29,ChIJB2W7l_y-vzsRlN1n1DugmKc,"museum, point_of_interest, establishment",Tiswadi (Panaji),15.4998023,73.8940311,,
Public Astronomical Observatory Goa - Association of Friends of Astronomy(AFA),"7th Floor, Junta House, Swami Vivekanand Road, Panaji",4.7,254,ChIJlTlAm47AvzsRw1shSYse4SM,"tourist_attraction, point_of_interest, establishment",Tiswadi (Panaji),15.4970165,73.8249271,,
"Kings Casino, Goa","Noah's Ark, RND Jetty, Dayanand Bandodkar Road, Panaji",4,343,ChIJBzL7FYbAvzsRLuvR1UiqR7c,"casino, tourist_attraction, point_of_interest, establishment",Tiswadi (Panaji),15.5003534,73.8318225,,
Utopia Dystopia Goa,"International Student's Hostel, Major District Road 3, Goa University, Taleigao",4.5,6,ChIJtxp4gVTHvzsRkDz0AJr4g-Q,"tourist_attraction, point_of_interest, establishment",Tiswadi (Panaji),15.4574301,73.8362119,,
Amma Shri Shanta Durga Temple,"GQ6M+2X9, Near Nerul Hospital, Nerul, Goa",4.4,42,ChIJY9P2Ca_BvzsRhSOOl8q2GdQ,"hindu_temple, tourist_attraction, place_of_worship, point_of_interest, establishment",Tiswadi (Panaji),15.5100283,73.7849891,,
Strike Casino By Big Daddy,"Block No.4 North Wing at Grand Hyatt, P.O, Goa University, Bambolim",4.5,6053,ChIJaUYmTa64vzsRxHswvzAfoEM,"casino, tourist_attraction, point_of_interest, establishment",Tiswadi (Panaji),15.4517167,73.8520118,,
"Igreja de São Francisco Xavier, Chicalim",Chicalim,4.5,320,ChIJNSIr8onHvzsRiJi9p3n2qEk,"tourist_attraction, church, place_of_worship, point_of_interest, establishment",Tiswadi (Panaji),15.3982841,73.8407609,,
Coco Heritage Resort Water Park & Swimming Pool,"near Goan Beach club, Baga-Arpora road, Arpora",3.4,358,ChIJ6z7MiyHqvzsRK5bfx4qcJTY,"tourist_attraction, amusement_park, point_of_interest, establishment",Tiswadi (Panaji),15.5690863,73.7534674,,
St. Cajetan Church - Assagao,"Anjuna Road, Bardez, Assagao, Assagao",4.4,165,ChIJc7n1L7LrvzsRK1BttRrWihA,"tourist_attraction, church, place_of_worship, point_of_interest, establishment",Tiswadi (Panaji),15.5973163,73.7810426,,
St. Blaise Church,"GW6R+WHQ, Gandaulim",4.3,78,ChIJCzaAWSu8vzsRODO4wKXK2vs,"tourist_attraction, church, place_of_worship, point_of_interest, establishment",Tiswadi (Panaji),15.5123375,73.9414844,,
Crocodile Station Kamat Kingfisher,Quelossim,4.2,161,ChIJDUIZzLy5vzsRU4L0mtA_5LQ,"tourist_attraction, point_of_interest, establishment",Tiswadi (Panaji),15.4085261,73.9081645,,
Archdiocese of Goa & Daman,"Archbishop's House, Altinho, Panaji",4.6,33,ChIJUaDp2fK-vzsR-hP5gyIRAOc,"tourist_attraction, church, place_of_worship, point_of_interest, establishment",Tiswadi (Panaji),15.4917463,73.826237,,
Kala Academy Goa,"FRV9+M3J, opp. Kala Academy, Dayanand Bandodkar Marg, Campal, Panaji",4.5,558,ChIJMcdLv_LAvzsRL_FRhcc1whA,"tourist_attraction, point_of_interest, establishment",Tiswadi (Panaji),15.4942228,73.8176309,,
Swastik Cruises,"Betim–Verem–Saligao Road, Alto- Betim Porvorim, Reis Magos",4.1,2851,ChIJ7zhtY2LAvzsRGUBt_iDbPuw,"tourist_attraction, travel_agency, point_of_interest, establishment",Tiswadi (Panaji),15.5057282,73.8256834,,
Majestic Paradise,"inside Neo Majestic, near Azad Bhavan Marg, Bardez, Porvorim",4.2,3748,ChIJC-QAg3rAvzsRgAWj7SPwli8,"casino, tourist_attraction, point_of_interest, establishment",Tiswadi (Panaji),15.5163442,73.8325016,,
Monte Hills View Point,"7XH6+RP5, Unnamed Road, Borda, Madgaon, Goa 403601, India",4.2,104,ChIJieAV84SzvzsRzzGW0UdpOvM,"tourist_attraction, point_of_interest, establishment",Salcete (Margao),15.2795227,73.9618643,,
Old Market Circle Clock Tower,"Margao - Ponda Hwy, Gawli Wada, Fatorda, Madgaon, Goa 403601, India",4.3,117,ChIJbckqcSmzvzsRCrTAlx_p9XM,"tourist_attraction, point_of_interest, establishment",Salcete (Margao),15.2835176,73.9568694,,
"Shree Damodar Circle Bell, Fatorda","Margao - Ponda Hwy, Gawli Wada, Fatorda, Madgaon, Goa 403601, India",4.4,19,ChIJx0C5u9uzvzsRcmcBV5YvSWA,"tourist_attraction, point_of_interest, establishment",Salcete (Margao),15.286073,73.9635966,,
Agora hills,"Rosary Residencia, Road, Fatorda, Navelim, Madgaon, Goa 403602, India",4.3,6,ChIJ6b7pSACxvzsR8xTNEhVFywU,"tourist_attraction, point_of_interest, establishment",Salcete (Margao),15.2922141,73.9596442,,
Ana Fonte Garden,"7XH5+3QV, Bernardo Peres da Silva Rd, Pajifond, Madgaon, Goa 403601, India",3.9,165,ChIJl86yYd2zvzsRMZW7wiVu67s,"park, point_of_interest, establishment",Salcete (Margao),15.2777419,73.9594084,,
Margao Municipal Garden,"7XF5+864, Pajifond, Madgaon, Goa 403601, India",4.1,1072,ChIJI7qdNeizvzsRlKd0ZLtxB8g,"tourist_attraction, park, point_of_interest, establishment",Salcete (Margao),15.2732507,73.9580861,,
Raitolem Lake View,"72C9+W6R, Chandor - Margao Rd, Curtorim, Shelvan, Goa 403709, India",4.6,34,ChIJYbQ3LhSzvzsRW9gVQIXVi0k,"tourist_attraction, point_of_interest, establishment",Salcete (Margao),15.2723661,74.0180003,,
Opinion Poll Square,"Ravindra bhavan, Fatorda, Madgaon, Goa 403601, India",4.5,6,ChIJg2iMp9-zvzsRj8TOHi-RflQ,"tourist_attraction, point_of_interest, establishment",Salcete (Margao),15.2855452,73.9624049,,
MotiDongor Hill,"7XJ8+8PG, Monte Hill, Madgaon, Goa 403601, India",3.8,44,ChIJq6qq6tuzvzsRtScDDgv23vw,"park, point_of_interest, establishment",Salcete (Margao),15.2808001,73.9668408,,
Lohia Maidan,"7XF5+5H9, Isidorio Baptista Rd, Pajifond, Madgaon, Goa 403601, India",3.8,308,ChIJbbW30-mzvzsRn3Jvk5bBUSg,"point_of_interest, establishment",Salcete (Margao),15.2729097,73.9589888,,
Aga Khan Children's Park,"7XF5+P48, Pajifond, Madgaon, Goa 403601, India",3.7,2634,ChIJR088NuizvzsRD0RGysUFDx4,"park, point_of_interest, establishment",Salcete (Margao),15.2742891,73.9578409,,
Shri Damodar Temple,"Gogoleshwar Temple Rd, EWS COLONY, Gogol Housing Board, Madgaon, Goa 403601, India",4.7,58,ChIJZTVU1S2yvzsRNkvLZsV_fzw,"hindu_temple, tourist_attraction, place_of_worship, point_of_interest, establishment",Salcete (Margao),15.282063,73.992065,,
Culinary & Tourism Tales,"Fatorda, Madgaon, Goa 403602, India",0,0,ChIJyWODoICxvzsRBz8o5fUx52Y,"tourist_attraction, point_of_interest, establishment",Salcete (Margao),15.2968078,73.9578367,,
FATORDA junction,"Stadium, Dongarvaddo, Fatorda, Madgaon, Goa 403601, India",4.8,11,ChIJ9RThF6ixvzsRpv_j1knUqLM,"tourist_attraction, point_of_interest, establishment",Salcete (Margao),15.2905518,73.9635481,,
Madgaon Town Goa India,"7XH9+XW8, Borda, Madgaon, Goa 403601, India",4.7,3,ChIJP-3RLwCzvzsRGvMrtxeAI3w,"tourist_attraction, point_of_interest, establishment",Salcete (Margao),15.2799156,73.9698343,,
Arlem Junction (Raia),"7XXC+8W7, Pepsi factoryArlem circleroad, Ponda, Madgaon, Goa 403602, India",4.3,7,ChIJiavNQACxvzsRM6vGb5lLVTQ,"tourist_attraction, point_of_interest, establishment",Salcete (Margao),15.2982934,73.9723041,,
Capela de Nossa Senhora da Piedade,"7XH7+X46, Padre Miranda Rd, Monte Hill, Madgaon, Goa 403601, India",4.5,177,ChIJS0plTtyzvzsRaZdIZ_ZeBnM,"tourist_attraction, church, place_of_worship, point_of_interest, establishment",Salcete (Margao),15.2798686,73.9627643,,
Gonsua Betalbatim Beach,"Pacheco Vaddo, Gansua, Betalbatim, Goa 403713, India",4.5,391,ChIJg5uysxq3vzsRO8TaBsR85ts,"tourist_attraction, point_of_interest, establishment",Salcete (Margao),15.3072064,73.9030586,,
Little Hearts River.,"822C+6GX, Curtorim, Shelvan, Goa 403709, India",4.5,27,ChIJrULpjYCxvzsRYDL2Fm7KU_Y,"tourist_attraction, point_of_interest, establishment",Salcete (Margao),15.3006141,74.0213513,,
Majorda beach,"8W63+F4J, Majorda, Goa 403713, India",4.6,337,ChIJwTfthqi3vzsRpAgUskiy6l4,"tourist_attraction, point_of_interest, establishment",Salcete (Margao),15.3112107,73.9027669,,
Majorda Christmas Gotto,"8W5J+C5V, Seraulim Railway Station, Nuvem, Goa 403713, India",0,0,ChIJZxP0a7q3vzsRTCGw6I3bLek,"tourist_attraction, point_of_interest, establishment",Salcete (Margao),15.3086101,73.9304208,,
Betul Sunset View Point,"Betul, Sunset View Road, Canaguinim, Kital, Goa 403703, India",4.6,179,ChIJ87fxBUVNvjsRn8s2mcO3RdU,"tourist_attraction, point_of_interest, establishment",Salcete (Margao),15.1310793,73.9384004,,
Gonsua lake,"7WVG+R55, Fatona, Betalbatim, Gansua, Goa 403713, India",4,28,ChIJjf5Tfha3vzsRCVh4oZpcCKI,"tourist_attraction, point_of_interest, establishment",Salcete (Margao),15.3076565,73.9073963,,
Salaulim Garden,"657H+RFG, Kurdi, Ugem, Goa 403704, India",4.5,1202,ChIJGY0GDtOqvzsR_js0g5JUddQ,"tourist_attraction, park, point_of_interest, establishment",Salcete (Margao),15.2145589,74.1786934,,
Betul Lighthouse,"Bridge, Betul Bridge, Kital, Velim, Goa 403703, India",4.3,1026,ChIJ20LsSGdMvjsR67AjWiNQ1Eg,"tourist_attraction, point_of_interest, establishment",Salcete (Margao),15.14495,73.9581743,,
Amona Riverside Picnic Spot,"63H5+MX8, Amona Rd, Aveden, Amona, Goa 403705, India",4,68,ChIJBWv4fBatvzsRXQx7vLaDGO0,"tourist_attraction, point_of_interest, establishment",Salcete (Margao),15.2291728,74.0599428,,
Nagesh Love Forest,"Gudi, Quepem Rd, Chandor, Goa 403714, India",3.4,404,ChIJNShtiX6tvzsRfW6eUqD5Xtc,"tourist_attraction, amusement_park, point_of_interest, establishment",Salcete (Margao),15.2421745,74.0332858,,
Cansaulim Beach,"8VVQ+QGQ, Cansaulim, Goa 403712, India",4.3,232,ChIJi07fkKC3vzsRbodJKvUTgSQ,"tourist_attraction, point_of_interest, establishment",Salcete (Margao),15.3444647,73.8888727,,
Abyss,"9WFG+JCV, Nagve, Goa 403722, India",4,8155,ChIJGb3Yvle3vzsRMUtGyONUWpE,"aquarium, tourist_attraction, point_of_interest, establishment",Salcete (Margao),15.3741075,73.9260592,,
PCCE FALLS,"Gounlloy, Verna, Lotli, Goa 403713, India",5,46,ChIJI3Xzhlm3vzsRIzZQ7Lu0nm4,"tourist_attraction, point_of_interest, establishment",Salcete (Margao),15.3269517,73.9336924,,
Reknacc River Viewpoint,"82C4+PC5, Unnamed Road, Ilha de Rachol, Rachol, Goa 403719, India",4.3,234,ChIJy2zuNVaxvzsRsh99YzKX8Ek,"tourist_attraction, point_of_interest, establishment",Salcete (Margao),15.3217652,74.0061111,,
Little Beach,"4W9R+C5W, Nakeri, Goa 403703, India",4.4,133,ChIJETKcN2FNvjsREyHB_IGxQ8g,"tourist_attraction, point_of_interest, establishment",Salcete (Margao),15.1186105,73.9404643,,
Varca Beach,"6WRF+4FQ, Beach, Fatrade, Varca, Goa 403721, India",4.6,148,ChIJTZdY_DS1vzsRVovHOR5eyQM,"tourist_attraction, point_of_interest, establishment",Salcete (Margao),15.2403367,73.923747,,
Holy Cross Church,"S-9, Church Building, near Verna Post office, near Central Bank of India, Verna, Lotli, Goa 403722, India",4.8,84,ChIJrfCcPFW3vzsRy-9VJbl6STc,"church, place_of_worship, point_of_interest, establishment",Salcete (Margao),15.3483627,73.9314132,,
Saviour of the World Church,"8XRM+6PX, Loutolim, Goa 403718, India",4.5,299,ChIJ3wtkC1awvzsR5WxUrLo6c1k,"tourist_attraction, church, place_of_worship, point_of_interest, establishment",Salcete (Margao),15.340607,73.984353,,
"Our Lady of Snows Church, Rachol","8256+956, Fr. Agnelo Rd, Praca De, Rachol, Goa 403719, India",4.6,113,ChIJeW05ieuxvzsRNMjV5cvWBEE,"tourist_attraction, church, place_of_worship, point_of_interest, establishment",Salcete (Margao),15.3084185,74.0103291,,
The Tent Church,"4th Floor, Reliance Magnum Building, Kadamba Bus Stand, Madel, Madgaon, Goa 403601, India",4.9,54,ChIJgfDAaoaxvzsRtBMM02PIkCE,"church, tourist_attraction, place_of_worship, point_of_interest, establishment",Salcete (Margao),15.2876692,73.9548415,,
ST. SEBASTIAN CHURCH,"Aquem Alto Rd, Near Railway Station, Aquem, Madgaon, Goa 403601, India",4.4,333,ChIJq6qqqi2yvzsR_nO5UYIKW44,"tourist_attraction, church, place_of_worship, point_of_interest, establishment",Salcete (Margao),15.2723981,73.9709761,,
St John The Baptist Church,"7WGQ+436, Kana, Benaulim, Goa 403708, India",4.6,243,ChIJw9WqPfizvzsRIqiMXLaWZFg,"church, place_of_worship, point_of_interest, establishment",Salcete (Margao),15.2752887,73.9376352,,
Harvest Ministries,"Sh. No. 6&7, Grace Heritage Complex, Fatorda, Madgaon, Goa 403601, India",4.8,18,ChIJeX_hhmGxvzsRR3f-FDZnutg,"church, place_of_worship, point_of_interest, establishment",Salcete (Margao),15.2901892,73.9652548,,
Holy Spirit Church,"Holy Spirit Church, Holy Spirit Rd, Borda, Madgaon, Goa 403601, India",4.6,106,ChIJq1Qtcj-zvzsRvCsMndpuUdE,"church, place_of_worship, point_of_interest, establishment",Salcete (Margao),15.2816579,73.9593313,,
Church of Holy Cross,"5WPX+G5G, Cavelossim, Goa 403731, India",4.6,231,ChIJS27A269MvjsRhQkblB_yJsg,"church, place_of_worship, point_of_interest, establishment",Salcete (Margao),15.1861257,73.9476369,,
Good News Goa,"Goa Community Centre, Housing Board Road, Swami Chinmayanand Road, Vidya Nagar, Madgaon, Goa 403601, India",4.6,86,ChIJL8hy0SyyvzsRzdHc_VkG9qs,"church, place_of_worship, point_of_interest, establishment",Salcete (Margao),15.2811932,73.9834732,,
Igreja Mãe de Deus,"Igreja Pereira Ward Road, Pacheco Vaddo, Majorda, Goa 403713, India",4.6,204,ChIJVSQc6MS2vzsRlB5YZjqV2HI,"tourist_attraction, church, place_of_worship, point_of_interest, establishment",Salcete (Margao),15.3168998,73.9205625,,
St. Anthony's Chapel,"Deusua, Devsua, Goa 403715, India",4.9,408,ChIJt3XxcCuzvzsRcSjhRpE0K2k,"church, place_of_worship, point_of_interest, establishment",Salcete (Margao),15.2172151,73.9692823,,
Our Lady of the Assumption Church,"6272+G2W Sarzora Church, Sarzora, Goa 403715, India",4.8,38,ChIJh5IG1ZGzvzsRPvLe2ZyO5nI,"church, place_of_worship, point_of_interest, establishment",Salcete (Margao),15.2138763,74.0001521,,
Our Lady of Health Church,"5XHW+QV9, Cuncolim, Assolna, Goa 403703, India",4.6,288,ChIJJRPOAT1NvjsResqoLXbv8BQ,"tourist_attraction, church, place_of_worship, point_of_interest, establishment",Salcete (Margao),15.1794143,73.9972238,,
Our Lady Of Hope Church,"6X6H+Q2C, Chinchinim, Goa 403715, India",4.6,118,ChIJR8PbQTuzvzsRntM3CdCqgC4,"church, place_of_worship, point_of_interest, establishment",Salcete (Margao),15.2119516,73.9775072,,
Our Lady of Pilar Church,"7WQR+J86, Suravali Station Rd, Fatona, Seraulim, Goa 403601, India",4.5,164,ChIJGb8MNVSxvzsRmD209xDV03Y,"church, place_of_worship, point_of_interest, establishment",Salcete (Margao),15.2890347,73.940777,,
Igreja de São Tomás,"8VXW+J8V, Cansaulim, Goa 403712, India",4.5,169,ChIJvbR2lAy3vzsRotMHI4O7-dI,"church, place_of_worship, point_of_interest, establishment",Salcete (Margao),15.349117,73.8957854,,
Varca Church Bandstand,"6WJV+VFF, Varca, Goa 403721, India",4.4,346,ChIJWV6tr8izvzsRnJ6dG5y1TYY,"church, place_of_worship, point_of_interest, establishment",Salcete (Margao),15.2321994,73.9436625,,
St. Michael Archangel Church,"6XC4+7XM, Orlim Bridge, Orlim, Goa 403724, India",4.6,151,ChIJ2Vmq7WqzvzsRMvABwbVSGcg,"church, place_of_worship, point_of_interest, establishment",Salcete (Margao),15.2208114,73.957465,,
St. Joseph's Church (Sao Jose Igreja em Dramapur),"Dramapur, Goa 403725, India",4.7,54,ChIJs1zGAv2yvzsRY_6HldHWvVQ,"church, place_of_worship, point_of_interest, establishment",Salcete (Margao),15.2346544,73.9859837,,
St. Anthony Church,"52V5+4P9 St. Anthony church, Veroda Rd, Panzorconi, Cuncolim, Veroda, Goa 403703, India",4,62,ChIJa7vocElNvjsR1QPFZCLXAoY,"church, place_of_worship, point_of_interest, establishment",Salcete (Margao),15.1927933,74.0093659,,
Paroda Church,"62HW+GX2, Paroda, Goa 403705, India",4.5,65,ChIJtb1BeWmtvzsRiC0Pjjpppwc,"church, place_of_worship, point_of_interest, establishment",Salcete (Margao),15.2287502,74.0473785,,
Regina Martyrum Church,"5XMC+845, Assolna, Goa 403701, India",4.5,88,ChIJkR1fJsVMvjsRP2lj_Bybcts,"church, place_of_worship, point_of_interest, establishment",Salcete (Margao),15.1832553,73.9703798,,
"Igreja de Nossa Senhora do Rosário, Davorlim","zorriwado, Davorlim, Goa 403707, India",4.3,106,ChIJIcr5FKuzvzsRoCWlPebf9kU,"church, place_of_worship, point_of_interest, establishment",Salcete (Margao),15.2697114,73.9938887,,
Igreja de Nossa Senhora de Lourdes,"8WG7+2CJ, Utorda Beach Rd, Near, Seraulim Railway Station, Utorda, Goa 403713, India",4.4,145,ChIJAarbPd62vzsRmRDHG61rkt0,"church, place_of_worship, point_of_interest, establishment",Salcete (Margao),15.3250982,73.9135238,,
Our Lady of the Immaculate Conception Church,"4XP4+JWC, Betul Bridge, Kital, Canaguinim, Goa 403703, India",4.5,12,ChIJ15mzVWhMvjsRxBQwdeYteC0,"church, place_of_worship, point_of_interest, establishment",Salcete (Margao),15.1365717,73.9572545,,
Sao Jose de Areal Church,"7264+36R, Sao Jose De Areal, Goa 403709, India",4.6,88,ChIJ8ehlb0KyvzsRq5xrAx6n92w,"church, place_of_worship, point_of_interest, establishment",Salcete (Margao),15.2602459,74.0055254,,
"Igreja de Mãe dos Pobres, Nuvem","8W5W+5CV, Majorda-Nuvem Rd, Madgaon, Nuvem, Goa 403722, India",4.4,241,ChIJk-U9PEixvzsR6oyWXFssL-g,"church, place_of_worship, point_of_interest, establishment",Salcete (Margao),15.3079204,73.9460931,,
Ambaulim Church,"6323+2X7, Ambavali, Diyanv, Goa 403705, India",4.6,75,ChIJy7dnZspSvjsRgzV3GQBF8C8,"church, place_of_worship, point_of_interest, establishment",Salcete (Margao),15.2000456,74.0549115,,
Igreja de Nossa Senhora dos Remédios,"8W2C+F6M, Fatona, Betalbatim, Goa 403713, India",4.8,32,ChIJ3XY4Nea3vzsRs7qfAFAD6ko,"church, place_of_worship, point_of_interest, establishment",Salcete (Margao),15.301218,73.9206486,,
Salcete Beach Resort,"7WH7+GXF, Salcete Beach Resort, 3rd Ward, Colva Beach Rd, Fatona, Colva, Goa 403708, India",4.2,1222,ChIJFTfgJlK1vzsRc8Yo-O2127Y,"lodging, point_of_interest, establishment",Salcete (Margao),15.2818475,73.9150829,,
Betalbatim Beach,"7WV5+464, Fatona, Betalbatim, Goa 403713, India",4.5,1431,ChIJyUH4oJm2vzsRfO9h7HYF6CE,"point_of_interest, establishment",Salcete (Margao),15.2927539,73.908082,,
Pandolim beach,"7WP6+8CQ, Fatona, Colva, Goa 403708, India",4.4,52,ChIJQekDis-3vzsRBExkLpSmI7M,"point_of_interest, establishment",Salcete (Margao),15.2857776,73.9102663,,
Zalor Beach,"6W3M+JJG, Fatrade, Orlim, Goa 403721, India",4.4,359,ChIJNbd806e0vzsRx05ONjEW9Nk,"point_of_interest, establishment",Salcete (Margao),15.2040535,73.9340749,,
Vaddem Beach,"Vaddem, Vasco Da Gama, Goa 403802, India",3.8,398,ChIJ6ROfhZrHvzsRVpkUvD1gv9o,"point_of_interest, establishment",Salcete (Margao),15.4031689,73.8277388,,
The Southern Deck - Beach Bar & Bistro,"Near, Beach, Benaulim, Goa 403708, India",4.4,7079,ChIJjwB9emy0vzsRLgJZtqxrAEk,"restaurant, bar, point_of_interest, food, establishment",Salcete (Margao),15.2582826,73.9191702,,
Sea Queen Beach Resort & Spa,"96/5.5, Beach Road, Fatona, Colva, Betalbatim, Goa 403713, India",4.5,1108,ChIJOfwpabm3vzsRgPj1ugTS_JQ,"bar, spa, lodging, restaurant, point_of_interest, food, establishment",Salcete (Margao),15.2881587,73.9123698,,
Betul Beach,"Betul Beach, Mobor Beach, Goa, India",4.5,838,ChIJRb4XN2NMvjsRSIXR2ceIhxM,"natural_feature, establishment",Salcete (Margao),15.1464602,73.9481058,,
Carmona Beach,"Carmona Beach, Goa, India",4.5,819,ChIJVZpSmqm0vzsRI8XB5yFFocQ,"natural_feature, establishment",Salcete (Margao),15.2010731,73.9337777,,
Beleza By The Beach,"Beach, Thondwaddo, Colva, Betalbatim, Goa 403713, India",4.4,5467,ChIJxx0huJi2vzsRCCzSzaoBTR4,"lodging, point_of_interest, establishment",Salcete (Margao),15.2908882,73.9117496,,
C’ Roque Beach Resort,"near Kentuckee Seafood Restaurant, Colva, Sernabatim, Goa 403708, India",4.4,1570,ChIJgS3f5Ba0vzsR2iJDWESF0fw,"lodging, point_of_interest, establishment",Salcete (Margao),15.2693915,73.9160508,,
Azaya Beach Resort Goa,"336/0, Village Calwaddo, Benaulim, Goa 403716, India",4,3253,ChIJCWQ_dpK-vzsR3p7Sr3HqPqQ,"spa, lodging, point_of_interest, establishment",Salcete (Margao),15.2410414,73.9273839,,
Grandmother's Hole Beach,"Grandmother's Hole Beach, Goa, India",4.3,270,ChIJM8Wr1VbGvzsRYf0ap71yeoo,"natural_feature, establishment",Salcete (Margao),15.4049801,73.7865791,,
Sunset Beach,"Sunset Beach, Goa, India",4.5,1735,ChIJ4evHw5O2vzsRl0btkGSiHIg,"natural_feature, establishment",Salcete (Margao),15.3012749,73.9049348,,
Mobor Beach,"Mobor Beach, India",4.6,916,ChIJqXb8dYZMvjsRxawF2w4G7zU,"natural_feature, establishment",Salcete (Margao),15.1563886,73.9457178,,
Varca Beach @ Club Mahindra Varca Beach Resort,"Club Mahindra Beach Resort, Beach, Fatrade, Varca, Goa 403721, India",4.5,295,ChIJL1ecGyW1vzsRd-2niHP2vwk,"tourist_attraction, lodging, point_of_interest, establishment",Salcete (Margao),15.2237671,73.9289228,,
Bogmalo beach,"9V82+W9, Dabolim, Bogmalo, Goa 403806, India",4.4,113,ChIJ7bvk4Ri3vzsRd3ebxCUBpG0,"tourist_attraction, point_of_interest, establishment",Salcete (Margao),15.3692522,73.8347112,,
Loutolim Church Square,"8XRM+9J6, Loutolim, Goa 403718, India",4.6,91,ChIJr1lTTsmxvzsRepfGVbDsPPk,"point_of_interest, establishment",Salcete (Margao),15.3409145,73.9840169,,
Portuguese Era Bridge of Sao Jose De Areal Village,"7253+752, Sao Jose De Areal, Goa 403707, India",4.5,15,ChIJndBnmEGzvzsR57DWezGkTe8,"point_of_interest, establishment",Salcete (Margao),15.2581461,74.0028766,,
Prem Setu,"9VRH+89R Central Lawn, Bits, Campus, Pilani, Chicalim, Sancoale, Goa 403726, India",3,2,ChIJNVGXVQC5vzsRF0EplWxHjtk,"point_of_interest, establishment",Salcete (Margao),15.3907234,73.8781197,,
Nandanvan Spice Farm,"Panjim-Belgaum Road, Near opa Water Works, Kodar, Goa 403406, India",4.2,1644,ChIJfTs0qmulvzsR8WKKQguH9aM,"tourist_attraction, lodging, point_of_interest, establishment",Salcete (Margao),15.4051111,74.0577333,,
Pandava Caves,"C2HX+MWF, Tisk, Khandepar, Goa 403406, India",4,67,ChIJ2WgFkiClvzsRX3U6X-oMVRE,"point_of_interest, establishment",Salcete (Margao),15.4291796,74.0498219,,
Calçada da Nossa Senhora de Piedade,"7XJ6+465, Nehrunagar, Madgaon, Goa 403601, India",5,2,ChIJG7Zdr_SzvzsRzmkh_BF5Ufk,"point_of_interest, establishment",Salcete (Margao),15.2802226,73.9604481,,
samarth gad,"Housing Board, Navelim, New Zariwaddo, Rumdamol, Davorlim, Goa 403601, India",4.1,10,ChIJu4XnGlezvzsRyYttRdENr5g,"point_of_interest, establishment",Salcete (Margao),15.275252,73.9851188,,
Fishing point,"8256+385, Rachol, Goa 403719, India",5,5,ChIJPQC9GrSxvzsRE-iPtzvphXc,"point_of_interest, establishment",Salcete (Margao),15.3076377,74.0108646,,
Chatrapati shivaji Maharaj smaharak (chawk),"Swami Chinmayanand Road, Gogol Housing Board, Madgaon, Goa 403601, India",4.8,6,ChIJQfp5SsyzvzsRlxHBAfWEE5o,"point_of_interest, establishment",Salcete (Margao),15.2805227,73.9891404,,
Cuncolim Village Ruins,"5X8W+8V6, Cuncolim, Assolna, Goa 403703, India",2.4,5,ChIJlRCw31pNvjsRfHVpzOXpWUE,"point_of_interest, establishment",Salcete (Margao),15.166665,73.998133,,
Carmelite church ruins,"GW39+355, Old Goa, Goa 403402, India",4.7,9,ChIJKRKDYgC_vzsRvlbgYtg-b5Y,"point_of_interest, establishment",Salcete (Margao),15.5026414,73.9179693,,
Titan Gate,"9WCG+FR8, NH-17B, Verna Industrial Estate, Kesarvale, Nagve, Goa 403722, India",4,2517,ChIJhVcwJ1e3vzsRFvbo11A1J6s,"point_of_interest, establishment",Salcete (Margao),15.3711694,73.9270822,,
Mill Stones of Gun Powder Factory,"GW36+43Q, Old Goa, Goa 403402, India",4.3,47,ChIJh0e2BPO-vzsReWmKgvI50V0,"point_of_interest, establishment",Salcete (Margao),15.5028285,73.9102318,,
Macario Junction,"8WFP+J7X, Dongrim, near Waters Edge Hotel, Dongorim, Nuvem, Goa 403713, India",5,4,ChIJfefHEwC3vzsRrqE2T5S61N0,"point_of_interest, establishment",Salcete (Margao),15.3241007,73.9357382,,
Ruínas de Igreja Nossa Senhora do Carmo,"FVWC+HJ4, Ilhas, Chimbel, Goa 403006, India",4.6,138,ChIJo251DaG_vzsRtUTJ3EgwKPk,"point_of_interest, establishment",Salcete (Margao),15.4963959,73.8715827,,
Froggyland - The Water World,"Pateapur, Nuvem",4,1871,ChIJfygMViSxvzsRqXra1Y0GOm4,"tourist_attraction, amusement_park, point_of_interest, establishment",Salcete (Margao),15.321632,73.9519311,,
Our Lady of Mount Carmel Chapel,"92X3+FHW, Sadar, Kurtarkar Nagari, Ponda",4.5,224,ChIJnQfT1ZW6vzsRuRF1ABLvIYQ,"tourist_attraction, church, place_of_worship, point_of_interest, establishment",Salcete (Margao),15.398742,74.003947,,
Shree Saunsthan Shantadurga Chamundeshwari Kudtari Mahamaya,"63H3+CJ8, Ghudo, Aveden",4.7,811,ChIJ8-UvLxWtvzsRHh2_XWuMJYU,"hindu_temple, tourist_attraction, place_of_worship, point_of_interest, establishment",Salcete (Margao),15.2285273,74.0540636,,
Nuvem Church Christmas Crib,"8W5W+5CV, Majorda-Nuvem Road, Madgaon",5,5,ChIJpybrdQCxvzsRXoafLa5gOFo,"tourist_attraction, point_of_interest, establishment",Salcete (Margao),15.3081875,73.9462052,,
Old baniyan Tree GOA-Madgaon,"7XM4+HPM, Colva Circle, Fatorda, Madgaon",5,1,ChIJVXc7FQCzvzsRgyweRRDa-Ls,"tourist_attraction, point_of_interest, establishment",Salcete (Margao),15.2839617,73.9568038,,
Casa Guia Rebelo,"Hn 33, Rumdi, Nuvem",0,0,ChIJoa6dLwCxvzsREP1aOv1DGsk,"tourist_attraction, point_of_interest, establishment",Salcete (Margao),15.3163765,73.942727,,
Savio Vales Street,"7WVP+724, Fatona, Dhunkali",5,12,ChIJUyt9cQC3vzsRg2irtR8Eu1Q,"tourist_attraction, point_of_interest, establishment",Salcete (Margao),15.2931307,73.9350788,,
Colva road,"7WJV+88V, Fatona, Seraulim",3,1,ChIJvUQPBACzvzsR7xsvZmPvB_U,"tourist_attraction, point_of_interest, establishment",Salcete (Margao),15.2812666,73.9428853,,
Agally Fatorda Christmas Crib,"7XQG+6W4, Borda, Madgaon",4.2,9,ChIJnaHZ_NWzvzsReJpbfvSEfho,"tourist_attraction, point_of_interest, establishment",Salcete (Margao),15.2880063,73.9773262,,
Pilot Point - Mormugao Port Trust,"CQ6W+59H, Headland Sada, Vasco Da Gama, Goa 403803, India",3.7,240,ChIJ77yvvqrHvzsRJIfEzPTBw3M,"tourist_attraction, point_of_interest, establishment",Mormugao (Vasco),15.4104344,73.7959938,,
Baina Beach Sunset Point,"Ground floor, Menezes Souza Building, near Sanjivani Hospital, Baina, Vasco Da Gama, Mormugao, Goa 403802, India",4.3,568,ChIJv_vJElTHvzsR1UCX6rUIL4k,"tourist_attraction, point_of_interest, establishment",Mormugao (Vasco),15.3946396,73.8046205,,
Japanese Garden,"CQ4P+QVJ, Marmugao Port Trust Colony, Mormugao, Goa 403804, India",4.1,8211,ChIJsbm561bGvzsR2uhVi1Uzo9E,"park, tourist_attraction, point_of_interest, establishment",Mormugao (Vasco),15.4069725,73.7871306,,
Sada beach,"CQ4P+HJ3, Marmugao Port Trust Colony, Vasco Da Gama, Mormugao, Goa 403804, India",4.5,8,ChIJ73lVbwDHvzsRjcDsuc01CpM,"tourist_attraction, point_of_interest, establishment",Mormugao (Vasco),15.4063837,73.7865601,,
Japanese Beach,"CQ4P+PFM, Headland Sada, Vasco Da Gama, Mormugao, Goa 403804, India",4.5,37,ChIJlVnNLwDHvzsR2HLCAvOgE5w,"tourist_attraction, point_of_interest, establishment",Mormugao (Vasco),15.4059645,73.7863033,,
Beach Sun set View Point,"CQ4P+PFM, Headland Sada, Vasco Da Gama, Mormugao, Goa 403804, India",4.7,48,ChIJuzunganHvzsRn9Vmk-FqYs8,"tourist_attraction, point_of_interest, establishment",Mormugao (Vasco),15.4068494,73.7861705,,
Lovers View Point,"CQ4P+QHF Head Land Sada, Marmugao Port Trust Colony, Mormugao, Goa 403804, India",4.4,25,ChIJEXTqTFbHvzsRSrL-tugU154,"tourist_attraction, point_of_interest, establishment",Mormugao (Vasco),15.4066692,73.786411,,
Vaddem sight seing,"CR39+8WX, Vaddem, Vasco Da Gama, Goa 403802, India",4,1,ChIJk4aFOQDHvzsR5OqfJMgVFzU,"tourist_attraction, point_of_interest, establishment",Mormugao (Vasco),15.4033746,73.8198508,,
Venice Rocks,"161-A, Alto Chicalim, Bogmalo, Goa 403711, India",4.1,49,ChIJA_LJAFS5vzsRp8jXA1FPq-Q,"tourist_attraction, point_of_interest, establishment",Mormugao (Vasco),15.4038461,73.8443074,,
Varunapuri Beach,"9RJ5+44Q, Varunapuri, Mormugao, Goa 403802, India",4.1,52,ChIJPwQ3aLPHvzsRTr6U3_ecIh8,"tourist_attraction, point_of_interest, establishment",Mormugao (Vasco),15.3803477,73.8078643,,
Varnapuri Junction,"9RP9+7R2, Varunapuri, Mormugao, Vasco Da Gama, Goa 403801, India",4,49,ChIJH7d2IQDHvzsRlsdFz1WNH7w,"tourist_attraction, point_of_interest, establishment",Mormugao (Vasco),15.3856444,73.8195245,,
Baina Sea Link Bridge,"NH566, MPT Colony, Baina, Vasco Da Gama, Mormugao, Goa 403802, India",4.4,13,ChIJFaOFMgDHvzsRWvSXHjwHElw,"tourist_attraction, point_of_interest, establishment",Mormugao (Vasco),15.392319,73.8071273,,
Behind new vaddem lake,"CR3H+739, Vaddem, Bogmalo, Goa 403802, India",4.1,9,ChIJZzTDD1zHvzsRtzGHeMHH06A,"tourist_attraction, point_of_interest, establishment",Mormugao (Vasco),15.4031163,73.8283573,,
Elle Agri Treks and Tours,"Vaddem, Vasco Da Gama, Goa 403802, India",4.4,9,ChIJBewxj2nHvzsRPEpB2sBPl1g,"tourist_attraction, point_of_interest, establishment",Mormugao (Vasco),15.4019581,73.8175543,,
Bimbvel Beach,"9RG7+FG, Vasco Da Gama, Goa 403801, India",0,0,ChIJd0BdfgDHvzsRupbT_iHm1QU,"tourist_attraction, point_of_interest, establishment",Mormugao (Vasco),15.3761671,73.8138674,,
Scuba diving spot Goa,"9QFX+J7, Vasco Da Gama, Goa, India",3.1,14,ChIJ2R3fdADHvzsRe1AILLcfXJg,"tourist_attraction, point_of_interest, establishment",Mormugao (Vasco),15.374035,73.798246,,
Baina highway,"9RP5+M9R, MPT Colony, Valankanni, Baina, Vasco Da Gama, Mormugao, Goa 403802, India",5,1,ChIJ0TExYgDHvzsR31rvxElYZ0M,"tourist_attraction, point_of_interest, establishment",Mormugao (Vasco),15.3867393,73.8084054,,
Heart Shape Lake,"Chikolna, Goa 403806, India",4.4,999,ChIJnXi5ICS3vzsR4qiKolF-iYU,"tourist_attraction, point_of_interest, establishment",Mormugao (Vasco),15.3610396,73.8424748,,
Naval Seaview point,"CQ4P+PFM, Headland Sada, Vasco Da Gama, Mormugao, Goa 403804, India",5,4,ChIJeUU_WQDHvzsRVK6PHZj3f98,"tourist_attraction, point_of_interest, establishment",Mormugao (Vasco),15.4078399,73.7857722,,
Grande torre,"9QXF+XH, Vasco Da Gama, Goa, India",4,2,ChIJQ4DyaADHvzsRDwQQJaMUhGc,"tourist_attraction, point_of_interest, establishment",Mormugao (Vasco),15.3999624,73.7739896,,
Jake's underwater cave,"9Q2M+9C, Vasco Da Gama, Goa 403601, India",4.5,8,ChIJY-LZdADJvzsRmx8RdE9UfYI,"tourist_attraction, point_of_interest, establishment",Mormugao (Vasco),15.3509375,73.7835625,,
Fishing boat parking lot,"CR38+78C, Vaddem, Vasco Da Gama, Goa 403802, India",0,0,ChIJpVADQADHvzsRUxxF7qb4W_M,"tourist_attraction, point_of_interest, establishment",Mormugao (Vasco),15.4029084,73.8150972,,
Way to Grand Island,"8QXW+J5, Vasco Da Gama, Goa, India",3.7,3,ChIJQa47eQDJvzsRhat6EaUsloo,"tourist_attraction, point_of_interest, establishment",Mormugao (Vasco),15.3491431,73.7946306,,
Vasco Garden,"9RX7+47W, Vaddem, Vasco Da Gama, Goa 403802, India",3.7,23,ChIJ45oacLzHvzsR73AnGc6d-kY,"park, point_of_interest, establishment",Mormugao (Vasco),15.39786,73.8131899,,
Sara's Bay,"9Q3J+V4, Vasco Da Gama, Goa, India",5,8,ChIJdWTrCgDJvzsR__x9X4puHY0,"tourist_attraction, point_of_interest, establishment",Mormugao (Vasco),15.3546453,73.7802613,,
Whale,"8QXC+QQ, Vasco Da Gama, Goa, India",0,0,ChIJZ9umGADJvzsRohS5nC0ClLo,"tourist_attraction, point_of_interest, establishment",Mormugao (Vasco),15.3494781,73.7719776,,
Beauty Rock,"8QV6+M4, Vasco Da Gama, Goa, India",5,1,ChIJLQpzGADJvzsR951_diAnFpQ,"tourist_attraction, point_of_interest, establishment",Mormugao (Vasco),15.3442122,73.7602993,,
Shoe rock,"8QX7+JM, Vasco Da Gama, Goa, India",3,2,ChIJKyM7DwDJvzsRM69TwLsiFjc,"tourist_attraction, point_of_interest, establishment",Mormugao (Vasco),15.3491234,73.7641932,,
São Jacinto Island,"CV47+G9W, São Jacinto, Sancoale, Goa 403711, India",4.2,159,ChIJse7xxme4vzsRjr86FPOpuSQ,"tourist_attraction, point_of_interest, establishment",Mormugao (Vasco),15.4063698,73.86345,,
Sniper's point,"CQ3Q+W57, Custom Colony, Mormugao, Goa 403804, India",0,0,ChIJjaWBDADHvzsRO0PXYYvwW7w,"tourist_attraction, point_of_interest, establishment",Mormugao (Vasco),15.4047828,73.7879204,,
Sunset Park,"9RJ6+68M, Unnamed Road, Varunapuri, Vasco Da Gama, Mormugao, Goa 403802, India",4.3,115,ChIJ02xTgsTHvzsRBKIIjTnsOBE,"park, point_of_interest, establishment",Mormugao (Vasco),15.3805756,73.8107895,,
Jacuzzi water falls,"9VC6+2X4, Verna, Dabolim, Goa 403806, India",4.6,7,ChIJNTs4EAC3vzsRd061I-_lnpQ,"tourist_attraction, point_of_interest, establishment",Mormugao (Vasco),15.3700157,73.8624576,,
C & A adventures water sports,"beach, Bogmalo, Mormugao, Goa 403806, India",3.6,7,ChIJRWe7SVrHvzsRoavk_URtYgc,"tourist_attraction, point_of_interest, establishment",Mormugao (Vasco),15.369213,73.8341244,,
Hole Beach View Point,"CQ3P+XM8, Headland Sada, Mormugao, Goa, India",3.7,3,ChIJ_YzheqHHvzsRvTnncPdnjy0,"tourist_attraction, point_of_interest, establishment",Mormugao (Vasco),15.4049002,73.7867089,,
Baina Beach,"9RR4+JPM, Beach, Baina, Mormugao, Goa 403802, India",4.2,2322,ChIJn9jM-MjHvzsR9KTwwkmmR8E,"point_of_interest, establishment",Mormugao (Vasco),15.3915832,73.8068001,,
Valor Beach,"9V7H+79, Consua, Goa 403712, India",4.4,33,ChIJ666TNqG3vzsRA-sPd0TohsU,"tourist_attraction, point_of_interest, establishment",Mormugao (Vasco),15.363175,73.8783893,,
Mormugao Port Authority Children's Park,"CQ4P+XRH, Headland Sada, Vasco Da Gama, Mormugao, Goa 403804, India",4,70,ChIJd4WP8VbGvzsRhcNNjdlXrXM,"park, point_of_interest, establishment",Mormugao (Vasco),15.407445,73.7870959,,
Bogmalo Beach,"Bogmalo Beach, Bogmalo, Goa 403806, India",4.4,2435,ChIJWw10cf3HvzsRnMktzbQW5J0,"natural_feature, establishment",Mormugao (Vasco),15.3698038,73.8336358,,
Hansa Beach,"Hansa Beach, Vasco Da Gama, Goa, India",4.3,194,ChIJs18hiNzHvzsRbzenwLDrX9M,"natural_feature, establishment",Mormugao (Vasco),15.3761369,73.8137851,,
Bimbel Beach,"Bimbel Beach, Vasco Da Gama, Goa 403801, India",3.7,32,ChIJCTDr0-DHvzsR9UEtahayNOE,"natural_feature, establishment",Mormugao (Vasco),15.3731347,73.8211375,,
Dream Beach,"9R8P+3MC, Bogmalo, Goa 403806, India",4.9,7,ChIJDSI10u7JvzsR4lzwLqAN-nk,"park, point_of_interest, establishment",Mormugao (Vasco),15.3651972,73.8366373,,
Utorda Beach,"8V9X+RCV, Utorda, Goa 403713, India",4.5,1015,ChIJFX_X4vq2vzsRD8vMc2kuQ8Q,"point_of_interest, establishment",Mormugao (Vasco),15.3196183,73.8985491,,
NCPOR Sunset Point,"9QWR+W9J, Unnamed Road, Alto Desterro, Mormugao, Goa 403803, India",4.8,20,ChIJRf-Nh2PHvzsRDtdgPz_kCfk,"park, point_of_interest, establishment",Mormugao (Vasco),15.3973406,73.7908956,,
Vainguinim Beach,"Vainguinim Beach, Goa 403004, India",4.4,350,ChIJUw_oZjTHvzsRdEnG1K85mmg,"natural_feature, establishment",Mormugao (Vasco),15.4555962,73.8134175,,
Vaddem Lake and Park,"9RXH+W63, Vaddem, Vasco Da Gama, Goa 403802, India",3.9,77,ChIJt9Ons5HHvzsRlLB5ydLBWxM,"park, point_of_interest, establishment",Mormugao (Vasco),15.3997582,73.8280506,,
MUNICIPAL PARK,"9RX7+384, Swatantra Path, Vaddem, Mormugao, Vasco Da Gama, Goa 403802, India",3.8,131,ChIJF2rbb7zHvzsRRK50NrNIQWs,"park, point_of_interest, establishment",Mormugao (Vasco),15.3976309,73.8133397,,
1930 Vasco,"Swatantra Path, opp. The HQ, Vaddem, Vasco Da Gama, Goa 403802, India",4,1470,ChIJl6jODLzHvzsRrvkuMpDJn-k,"movie_theater, shopping_mall, parking, meal_takeaway, restaurant, point_of_interest, food, establishment",Mormugao (Vasco),15.3970725,73.8129321,,
Purva Aquarium & pets,"shop no 6, chase international bldg, Purva aquarium, behind Hotel La Paz Building, Vasco Da Gama, Goa 403802, India",3.8,91,ChIJjQFxX7zHvzsRY56bK5jDwB8,"aquarium, point_of_interest, store, establishment",Mormugao (Vasco),15.397901,73.813995,,
Children's Park,"9RXH+5RG, Vaddem, Vasco Da Gama, Goa 403802, India",3.6,86,ChIJXS2y5ZHHvzsRCZxv0uNfNSQ,"park, point_of_interest, establishment",Mormugao (Vasco),15.3979421,73.8295721,,
Zuari River Dash (Goa Kayaking),"CV37+MXF, São Jacinto Island, São Jacinto, 403711, India",4.1,223,ChIJx8FvGWi4vzsRu2ejATiKguk,"tourist_attraction, point_of_interest, establishment",Mormugao (Vasco),15.4041848,73.8649289,,
Mormugoa Municipal Childrens park,"Childrens Park, Swatantra Path, Vaddem, Vasco Da Gama, Goa 403802, India",4.1,7,ChIJBSHRarzHvzsRADEfJ2pESY8,"park, point_of_interest, establishment",Mormugao (Vasco),15.3972813,73.813813,,
Parking,"9RPQ+JF9, Chicalim",0,0,ChIJjV0wSwDHvzsRY488r3z2LBo,"tourist_attraction, point_of_interest, establishment",Mormugao (Vasco),15.386533,73.838947,,
Flight landing view point,"9RHW+5FF, Bogmalo Road, Ranghavi Estate, Dabolim",4.3,4,ChIJl_sALwC5vzsREE5NnR7N_I4,"tourist_attraction, point_of_interest, establishment",Mormugao (Vasco),15.3779332,73.8461687,,
Anthony Da Costa Coconut Plantation,"CR2R+76M, Chicalim",5,1,ChIJ9appPgDHvzsR6QsHJruw2cw,"tourist_attraction, point_of_interest, establishment",Mormugao (Vasco),15.4007049,73.8405456,,
Chikhalli Circle,"9RXM+J4H, 9RXM+H4WChicalim, Mormugao",0,0,ChIJL8TgYwDHvzsRRlTAecIE4vY,"tourist_attraction, point_of_interest, establishment",Mormugao (Vasco),15.3990664,73.832845,,
Mansher -The Fishing Point,"CR3V+FPX, Chicalim",5,7,ChIJE37uY5i5vzsRvxld8mNAIZ4,"tourist_attraction, point_of_interest, establishment",Mormugao (Vasco),15.4037468,73.8443688,,
Little Vagator Beach,"HPVM+9RF, Ozran Beach, Small, near Vishwas Restaurant, Vagator, Goa 403509, India",4.4,57,ChIJ6ZnRqarpvzsRP9QN6TdJnbk,"tourist_attraction, point_of_interest, establishment",Bardez (Mapusa),15.5932924,73.7341937,,
Dolphin View Point,"FQQ8+FX7, Unnamed Road, Aguada Fort Area, Candolim, Goa 403515, India",4.3,132,ChIJrYOizHLBvzsRFGafpsTaR7o,"tourist_attraction, point_of_interest, establishment",Bardez (Mapusa),15.4886642,73.767433,,
Badem Sunset Point,"Nr Church, Badem, Vagator, Goa 403509, India",4.5,291,ChIJyccR2t7rvzsRXjIMgotjDP4,"tourist_attraction, point_of_interest, establishment",Bardez (Mapusa),15.6076719,73.7513173,,
Hidden Cave,"PMFJ+56, Querim, Goa 403524, India",4.5,43,ChIJZXmo4pnxvzsRYWDyFZfODtY,"tourist_attraction, point_of_interest, establishment",Bardez (Mapusa),15.722933,73.680528,,
Sunset Point,"Anjuna, Vagator, Goa 403509, India",4.7,46,ChIJnemhO4rpvzsRcIfLZ5I1_JY,"tourist_attraction, point_of_interest, establishment",Bardez (Mapusa),15.5896849,73.7350371,,
Shree Hanuman Maharudra Sansthan,"8/3, Hutatma Circle, Mapusa, Goa 403507, India",4.6,669,ChIJH6lhruPqvzsR1e-1dkaL6eM,"hindu_temple, tourist_attraction, place_of_worship, point_of_interest, establishment",Bardez (Mapusa),15.5910889,73.8101578,,
Chapora River View,"JQJ4+PG6, Unnamed Road, Kudal, Siolim, Gude, Goa 403517, India",4.5,83,ChIJP2Sf_2nrvzsREjVOQ7TtEjc,"tourist_attraction, point_of_interest, establishment",Bardez (Mapusa),15.6317892,73.7562666,,
Amthane Dam,"MWC4+8V4, Amthane, Dumase, Latambarcem, Goa 403513, India",4.2,984,ChIJXYxXvOuTvzsRHFiXj3u6xWg,"tourist_attraction, point_of_interest, establishment",Bardez (Mapusa),15.6707536,73.9071929,,
Baga Creek,"614, Calangute - Baga Rd, Baga, Goa 403509, Calangute - Baga Rd, Baga, Goa 403509, India",4.4,871,ChIJE1bOJR7qvzsR_qI8QRuYqDg,"tourist_attraction, point_of_interest, establishment",Bardez (Mapusa),15.5632781,73.7482106,,
Ganesh Puri Circle,"JR33+4V8, Duler-Marna-Siolim Rd, Ekta Nagar, Mapusa, Goa 403507, India",4.5,13,ChIJXcnVT4LrvzsRgf_RNcLFeSM,"tourist_attraction, point_of_interest, establishment",Bardez (Mapusa),15.6027997,73.8046962,,
Mapusa Municipal Market,"Municipal Market, Mapusa Municipal Market, Mapusa, Goa 403507, India",3.9,23160,ChIJE8eTqebqvzsRfdJVSlfrikk,"point_of_interest, establishment",Bardez (Mapusa),15.5883763,73.8127861,,
Manohar Parrikar Junction,"HQ9P+9X4, Calangute - Mapusa Rd, Parra, Goa 403510, India",4.6,20,ChIJ-cNJkRvrvzsRa5kAa_LIb9Q,"tourist_attraction, point_of_interest, establishment",Bardez (Mapusa),15.5683941,73.7874503,,
Thunder world Goa Amusement Parks,"Road, Vegas Vaddo Rd, nr. St. Joseph School Road, Nagva, Arpora, Goa 403516, India",4.4,2146,ChIJs_yJ2ljrvzsRwK8iiy9B2Uc,"amusement_park, tourist_attraction, point_of_interest, establishment",Bardez (Mapusa),15.5613477,73.7703529,,
Guirim Pokollim,"HR74+93V, Guirim, Goa 403510, India",4.2,196,ChIJAQAAAJfqvzsRwArQuEA_wbY,"point_of_interest, establishment",Bardez (Mapusa),15.5634875,73.8051719,,
Ram Cruise Booking,"Housing board, near FITNESS GYM, Ekta Nagar, Mapusa, Goa 403507, India",5,9,ChIJCR6mL47rvzsRWBTfIzOHvCE,"tourist_attraction, point_of_interest, establishment",Bardez (Mapusa),15.6010635,73.8055602,,
SAI ISLAND AND FARM,"Locality - Bunderwado, Road, Sonaye, Tuye, Goa 403512, India",4.7,134,ChIJ_3X52eTtvzsRts4G7ZMLdvI,"tourist_attraction, point_of_interest, establishment",Bardez (Mapusa),15.6544406,73.8073613,,
Sunset View Point,"JQ62+2QC, Assagao, Goa 403512, India",4.7,124,ChIJF9pAmLXrvzsR7y9eQPFouKs,"tourist_attraction, point_of_interest, establishment",Bardez (Mapusa),15.6100663,73.7518765,,
Querim Cave,"PM3V+RVC, Paliem, Goa 403519, India",4.5,476,ChIJL7v1a27vvzsR77ltuRh5gNs,"tourist_attraction, point_of_interest, establishment",Bardez (Mapusa),15.7043033,73.6939386,,
Vagator Beach Cross,"HPXM+R2W, Bardez, Anjuna, Goa, India",4.4,74,ChIJ1RrC1nHpvzsRC-6IN8mKVNc,"point_of_interest, establishment",Bardez (Mapusa),15.5996173,73.7325904,,
Anjuna beach,"HPMP+QRQ, Dmello Vaddo, Anjuna, Goa 403509, India",4.4,261,ChIJ0RksR4PpvzsR_JmuqKSOBSg,"point_of_interest, establishment",Bardez (Mapusa),15.5844512,73.7371005,,
Kegdole Beach,"Kegdole Beach, Goa, India",4.1,90,ChIJD3_kY_7AvzsRtCKhhrfR8TU,"natural_feature, establishment",Bardez (Mapusa),15.4986227,73.796598,,
Callgunte Beach,"Callgunte Beach, Near Calangute Beach, Calangute, Goa 403516, India",4.3,640,ChIJTYXuY_3BvzsRq4_IXSwnlic,"natural_feature, establishment",Bardez (Mapusa),15.5446641,73.7576483,,
Anjuna Beach,"Monteiro Vaddo, Anjuna, Goa 403509, India",4.6,41,ChIJb2Nex3jpvzsRkBsDLIIHGBE,"tourist_attraction, point_of_interest, establishment",Bardez (Mapusa),15.5761254,73.7403916,,
Little Vagator,"Little Vagator, Vagator, Goa 403509, India",4.5,630,ChIJc5u2ZnfpvzsRlcPuyACy-JI,"natural_feature, establishment",Bardez (Mapusa),15.5927324,73.735625,,
Chapora Beach,"Chapora Beach, Chapora, Goa, India",4.1,552,ChIJ01ErhWbpvzsRnEzT0GMVjh8,"natural_feature, establishment",Bardez (Mapusa),15.606325,73.7402468,,
Srikarisapusiá Beach,"ROCKPOOL, 495, W Goa, 2, Vagator Beach Rd, Vagator, Anjuna, Goa 403509, India",5,3,ChIJuVglFADpvzsRWe4ZHq21IEw,"tourist_attraction, point_of_interest, establishment",Bardez (Mapusa),15.6066796,73.7323809,,
Candolim Beach Entry Gate,"573, Candolim Beach Rd, Candolim, Goa 403515, India",4.6,40,ChIJER7Qg7HBvzsRuBcwWRhOKv0,"tourist_attraction, point_of_interest, establishment",Bardez (Mapusa),15.5181114,73.7638247,,
Chari House,"JP3Q+CRR, Chapora, Anjuna, Goa 403509, India",5,8,ChIJE4WmZcHpvzsRfokh2LTOYzQ,"point_of_interest, establishment",Bardez (Mapusa),15.6036249,73.7394858,,
Heritage Exotica Villa,"Villa A1, Heritage Exotica, Bardez, Arpora, Goa 403516, India",4.7,256,ChIJ7e3F0u7rvzsRiushDCJTilg,"point_of_interest, establishment",Bardez (Mapusa),15.5699222,73.7688268,,
Palacete Rodrigues - Heritage Holiday Mansion,"H.no, 1131, Bardez, Mazal Waddo, Anjuna, Goa 403509, India",4.2,174,ChIJX-9hTynqvzsRsFDhRJXbSFA,"bar, lodging, restaurant, food, point_of_interest, establishment",Bardez (Mapusa),15.5834853,73.753063,,
The Banyan Tree,"MPP6+H2X, Arambol",4.3,120,ChIJQQ0EV1DuvzsRN1cweqHFutA,"hindu_temple, tourist_attraction, place_of_worship, point_of_interest, establishment",Bardez (Mapusa),15.6864792,73.7101138,,
Nagesh Water World,"road, near Pascol farm, opposite Nestle factory, Ponda, Tisk, Khandepar, Goa 403406, India",3.6,1120,ChIJCR5nGxelvzsRHCjJA0c6jnA,"tourist_attraction, amusement_park, point_of_interest, establishment",Ponda,15.4173318,74.0589388,,
Sunset Point Parampai,"Madkai - Kundai Link Rd, Ponda, Madkai, Goa 403404, India",4.4,52,ChIJv6UuCLm7vzsR_sS0dmVD4uE,"tourist_attraction, point_of_interest, establishment",Ponda,15.4068838,73.9443716,,
Khadpaband Garden,"9XXX+FX9, Friends Colony, Khadpabandh, Ponda, Goa 403401, India",4.1,308,ChIJk4-F-5O6vzsRSEFeY7X4txw,"park, point_of_interest, establishment",Ponda,15.3986647,73.9999901,,
St. Anne's Church - Ponda,"C237+5XF, Silva Nagar, Ponda, Goa 403401, India",4.5,208,ChIJcfVL5Hy7vzsRz-cutqs6uz0,"tourist_attraction, church, place_of_worship, point_of_interest, establishment",Ponda,15.402947,74.0148868,,
Shree Bhagavati Temple,"9XQX+37W, Dhavali, Yashwant Nagar, Ponda, Goa 403401, India",4.7,142,ChIJoSrEm5u6vzsR9YW8sY84gZE,"hindu_temple, tourist_attraction, place_of_worship, point_of_interest, establishment",Ponda,15.3877655,73.9981828,,
KalilShaikh Taxi Tourist,"Naga masjid, Curti, Ponda, Goa 403401, India",5,1,ChIJEdCLjJa7vzsRHFL23QG1ToE,"tourist_attraction, point_of_interest, establishment",Ponda,15.4067917,74.0077234,,
"Shree Mahalaxmi Saunsthan, Bandora","Shree Mahalaxmi Sausthan Bandiwade, Left feom Nageshi, Bandora, Ponda, Goa 403401, India",4.8,3618,ChIJ0bVnNrm6vzsRbJmOx8GFSV4,"hindu_temple, tourist_attraction, place_of_worship, point_of_interest, establishment",Ponda,15.4060292,73.9798296,,
Krishi Setu,"GWCW+3FQ, Near Govnali bridge, Marcel, Old Goa Road, Madapai, Ponda, Goa 403106, India",4.2,21,ChIJ-c1HcgC_vzsRCncr2Zugj00,"tourist_attraction, point_of_interest, establishment",Ponda,15.5202216,73.9462324,,
Madapai hill,"GXF3+C3Q, New wada, Madapai marcle, ponda, Orgao, Goa 403107, India",4.3,6,ChIJVUhESAC9vzsR8F3MGGATqYU,"tourist_attraction, point_of_interest, establishment",Ponda,15.5235787,73.9527461,,
"Vagapet (Tiger Cave), Vaghurme, Ponda-Goa","F27H+4QV, Vagurbem, Khajanwada, Goa 403107, India",4.5,4,ChIJgZfrLgO7vzsRaJvkgyb1xfY,"tourist_attraction, point_of_interest, establishment",Ponda,15.4624469,74.028305,,
Ponda creek fishing spot,"C244+5R9, Kazi Waza, Ponda, Goa 403401, India",0,0,ChIJ5-oCNAC7vzsRMp1PnWVLFCA,"tourist_attraction, point_of_interest, establishment",Ponda,15.4054153,74.0071088,,
House for Shoot,"F2H9+V3G, Ponda - Apewal - Querim - Savoi - Verem – Betqui - Marcela, Savoi-Verem, Ponda, Goa 403107, India",0,0,ChIJl5-eGAC9vzsR2E5vT5vc9tE,"tourist_attraction, point_of_interest, establishment",Ponda,15.479685,74.017708,,
Shri Vijayadurga Temple,"FX8X+V5W, Keri, Betki, Goa 403404, India",4.8,739,ChIJ-RwEnmO7vzsR0ss1RXzAy4k,"hindu_temple, place_of_worship, point_of_interest, establishment",Ponda,15.4672429,73.9979551,,
"Shree Mahadev Temple, Curti श्री महादेवाचें देवुळ","C256+8V, Antruj Nagar, Ponda, Goa 403401, India",4.3,41,ChIJY9_m7827vzsRBalGANpQv_U,"hindu_temple, place_of_worship, point_of_interest, establishment",Ponda,15.4082937,74.0123176,,
Shri Shantadurga Temple Kunkolim-Ponda,"FX6H+VJ8, Cuncoliem, Kumkaliem, Goa 403404, India",4.7,202,ChIJVVVVVYK7vzsRFowSDFbUqEE,"hindu_temple, place_of_worship, point_of_interest, establishment",Ponda,15.4621231,73.9790703,,
Shree Kapileshwar Temple,"9XRR+9XF, Ponda, Goa 403401, India",4.4,556,ChIJIW8GcoW6vzsRgbbWJcGiA50,"hindu_temple, place_of_worship, point_of_interest, establishment",Ponda,15.3909565,73.9924158,,
श्री शांतेरी आनी कामाक्षी देवुळ Shri Shanteri and Kamakshi Temple,"9XXJ+G9R, Unnamed Road, Agapur, Bandiwada, Goa 403401, India",4.9,32,ChIJfR1WQ9q7vzsRqy4CXyrAYd4,"hindu_temple, place_of_worship, point_of_interest, establishment",Ponda,15.3988599,73.9808794,,
"Shrimad Anant Devasthan, Savoi Verem","F2H9+9VX, Ponda - Apewal - Querim - Savoi - Verem – Betqui - Marcela, Savoi-Verem, Khandepar, Goa 403107, India",4.8,561,ChIJhd9aoqi8vzsRCroS9b2ppJY,"hindu_temple, tourist_attraction, place_of_worship, point_of_interest, establishment",Ponda,15.4784893,74.0197433,,
"Shri Mahalaxmi Temple - Codar (kodar), Ponda, Goa.","C338+28M, Shri Mahalaxmi Temple - Codar (kodar), Ponda - Goa., Khandepar Rd, Kodar, Goa 403406, India",4.8,16,ChIJW6W1-3GlvzsRoEd0oeUkO2Y,"hindu_temple, place_of_worship, point_of_interest, establishment",Ponda,15.4025853,74.0658506,,
Shree Kalyan Maruti Temple Kavle Ponda,"9XWQ+GVP, Donshiwado, Queula, Ponda, Goa 403401, India",4.9,41,ChIJkb7yuY66vzsRuhzq4YfRCmg,"hindu_temple, place_of_worship, point_of_interest, establishment",Ponda,15.3963253,73.9896906,,
Shree Katamgal Dada Prassan,"CX6G+73P, Bandoda, Bandiwada, Goa 403401, India",4.9,205,ChIJH1iSTFq6vzsRSOzyr-klavU,"hindu_temple, place_of_worship, point_of_interest, establishment",Ponda,15.4107144,73.9751878,,
ISKCON Ponda,"Ponda - Margao Hwy, opposite IndusInd Bank, Tiska, Kurtarkar Nagari, Ponda, Goa 403401, India",4.7,139,ChIJlfXTjpe6vzsROxDT2BqmzsM,"hindu_temple, place_of_worship, point_of_interest, establishment",Ponda,15.3922947,74.0030967,,
Shree Betal Temple,"Betalwada Rd, Queula, Ponda, Goa 403401, India",4.7,19,ChIJH5URWoG7vzsRgQk7iC4S6hw,"hindu_temple, place_of_worship, point_of_interest, establishment",Ponda,15.3922479,73.9888995,,
Bhumipurush Temple,"92W7+V7M, Shanti Nagar, Ponda, Goa 403401, India",4.5,41,ChIJ07DEHry6vzsRL-GagMLzzeU,"hindu_temple, place_of_worship, point_of_interest, establishment",Ponda,15.3972074,74.0131676,,
Vithoba Temple,"Vithoba temple, Upper Bazar, Durgabhat, Ponda, Goa 403401, India",4.6,38,ChIJBQIov7-6vzsRiY2rKNBfOXc,"hindu_temple, place_of_worship, point_of_interest, establishment",Ponda,15.4012808,74.0118029,,
"Shri Vamaneshwar Temple, Dhavali","9XPX+89V, Yashwant Nagar, Ponda, Goa 403401, India",4.6,76,ChIJWVHCZZy6vzsRN8jR_kv4rsY,"hindu_temple, place_of_worship, point_of_interest, establishment",Ponda,15.3858252,73.9984368,,
Saraswati Temple,"Dag Ponda Goa 403 401, Ponda – Durbhat, Ponda, Goa 403401, India",4.4,27,ChIJqQikjpq6vzsRzBrz8MVtGRE,"hindu_temple, place_of_worship, point_of_interest, establishment",Ponda,15.3913543,73.9974421,,
Shri Shantadurga Shankhwaleshwari Devasthana,"CXJC+M37, Gothan, Veling, Mardol, Goa 403404, India",4.7,519,ChIJBQ9r4q27vzsRCSLDSbllqjc,"hindu_temple, place_of_worship, point_of_interest, establishment",Ponda,15.4301473,73.9724502,,
Shri Kamaleshwara Temple,"92G3+X2P, Dhavali, Yashwant Nagar, Borim, Ponda, Goa 403401, India",4.5,43,ChIJdW9tRHSwvzsRCY9CP1lMu94,"hindu_temple, place_of_worship, point_of_interest, establishment",Ponda,15.3774711,74.0025876,,
Shankar Parvati Ganesh Mandir,"Dhumre Velpe, H 113, near Shiv Parvati Mandir, Friends Colony, Khadpabandh, Ponda, Goa 403401, India",4.9,19,ChIJ0cxbT-C7vzsRFcNh2R1T8O4,"hindu_temple, place_of_worship, point_of_interest, establishment",Ponda,15.3963705,73.9972564,,
Sahakari Spice Farm,"C26G+23G, Panjim - Belagavi Main Rd, Curti, Ponda, Goa 403401, India",4,5238,ChIJKcWnYsm6vzsRAMlwqeHP5dg,"point_of_interest, establishment",Ponda,15.4085238,74.0244231,,
Savoi Plantation,"50, Savoi, Marcel Ponda Road, Ponda, Goa, 403107, India",4.2,294,ChIJ0bVnNrm6vzsRE1k0W-b2sOA,"point_of_interest, establishment",Ponda,15.4934357,74.0005112,,
Sahakar Spice Plantation Curti Ponda Road Goa,"C25F+GMX, Curti, Ponda, Goa 403401, India",3.6,89,ChIJIfrd1cu6vzsRPtyAgtAnIVY,"food, store, point_of_interest, establishment",Ponda,15.4088522,74.02423,,
Pascoal Spice Village,"Belgaum Road, opposite Nestle India, Khandepar, Ponda, Goa 403406, India",4,498,ChIJ0bVnNrm6vzsRWv9l9e1TAmQ,"lodging, point_of_interest, establishment",Ponda,15.4115056,74.0577684,,
Sahakari Spice Plantation backside,"C24F+Q88, Unnamed Road, Prabhu Nagar, Ponda, Goa 403401, India",4,172,ChIJr4mnZlm7vzsR7phtDlcwqVs,"zoo, point_of_interest, establishment",Ponda,15.406909,74.023315,,
Sahakari Spice Plantation,"C25F+CQ3 Sahakari Spice Farm, Curti, Ponda, Goa 403401, India",5,1,ChIJ9XrYTAC7vzsRQz6Bk0B68DE,"park, point_of_interest, establishment",Ponda,15.4085238,74.0244231,,
Tanshikar Spice Farm and restaurant with authentic dishes,"near Smriti Yoga, Netravli, Goa 403704, India",4.6,716,ChIJVxTqByRWvjsRCAXhakvuPWE,"lodging, point_of_interest, establishment",Ponda,15.0953712,74.2114586,,
Preeyal Spice Farm,"Campa, Khandepar, Ponda, Goa 403406, India",5,8,ChIJv-4U9GWlvzsRQN-0ugYrbGE,"lodging, point_of_interest, establishment",Ponda,15.4207963,74.0465371,,
BIG Bee Riverside spice farm,"BIG Bee farms, Savoi-Verem, Ponda, Goa 403107, India",4.5,11,ChIJ8QmtQ_29vzsRO7dsiN4N7Cw,"lodging, point_of_interest, establishment",Ponda,15.4986089,74.0006081,,
"Vasundhras Spice Farm, Shiroda, Goa","Vasundhras Spice Farm, Rachol - Shiroda Ferry Road, Pedde,, Shiroda, Ponda, Goa, India - 403103, Shiroda, Goa 403103, India",3.2,17,ChIJPSC6Et2xvzsRqtg8R_eTnEU,"point_of_interest, establishment",Ponda,15.3160629,74.0196133,,
Bhagwan Mahavir Wildlife Sanctuary Range Forest Office,"96HJ+373, NH 4A, Mollem, Goa 403410, India",4.1,15,ChIJYfMjyQYHvzsRJR9qDOoaVSs,"park, point_of_interest, establishment",Ponda,15.3776333,74.2306659,,
"Bhagwan Mahavir Wildlife Sanctuary, Bolkarne Gate","C5JW+X52, Surla, Goa 403406, India",5,1,ChIJpXeS16mnvzsRa2DeqYmebpw,"point_of_interest, establishment",Ponda,15.4323949,74.1953814,,
Bhagwan Mahavir Wildlife Sanctuary Check Post,"C5MW+235, Unnamed Road, Surla, Goa 403406, India",5,1,ChIJP7q-VMynvzsRMd6RujwGemU,"point_of_interest, establishment",Ponda,15.4325051,74.1952426,,
Peter Farm,"C346+F39, Kodar, Nirankal, Goa 403406, India",4.4,22,ChIJp-5U90ylvzsRzYhw8_Bzytw,"park, point_of_interest, establishment",Ponda,15.4061723,74.06023,,
"Biodiversity Park, Mollem Goa","9672+H4R, NH748, Mollem, Goa 403410, India",4.2,152,ChIJgRxLwR4HvzsRLLg5CxlKB4M,"park, point_of_interest, establishment",Ponda,15.3639855,74.2002537,,
GOI - Glimpses Of India,"Talewada, Betora, Ponda, Goa 403409, India",5,4,ChIJAQAAALy6vzsRtmA7M6-XUpg,"museum, point_of_interest, establishment",Ponda,15.3820842,74.015019,,
RAJDEEP GALLERIA,"92W3+X7Q RAJDEEP GALLERI, ROAD, Friends Colony, PONDA, Durgabhat, Ponda, Goa 403401, India",4,379,ChIJ-3ImiZa6vzsRgStYb4J0DUE,"point_of_interest, establishment",Ponda,15.397471,74.0032433,,
Karai Shiroda Ponda Ground,"GX66+FWF, Orgao, Goa 403107, India",4.1,17,ChIJO_VlTUq8vzsRICKwgz7U0qs,"point_of_interest, establishment",Ponda,15.5111826,73.9623124,,
Ponda goa,"Ponda – Curti Rd, Antruj Nagar, Ponda, Goa 403401, India",4,21,ChIJAQAAALy6vzsRkg6trO4uH4g,"local_government_office, point_of_interest, establishment",Ponda,15.4037441,74.0095455,,
Raj Durga Heritage,"9XRX+JF6, Ponda - Panaji Rd, Khadpabandh, Vasco Da Gama, Ponda, Goa 403401, India",4.2,29,ChIJnxH9bpq6vzsRJP3xxIOYu6c,"point_of_interest, establishment",Ponda,15.3915265,73.998641,,
Pillar Sisters,"8XPJ+Q2J, Unnamed Road, Loutolim, Goa 403718, India",4.4,22,ChIJ07Crfy6xvzsRHyK04D-vKGU,"point_of_interest, establishment",Ponda,15.3369618,73.9799564,,
Chattrapati Shivaji Maharaj Statue,"junction, Sanguem Rd, near Pimpal Tree, Kakoda, Ponda, Vodlemol Cacora, Goa 403706, India",4.1,569,ChIJfVScaGOsvzsRV-_uWDxOPaQ,"point_of_interest, establishment",Ponda,15.2578754,74.1105402,,
Hunger burst Bistro,"Heritage Princes Building, opp. Almeida school, Khadpabandh, Ponda, Goa 403401, India",4.7,1054,ChIJQ5iQZDO7vzsRLUtZG3vXSxg,"cafe, night_club, restaurant, food, bar, point_of_interest, store, establishment",Ponda,15.400977,74.003582,,
MADKAI GRAMPANCHAYAT AND HALL,"CWCW+343, Madkai - Kundai Link Rd, Madkai, Goa 403404, India",4,7,ChIJJx9PKZ27vzsRhKCVEscjSX4,"point_of_interest, establishment",Ponda,15.4201402,73.9452837,,
Temple,"CX4M+VG6, Nageshi Temple Path, Donshiwado, Bandoda, Ponda, Goa 403401, India",0,0,ChIJhWhQSwC7vzsRBLkrk2bGw1w,"point_of_interest, establishment",Ponda,15.4070263,73.9840615,,
Dabai farm house,"opp. VRL Logistics, Dhavli Bypass Road, Ponda",4.3,94,ChIJr2MGNgC7vzsRXVk9PvND0g0,"tourist_attraction, lodging, point_of_interest, establishment",Ponda,15.3978862,73.9920137,,
Karmale Waterfall,"C2R8+XR, Keri",5,1,ChIJF5SFRQC7vzsRAFNKsVhgl8s,"tourist_attraction, point_of_interest, establishment",Ponda,15.4424787,74.0170052,,
Photogenic place,"9X9V+2JW, Borim",4.2,5,ChIJLwrqMY-xvzsROh0pEO2l08c,"tourist_attraction, point_of_interest, establishment",Ponda,15.3676034,73.9940867,,
Ovdir,"CX48+GWC, Bandoda",0,0,ChIJc1KdWAC7vzsREyH_-Fh7MWs,"tourist_attraction, point_of_interest, establishment",Ponda,15.4063951,73.9663201,,
Spice Plant Forest,"F227+FF, Keri",4.5,2,ChIJI3qDYQC7vzsRdn7tvSCwJrw,"tourist_attraction, point_of_interest, establishment",Ponda,15.4511875,74.0136875,,
The SARDESAI AQUA AGRO FARM AND FISHING POINT,Wadi,0,0,ChIJncHpIwCxvzsRv3DaFhSj8bU,"tourist_attraction, point_of_interest, establishment",Ponda,15.3696847,73.9774392,,
Crocodile point,"CXQF+RCW, Mardol",0,0,ChIJP2J7CwC7vzsRWT5WCy_u5GA,"tourist_attraction, point_of_interest, establishment",Ponda,15.4396196,73.9735768,,
Sunset view,"Santoshi Temple Stop, Veling",4.6,31,ChIJd2B-2JC7vzsR6YAZyoHwJIo,"tourist_attraction, point_of_interest, establishment",Ponda,15.4087921,73.9586611,,
Sunrise point,"F269+H3, Vagurbem",4.6,18,ChIJb8pV5c27vzsRv-jsoOQq0FM,"tourist_attraction, point_of_interest, establishment",Ponda,15.4612762,74.0165643,,
Ganesh Temple,"240, Dinanath Mangeshkar Road, Mardol",4.6,23,ChIJLzbp7727vzsRPO8oOz0EQs0,"hindu_temple, tourist_attraction, place_of_worship, point_of_interest, establishment",Ponda,15.4460956,73.966177,,
Dobar waterfall,"PQFG+32, Pernem, Pernam Municipal Area, Goa 403512, India",4,1,ChIJK43ABwDtvzsRlby1Cmahy_M,"tourist_attraction, point_of_interest, establishment",Pernem,15.7226823,73.7750696,,
Khareban Sunset & Fishing Point,"PQGP+3J, Pernem, Pernam Municipal Area, Goa 403512, India",4.5,45,ChIJf6_1wj_tvzsRsCAWdsRpk_Y,"tourist_attraction, park, point_of_interest, establishment",Pernem,15.7251585,73.7865024,,
Vaidongor,"JQXF+QW2, Unnamed Road, Pernem, Parse, Goa 403512, India",4.3,8,ChIJx7YmDT3tvzsRI2ZYfa53XL4,"tourist_attraction, point_of_interest, establishment",Pernem,15.649378,73.7747578,,
Shri Devi Bhagavati Temple,"PQ9W+3MH, Pernem, Pernam Municipal Area, Goa 403512, India",4.7,533,ChIJgUv7kHftvzsR0ISyloIW7F0,"hindu_temple, tourist_attraction, place_of_worship, point_of_interest, establishment",Pernem,15.7176799,73.7967277,,
"Kavthani, Terekhol River","PQHH+Q5, Kavthani, Maharashtra 416514, India",4.8,5,ChIJ62VL1AvzvzsRedp4XZUzGW4,"tourist_attraction, point_of_interest, establishment",Pernem,15.7294489,73.7779613,,
Arambol Mountain,"MMVX+9QV, near beach, Arambol, Goa 403524, India",4.6,1062,ChIJm4dSXLPvvzsRL6X7fFMDKVI,"tourist_attraction, point_of_interest, establishment",Pernem,15.6934972,73.6994326,,
PEDNECHA RAJA/KASULE'S TALI,"PRRH+M86, Amberem, Goa 403512, India",4.9,88,ChIJUYmUBD_zvzsRcSlbpN-fKCo,"tourist_attraction, point_of_interest, establishment",Pernem,15.7416512,73.8282581,,
VIRNODA TALI,"MRR9+3G8, Virnoda, Goa 403512, India",4.4,5,ChIJxVjTKMrtvzsRwPuLLrwUsDQ,"tourist_attraction, point_of_interest, establishment",Pernem,15.6901529,73.8188234,,
Marjoram beach,"JPPC+3QF, Pernem, Gawde Vaddo, Morjim, Goa 403512, India",4.4,22,ChIJC6KWU_jvvzsRvpDEHPyr5-w,"tourist_attraction, point_of_interest, establishment",Pernem,15.634123,73.722051,,
Shubhangi Floating Houseboat,"Near Seascape restaurant, near Seascape restaurant, at, Agarvada, Pernem, Goa 403512, India",4.8,18,ChIJS1mdn7HrvzsRcZVdf9-70tU,"tourist_attraction, point_of_interest, establishment",Pernem,15.6440682,73.7706501,,
River View,"PQM5+FQ2, Pernam Municipal Area, Korgaon, Goa 403512, India",4.3,7,ChIJg5YtE9nzvzsRkQVdPaM5Sy4,"tourist_attraction, point_of_interest, establishment",Pernem,15.7336265,73.7593947,,
Manohar International Airport Roundabout,"PVGC+FH9, Taluka Pernem, Mopa, Kasarvarne, Goa 403512, India",4.8,32,ChIJt2kWAgCTvzsRNx96G6ExaFI,"tourist_attraction, point_of_interest, establishment",Pernem,15.726161,73.8714913,,
Khajangundo Bridge Parsem,"MQ28+PRP, Pernem, Parse, Goa 403512, India",4.4,306,ChIJyaEiYBHsvzsRuPjfhSRrXRU,"tourist_attraction, point_of_interest, establishment",Pernem,15.6518375,73.7670781,,
The Big Banyan,"PP28+42M, Unnamed Road, Paliem, Goa 403524, India",4.7,177,ChIJVUz4eO_vvzsRBwMutz7ioJ8,"tourist_attraction, point_of_interest, establishment",Pernem,15.7003306,73.7150602,,
Shri Ajoba Temple,"PM5V+3MF, Querim, Goa 403524, India",4.7,279,ChIJI4G4h87vvzsR0y6tD2OFF2E,"hindu_temple, tourist_attraction, place_of_worship, point_of_interest, establishment",Pernem,15.7076804,73.6941635,,
Sahil point.,"JRXV+J22, Colvale – Revora – Pirna - Menkurem, Kolval, Goa 403513, India",0,0,ChIJUwMsFwCTvzsRrn68M6K3IJ4,"tourist_attraction, point_of_interest, establishment",Pernem,15.649543,73.8422965,,
FARM FANTASY - BACK WATER,"MVH8+P34, Nedora, Goa 403513, India",3.5,6,ChIJU2rhUNCTvzsR29wNbo9l6Fg,"tourist_attraction, point_of_interest, establishment",Pernem,15.6792641,73.8651965,,
Field view,"PQGF+V3R, MDR17, Pernam Municipal Area, Pernem, Goa 403512, India",0,0,ChIJUwZ-ewDtvzsRYb2JaMg1bk4,"tourist_attraction, point_of_interest, establishment",Pernem,15.7272308,73.7726391,,
Backwaters Pernem,"PPFQ+WF, Korgaon, Goa 403512, India",0,0,ChIJc7T_KADvvzsR_SmfeCUkeb8,"tourist_attraction, point_of_interest, establishment",Pernem,15.7247984,73.7386934,,
Padnir sunset point,"MQ5C+CV8, Parse, Goa 403512, India",4.3,6,ChIJkaSbVgDtvzsRhsmRuRrH-d8,"tourist_attraction, point_of_interest, establishment",Pernem,15.6585332,73.7722103,,
Sunburn Music Festival - Dhargalim,"Dhargal, Goa 403513, India",4.3,115,ChIJb7gsSADtvzsRsU415ss4n_g,"tourist_attraction, point_of_interest, establishment",Pernem,15.6824599,73.8304068,,
Morjhim Beach,"Morjhim Beach, Morjim, Goa 403512, India",4.6,2050,ChIJFUx4sUjpvzsRODyBpvAASV0,"natural_feature, establishment",Pernem,15.6246696,73.7292137,,
Thalassa Beach Boutique Resort,"251/4 Village Mandrem, Taluka, Pernem, Ashvem, Goa 403512, India",4.4,1181,ChIJ35vRwdrvvzsRO2pDE6PEySM,"lodging, restaurant, food, point_of_interest, establishment",Pernem,15.6416115,73.7192854,,
Boho By The Beach,"Boho By The Beach, 1384/A, Teamwaddo Pernem, Morjim, Goa 403512, India",4.5,263,ChIJ22z3Yi7pvzsRZdq92PiJDlw,"lodging, health, point_of_interest, establishment",Pernem,15.6234773,73.732984,,
La Cabana Beach & Spa,"Ashvem Beach, Ashvem Wada, Mandrem, Goa 403527, India",4.3,4568,ChIJPw4jycjuvzsRB9S1HRzbLZ8,"lodging, point_of_interest, establishment",Pernem,15.6428474,73.7203813,,
"De Soul Santé, Morjim Beach","Vithaldas wada, Pernem, Goa 403512, India",4.6,456,ChIJwwVBkKDpvzsR9fnvm-vckIU,"lodging, restaurant, food, point_of_interest, clothing_store, store, establishment",Pernem,15.6289499,73.7274457,,
Small Cola Beach,"Chota, Cola Beach, Kola, Goa 403511, India",4.5,218,ChIJr4Fm6uNOvjsRC329aus11sA,"tourist_attraction, point_of_interest, establishment",Pernem,15.0652079,73.9674837,,
Palm Grove Beach Resort,"Ashvem Beach, Mandrem, Goa 403527, India",4.4,890,ChIJAQAAAIzuvzsRl0tqGeguwkc,"lodging, point_of_interest, establishment",Pernem,15.647245,73.7169639,,
S2 Beach Shack and Cottages,"Gawde Wada, Morjim, Ashvem Loto Beach, Goa 403512, India",4.4,1001,ChIJoV4QxcruvzsRCcyTzd4SrPE,"lodging, restaurant, food, point_of_interest, establishment",Pernem,15.6341112,73.7223019,,
Morgim Beach,"Morgim Beach, Morjim, Goa 403512, India",4.6,648,ChIJLcOVXEPpvzsRI3q63F4VEf0,"natural_feature, establishment",Pernem,15.6154449,73.7363853,,
Anjuna Beach Sandsite,"monteiro wado, Anjuna, Goa 403509, India",4.4,181,ChIJD8n3tKjpvzsRcIZe_ycntKI,"lodging, point_of_interest, establishment",Pernem,15.5738534,73.7407517,,
Ashvem Beach,"Ashvem Beach, Goa, India",4.6,2570,ChIJx3JytMXuvzsRl1R6ni18FbY,"natural_feature, establishment",Pernem,15.6437966,73.7174025,,
Turtle Beach Morjim,"JP7P+WRQ, Kannaikwada, Morjim, Goa 403512, India",4.6,172,ChIJwy5iUwvpvzsRbT4ZrrFPizk,"tourist_attraction, point_of_interest, establishment",Pernem,15.6148324,73.7371049,,
Pargad Fort,"Pargad, Maharashtra 416549, India",4.6,485,ChIJGx56ryWFvzsRkhEyqEzvqRU,"point_of_interest, establishment",Pernem,15.8169222,74.0449984,,
Canal sunset view,"PWW2+4G, Alorna, Goa 403512, India",4.4,12,ChIJK_Jw3SeNvzsRcOKUrffBkfs,"tourist_attraction, point_of_interest, establishment",Pernem,15.745255,73.90125,,
Anjuna River Front,"JQ73+QHC, Anjuna, Assagao, Goa 403512, India",4,23,ChIJxWxd9D3rvzsRGwVXnAyqOpY,"tourist_attraction, point_of_interest, establishment",Pernem,15.6144446,73.7538989,,
Arabo River View Point,"MR39+XQ5, Arabo, Dhargal, Goa 403513, India",4.5,11,ChIJZW7XrxTtvzsR1mz8IVKQ28o,"tourist_attraction, point_of_interest, establishment",Pernem,15.654777,73.8195406,,
Lamgao Buddhist Caves,"lamgao bicholim goa, lamgao, Dicholi, Goa 403504, India",3.9,295,ChIJ0epMpHiWvzsRIK8KYfUIWY8,"tourist_attraction, hindu_temple, place_of_worship, point_of_interest, establishment",Pernem,15.5959317,73.9365402,,
Querim Dam,"J38G+5V4, Querim, Querim VP, Goa 403505, India",4.2,176,ChIJLRp601SYvzsR4wD72-oMXMY,"tourist_attraction, point_of_interest, establishment",Pernem,15.615381,74.0772171,,
Canal fall,"JVPC+WQJ, Cansa Pirna Rd, Bodiem, Dat, Goa 403502, India",3.7,34,ChIJ8dqZLY2VvzsRrUeLt02Ha3Y,"tourist_attraction, point_of_interest, establishment",Pernem,15.6373406,73.8718839,,
Moti Lake,"WR3F+Q7Q, Moti Talao Rd, Sawantwadi, Maharashtra 416510, India",4.6,2138,ChIJi99tkVz1vzsRbIVD9C1fDSo,"tourist_attraction, park, point_of_interest, establishment",Pernem,15.9044684,73.8232283,,
Kudase mountain view point,"PXMQ+HWP, Kudase Road, Kudase",4.8,5,ChIJixylhbORvzsRZjP_bpsi6aQ,"tourist_attraction, point_of_interest, establishment",Pernem,15.7339563,73.989833,,
Kalyadevachi Vanrai,Parme,4.9,8,ChIJgRBfvNqPvzsRQJ2K1IDlOm0,"tourist_attraction, point_of_interest, establishment",Pernem,15.7461264,74.0106698,,
Shirwal dam view point,"QXCM+WF, Shirwal",4.7,23,ChIJQ5HO2_6PvzsRlira8xrJOeM,"tourist_attraction, point_of_interest, establishment",Pernem,15.7723298,73.9836455,,
Yaduvanshis Agro Farms Kudase Dodamarg,"PX5X+MG, Kudase",5,1,ChIJ08tJEACRvzsRwKeejQGEjEA,"tourist_attraction, point_of_interest, establishment",Pernem,15.709146,73.998752,,
Yaduvanshis Retreat Sateli Bhedasi,"P298+93, Kudase",0,0,ChIJkzDfEwCRvzsRsSbtec2MNPc,"tourist_attraction, point_of_interest, establishment",Pernem,15.718424,74.015207,,
Mrs Sanehlata Yadav Retreat Sateli Bhedasi,"P298+99, Sateli Bhedshi",0,0,ChIJ9U-zRQCRvzsRgrWpHX931Ng,"tourist_attraction, point_of_interest, establishment",Pernem,15.718388,74.015876,,
Sasoli Top View,"PWWQ+3G, Kalane",3.7,12,ChIJc4DPCaWPvzsRHftFtFPgczI,"tourist_attraction, point_of_interest, establishment",Pernem,15.7452433,73.9388383,,
Awade River,"P2QJ+VV5, Awade",5,6,ChIJQcIMp-SbvzsRbfE1kM92R8s,"tourist_attraction, point_of_interest, establishment",Pernem,15.7396421,74.0322431,,
SuryaPrabha (सूर्यप्रभा) Top View Point,"PWWP+RXG, Banda - Dodamarg Road, Banda",4.5,18,ChIJodvw02OPvzsRqQN4TTfSNvw,"tourist_attraction, point_of_interest, establishment",Pernem,15.7470574,73.9374502,,
शिरवल ( सातबाय नदीखोल),"QXVM+V72, At-shirwal, Tal Dodamarg, Dist, State",5,4,ChIJuWm-f8yPvzsRk6EMh59gQGQ,"tourist_attraction, point_of_interest, establishment",Pernem,15.7946297,73.9831443,,
Chaitu Tarikaden,"PWQH+QR, Alorna",0,0,ChIJKXm9YwCTvzsRBarxkfH3vKY,"tourist_attraction, point_of_interest, establishment",Pernem,15.7393878,73.9295943,,
Talkat Zari,"RX25+RX, Talkat",5,6,ChIJfaxsHwCPvzsRCRUjBg3z1tY,"tourist_attraction, point_of_interest, establishment",Pernem,15.8027278,73.9590875,,
Anu Farm,"behind Primary Heath Centre, Ibrampur",4.4,95,ChIJfSkANDuRvzsRjw84P6yluy4,"tourist_attraction, lodging, point_of_interest, establishment",Pernem,15.7084375,73.9374375,,
Shree Sateri Mandir,"PW5P+2PC, Unnamed Rd, Maharashtra, Ibrampur",4.7,33,ChIJkUrlF4iRvzsRK6o3l_uiMGU,"hindu_temple, tourist_attraction, place_of_worship, point_of_interest, establishment",Pernem,15.7075738,73.9367595,,
Kubal Farm House,"P27R+2CF, Bodade",0,0,ChIJexN0UgCbvzsRuPZ03hidHmw,"tourist_attraction, point_of_interest, establishment",Pernem,15.712556,74.0410548,,
Kasainath Parvath,"MXMW+8QP, Dodamarg",4.7,239,ChIJnzMvRLmRvzsRPF1IYwUUu4A,"tourist_attraction, point_of_interest, establishment",Pernem,15.6833481,73.9969498,,
Konkan Vihar,"Dodamarg Teacher Colony, Road, Sawantwadi",5,16,ChIJKXwUpoaRvzsR3DkW7TGLCPM,"tourist_attraction, point_of_interest, establishment",Pernem,15.683735,73.969832,,
Shivaaz Life Farms,Pikule,4.5,214,ChIJ8YoQ28-bvzsRjD_OuxkzISc,"tourist_attraction, point_of_interest, establishment",Pernem,15.6972356,74.039177,,
View point bodade,"P363+RWJ, Bodade",0,0,ChIJ5WJwAwCbvzsRfifCx9cSv1I,"tourist_attraction, point_of_interest, establishment",Pernem,15.7120967,74.0547517,,
Vhazrar,"M2F5+R28, Girode",0,0,ChIJ76g9VQCRvzsR70YlzYOiYPA,"tourist_attraction, point_of_interest, establishment",Pernem,15.6745428,74.0075869,,
Koni Kade Artificial Waterfall,"MXC8+HFH, Koni Kade ,Kharpal, Kasai",3.7,41,ChIJiTSH7ByRvzsR-yXq5MPVls8,"tourist_attraction, point_of_interest, establishment",Pernem,15.6714474,73.9662376,,
Bhide Pul भिडे पुल,"RXF6+VV, Zolambe",5,1,ChIJN3o1IgCPvzsREeGgOYsiKEw,"tourist_attraction, point_of_interest, establishment",Pernem,15.8246641,73.9622401,,
Tillari Dam Gate,"P3VF+89, Konal",4.8,4,ChIJJZWQCQCbvzsRzq-da7WZAJI,"tourist_attraction, point_of_interest, establishment",Pernem,15.7432617,74.0734683,,
Khadpade Sainik Tigers Eco-Agri Farm Resort,"RXJX+XG, Khadpade",5,2,ChIJ9ypPOgCPvzsRqgIhdwSO0-0,"tourist_attraction, point_of_interest, establishment",Pernem,15.832455,73.998806,,
Lotus Rocks Mountain Kharpal,"MX85+3QP, Latambarcem",5,2,ChIJXQBj7KmRvzsR90zWbB8apxg,"tourist_attraction, point_of_interest, establishment",Pernem,15.6652131,73.9594513,,
Bagayatdar farmstay,"near Shree Dattmandir, zolambe Fanaswadi, near Shree Dattmandir, Zolambe",4.9,71,ChIJ4YKmiuqPvzsRTHfdh_A1loI,"tourist_attraction, travel_agency, lodging, point_of_interest, establishment",Pernem,15.8321793,73.9541656,,
DONGARPAL WATERFALL,"QVHW+XMW, Dongarpal",4.6,22,ChIJS72uZq-NvzsRT4aeUdjuuH0,"tourist_attraction, point_of_interest, establishment",Pernem,15.7799988,73.8967091,,
View point,"R2CW+37W, Pargad",4.9,7,ChIJLfrT99SFvzsRcBMr1O36JYA,"tourist_attraction, point_of_interest, establishment",Pernem,15.8203474,74.0458744,,
Khadpade,"R2R2+G9W, Talkat",0,0,ChIJYznhGACJvzsRhEWetdkQsGo,"tourist_attraction, point_of_interest, establishment",Pernem,15.8413538,74.0009466,,
Mountain view point,"Q38P+7P, Aynode",0,0,ChIJx6w9cG6FvzsRKzfmLbwmQFI,"tourist_attraction, point_of_interest, establishment",Pernem,15.7657343,74.0868076,,
Mangeli Sunset View Point,"M3P8+9M7, Khokaral",5,1,ChIJSVzAagCbvzsRTHZrHkpareg,"tourist_attraction, point_of_interest, establishment",Pernem,15.6858801,74.0668124,,
Tilari Dam,"Q36Q+FVH, Konal",4.4,84,ChIJ5Q0iWZaFvzsRRTkN5dx7y9g,"tourist_attraction, point_of_interest, establishment",Pernem,15.7611752,74.0897251,,
Majestic Hills,"M3G5+6QC, Usap",5,2,ChIJs3a5LwCbvzsRa9O_grM_ke4,"tourist_attraction, point_of_interest, establishment",Pernem,15.6755605,74.0593872,,
Kawale waterfall,"R2VC+CM, Kumbhavade",5,1,ChIJm4CxHQCJvzsR3qEfHwZeL7A,"tourist_attraction, point_of_interest, establishment",Pernem,15.8435567,74.0217165,,
Mangeli Paradise,"M3PC+442, Khokaral",5,2,ChIJnd6RoNGbvzsRtqDpGba3p0g,"tourist_attraction, point_of_interest, establishment",Pernem,15.6852728,74.0702528,,
"Setu Sangam, Bicholim","HXQ2+49M, Dicholi, Goa 403529, India",4.1,84,ChIJ20R2KmyWvzsR0vd68Y2XeEw,"tourist_attraction, point_of_interest, establishment",Bicholim,15.5878357,73.9509222,,
Cave of Siddhnatha,"F2XF+VR4, deulwada, Surla, Goa 403505, India",4.1,160,ChIJuQlz08u8vzsRcZ69VV0GUg0,"tourist_attraction, point_of_interest, establishment",Bicholim,15.4996329,74.0245847,,
Mayem Lake,"HWGR+C22 Mayem Lake, Maem, Bhatwadi, Goa 403504, India",4,122,ChIJVVVV2QuWvzsRX7pg2Bm-mys,"tourist_attraction, point_of_interest, establishment",Bicholim,15.5760152,73.9400234,,
Bicholim Municipal Garden,"HWQW+2HR, Dicholi, Goa 403504, India",3.5,108,ChIJ3-0W9XGWvzsRvjnQXdqZ9QQ,"park, point_of_interest, establishment",Bicholim,15.5876232,73.9463755,,
Tikhazen charoa road,"HV4X+4MR, Bicholim Rd, Madel, Goa 403102, India",4.8,5,ChIJQ7B9IRu_vzsRWx8HnbogYgI,"tourist_attraction, point_of_interest, establishment",Bicholim,15.5553743,73.8991325,,
Dhabdabha Canal spot,"HXF5+X35, Dicholi, Goa 403529, India",3.6,7,ChIJF-h0usOXvzsRHURyD9Sq4oE,"tourist_attraction, point_of_interest, establishment",Bicholim,15.5748991,73.9577246,,
Anjunem Dam,"Anjunem Dam, Ghonteli, Gulle, Goa 403506, India",4.4,167,ChIJwzyVywKZvzsRudibcMiJqo0,"tourist_attraction, point_of_interest, establishment",Bicholim,15.6168114,74.088487,,
The Our Lady On The Mount Chapel,"GW3F+R9, Old Goa, Goa 403110, India",4,129,ChIJOZ0xvOS_vzsRwQVuIXvcIxo,"tourist_attraction, point_of_interest, establishment",Bicholim,15.5044718,73.9233285,,
Shree Devi Lairaee Devasthan Temple,"JV3X+QV6, Shirgao Rd, Assonora, Shrigao, Goa 403503, India",4.8,1847,ChIJU-okZFKUvzsRNIFBTzjZ_sw,"hindu_temple, tourist_attraction, place_of_worship, point_of_interest, establishment",Bicholim,15.6043999,73.8996597,,
Khetoba Temple,"HW95+3GW, Vayangne, Goa 403504, India",4.6,62,ChIJAQAAQI2VvzsRAAHamfgyWQo,"hindu_temple, place_of_worship, point_of_interest, establishment",Bicholim,15.5677034,73.908892,,
Siddhivinayak Temple,"HWXW+CW6, Borden, Dicholi, Goa 403504, India",4.8,45,ChIJNXg5UXuWvzsRZvniMqOqBRk,"hindu_temple, place_of_worship, point_of_interest, establishment",Bicholim,15.598534,73.9473257,,
Shri santa sathguru balumama temple Lakherem,"JX56+4CV Shri santa sathguru balumama temple, Borden, Lakherem, Dicholi, Goa 403504, India",4.9,30,ChIJ5xMRTzeXvzsROyFhUOaBXV8,"hindu_temple, place_of_worship, point_of_interest, establishment",Bicholim,15.6078689,73.9610544,,
Shri Ravalnath Mahalaxmi Temple,"Ravalnath Mahalaxmi, Mapusa - Bicholim Rd, Mulgaon, Goa 403503, India",4.7,246,ChIJd8blfiWUvzsRPY8neQb6F-E,"hindu_temple, tourist_attraction, place_of_worship, point_of_interest, establishment",Bicholim,15.6147347,73.9268307,,
Shri Mahamaaya Kalika Devasthan,"JWXM+PWC, Kasarpal Bicholim, Latambarcem, Goa 403503, India",4.8,150,ChIJ__v79f-TvzsRaQNLiR9QiIU,"hindu_temple, place_of_worship, point_of_interest, establishment",Bicholim,15.6493154,73.934776,,
Shri Sharvani Devi Temple,"JWQ3+943, Advalpal, Goa 403503, India",4.8,218,ChIJQSma93CUvzsRHXfFhdx5Y30,"hindu_temple, place_of_worship, point_of_interest, establishment",Bicholim,15.6383919,73.9028078,,
Shri Mahamaya Temple,"JW2Q+3JJ, Borden, Dicholi, Goa 403504, India",4.4,78,ChIJhc1C4n6WvzsR0WlIDCL0Lfg,"hindu_temple, place_of_worship, point_of_interest, establishment",Bicholim,15.6002218,73.9390012,,
Laxmi Narayan Temple,"HWPW+7RJ, Auchitwada, Dicholi, Goa 403504, India",5,20,ChIJ8R1W-Q-XvzsRT32O5D7_5Lg,"hindu_temple, place_of_worship, point_of_interest, establishment",Bicholim,15.5856935,73.9470159,,
Shree Vathadev temple,"119, Sarvan, Vatadev, Vathadev, Sarvan, Goa 403529, India",4.3,27,ChIJMfPLx0OWvzsRkxKAS7f-gDw,"hindu_temple, place_of_worship, point_of_interest, establishment",Bicholim,15.5900735,73.9633101,,
Kalbhairav temple Gaonkarwaddo Bicholim Goa,"HWJX+JCC, Gainkarwaddo, Dicholi, Goa 403504, India",5,4,ChIJ45yRlFmXvzsRFTWZjC3BDBg,"hindu_temple, place_of_worship, point_of_interest, establishment",Bicholim,15.5815952,73.9486289,,
Shri Vetal Maharudra Temple,"Shirodwadi, Mulgaon, Goa 403503, India",4.8,69,ChIJ5ysdXSWUvzsRSkcmckK5434,"hindu_temple, place_of_worship, point_of_interest, establishment",Bicholim,15.6149619,73.9255214,,
"Shri Devi Yogeshwari Devasthaan, Parvatinagar, Goa","Sakhali, Road, Sarvan, Dicholi, Goa 403505, India",4.6,159,ChIJA2wKxjOWvzsRQnd6JkIBG7M,"hindu_temple, place_of_worship, point_of_interest, establishment",Bicholim,15.576385,73.9774018,,
Shantadurga Math,"Dicholi, Goa 403504, India",4.8,18,ChIJaxVqKXKWvzsR7tY-2zO_OCE,"hindu_temple, place_of_worship, point_of_interest, establishment",Bicholim,15.5871594,73.945241,,
"Saibaba Temple,Lakhere Bicholim","JX45+Q7C, Borden, Dicholi, Goa 403504, India",4.6,20,ChIJRy9qwIqWvzsRTXleJ6FsVZA,"hindu_temple, place_of_worship, point_of_interest, establishment",Bicholim,15.6069344,73.9581632,,
Koteshwar Temple,"HWRW+8F7, Dicholi, Goa 403504, India",4.8,13,ChIJdQz903GWvzsRAGkAiAvNXNY,"hindu_temple, place_of_worship, point_of_interest, establishment",Bicholim,15.5907841,73.9461707,,
Shri rudreshwar devasthan,"HWWP+5CC, lamgao bicholim goa, lamgao, Dicholi, Goa 403504, India",4.5,10,ChIJM1fbn5qXvzsRXkhTVsMVTxE,"hindu_temple, place_of_worship, point_of_interest, establishment",Bicholim,15.5954348,73.9360294,,
Shantadurga Temple,"JWC3+QJH, Bicholim – Poira – Sirigao - Assonora, Moitem, Asnode, Goa 403503, India",4.4,33,ChIJX6vOrUSUvzsRL2lALOsyR94,"hindu_temple, place_of_worship, point_of_interest, establishment",Bicholim,15.6219508,73.9040997,,
Shri Mhalsa Bhavani Temple,"H2JP+CPR, Pariye, Goa 403505, India",4.8,54,ChIJYyEwkhuYvzsR0BD7ureglHk,"hindu_temple, tourist_attraction, place_of_worship, point_of_interest, establishment",Bicholim,15.5811177,74.0367633,,
Mahamaya Temple-Gaonkarwada-Mayem,"HWP6+F34 Mahamay temple, Dicholi, Bhatwadi, Goa 403504, India",4.5,45,ChIJIS_n_bCVvzsRyrmu4ePM96w,"hindu_temple, place_of_worship, point_of_interest, establishment",Bicholim,15.5861405,73.9101956,,
Dadeshwar Temple,"PV32+6C5, Dhargal, Goa 403513, India",4.6,54,ChIJIRcEBM-SvzsRioXJD0ZVEuU,"hindu_temple, tourist_attraction, place_of_worship, point_of_interest, establishment",Bicholim,15.7030311,73.8511241,,
Shri DevkiKrishna Ravalnath Saunsthan,"GX76+C3M, Marcel, Orgao, Goa 403107, India",4.7,756,ChIJ6YGmpEq8vzsRJhDNDkqk_XI,"hindu_temple, place_of_worship, point_of_interest, establishment",Bicholim,15.5135694,73.9601784,,
Shri Siddhivinayak Temple,"H278+278, Desai Nagar, Sanquelim, Goa 403505, India",4.7,66,ChIJNez6W1i9vzsRHlWf0KqsSDs,"hindu_temple, place_of_worship, point_of_interest, establishment",Bicholim,15.5625244,74.015708,,
Thapneshwar Temple,"House of Sanjiv, Fadte, Kumbhar Juven, Goa 403107, India",4.5,23,ChIJb1V2bzS8vzsRppEWbjfhoSI,"hindu_temple, place_of_worship, point_of_interest, establishment",Bicholim,15.5170286,73.947626,,
Shree Devi Kelbai Mandir,"Sharda Nagar, Maem, Bhatwadi, Goa 403504, India",4.7,229,ChIJW9M22N2VvzsRpbRgop-wvyI,"hindu_temple, place_of_worship, point_of_interest, establishment",Bicholim,15.5831,73.9306042,,
Mhatrai Temple,"HWRP+MV4, Lamgaon, Dicholi, Goa 403504, India",4.3,20,ChIJxxSz7XeWvzsRa86rUhxRKHw,"hindu_temple, place_of_worship, point_of_interest, establishment",Bicholim,15.5916264,73.9372051,,
Shyam purush devastan,"HXF8+99X, Sarvan, Dicholi, Goa 403529, India",4.9,28,ChIJDbSVZzuWvzsRyi-wOUJl3q4,"hindu_temple, place_of_worship, point_of_interest, establishment",Bicholim,15.573487,73.965967,,
Shri Pandurang Mandir,"H284+PRQ, Zariwada Vithallapur, Vithallapur, Sanquelim, Karapur, Goa 403505, India",4.6,97,ChIJxRrwheCXvzsRO0UZqL1C1YA,"hindu_temple, tourist_attraction, place_of_worship, point_of_interest, establishment",Bicholim,15.5668093,74.0069899,,
Shri Chamundeshwari Devasthan,"HW5W+8QV, Piligaon, Goa 403504, India",4.7,92,ChIJ2zX2zQKWvzsRYLW2O9OC5MY,"hindu_temple, place_of_worship, point_of_interest, establishment",Bicholim,15.5583859,73.9469172,,
Head (SHIR) of Taluka Bicholim (SHIRGAO),"JW35+8X, Dongor, Shirgao, Maem, Goa 403503, India",5,1,ChIJGxruXQCVvzsRXDtc6MdN5v0,"point_of_interest, establishment",Bicholim,15.6033125,73.9099375,,
BICHOLIM NIMUZ GHAR (EIDGAH),"HWJW+XF3, Dicholi, Goa 403504, India",3.8,4,ChIJqc9HyHKWvzsRxrifoOM6TWY,"point_of_interest, establishment",Bicholim,15.5823844,73.9461679,,
Kumbhar Pottery Studio,"Industrial Estate, 91, opp. Shri Kulneshwar Temple, Dicholi, Goa 403529, India",4.8,49,ChIJJTxCthSWvzsRYPFUgWX43wY,"point_of_interest, establishment",Bicholim,15.5820525,73.9547889,,
Shirgao Manas,"JV4V+4MW, Bicholim – Poira – Sirigao - Assonora, Corjuem, Shrigao, Goa 403503, India",5,2,ChIJG66IfgCVvzsR2SkN_eE_J88,"point_of_interest, establishment",Bicholim,15.6052223,73.8939276,,
PHC Mayem Circle,"HWHC+R99, Bicholim – Poira – Sirigao - Assonora, Maem, Bhatwadi, Goa 403504, India",3,1,ChIJZ-o9tAWVvzsRQUIqO2vZ2x0,"point_of_interest, establishment",Bicholim,15.5795497,73.9209948,,
Narve caves,"HW4M+4XH, Main road, Maem, Narva, Goa 403504, India",4.6,8,ChIJu36I--q_vzsRjh2tBlPp9y8,"point_of_interest, establishment",Bicholim,15.5553135,73.9349892,,
Bicholim poira sirigao road,"JV3V+MRJ, Bicholim – Poira – Sirigao - Assonora, Corjuem, Shrigao, Goa 403503, India",4,2,ChIJIZqC72OVvzsRab3VUVjKtoc,"point_of_interest, establishment",Bicholim,15.6042109,73.894511,,
BICHOLIM WALKING PARK,"Bicholim bustand, Dicholi, Goa 403529, India",3.9,155,ChIJV4BUh26WvzsRXytfhfdOgAA,"park, point_of_interest, establishment",Bicholim,15.5872037,73.9507301,,
Bicholim Municipal Park 2,"HWWW+RJC, Bhaili Peth, Sudha Colony, Borden, Dicholi, Goa 403504, India",3.6,152,ChIJH0M8PHuWvzsRSQDMUCC-zU0,"park, point_of_interest, establishment",Bicholim,15.597054,73.946528,,
Mathwada river dam,"H2F9+P7H, State Highway 4, Pariye",3.5,10,ChIJhRTNIiuXvzsRnsnVT-Q1vqw,"tourist_attraction, point_of_interest, establishment",Bicholim,15.574307,74.018225,,
Sidhesh kudnekar waterfall,"H2H7+JM6, Bridge, Vithallapur, Sanquelim",0,0,ChIJaUovaACXvzsRGNgj3wALpdQ,"tourist_attraction, point_of_interest, establishment",Bicholim,15.579028,74.014152,,
Ghogal waterfall,"HX8P+VHJ, Karapur",5,2,ChIJV_zNYgCXvzsRlMvG5NmzRAU,"tourist_attraction, point_of_interest, establishment",Bicholim,15.5672137,73.9863965,,
Navelim bridge,"G2M6+JFR, Navelim",4.5,6,ChIJFawJPBG9vzsRgOs3a-O609U,"tourist_attraction, point_of_interest, establishment",Bicholim,15.5350233,74.010971,,
Ganpati Visarjan Shed Amona,"tukram gawas Hno 74ameshi wada, Amona",3.5,2,ChIJwagIC-K9vzsRPZ2jT3_nwhw,"tourist_attraction, point_of_interest, establishment",Bicholim,15.5427709,73.9804537,,
Southern most place of maharashtra,Kudchire,0,0,ChIJUc3GEACXvzsRcUoe_9x2mkc,"tourist_attraction, point_of_interest, establishment",Bicholim,15.6060864,74.0208055,,
Amona Field Walkway,"GXRC+383, Amona",4.3,6,ChIJDQTbJsu9vzsR_49Q4hBLseg,"tourist_attraction, point_of_interest, establishment",Bicholim,15.5401367,73.970788,,
"Arc spring, Ayee","J279+W9, Matne",0,0,ChIJZz33fACXvzsR22hvzWcZNoc,"tourist_attraction, point_of_interest, establishment",Bicholim,15.6147575,74.0184609,,
Amona Sunset cycling point,"GXH9+3HG, Amona Bridge, Khandola",4.4,5,ChIJx5D0aua9vzsRuymwPTuFN1Q,"tourist_attraction, point_of_interest, establishment",Bicholim,15.5276836,73.9689678,,
Three waterfall morlem,"Ground Floor, opposite LIC Office, Gokulwadi, Morle",4.2,11,ChIJ_cRUhCOZvzsR2sAUSi7_kqY,"tourist_attraction, point_of_interest, establishment",Bicholim,15.5845151,74.0593872,,
Couples Point Amona Khnadola,"GXG9+W4X, Khandola",0,0,ChIJnRLLdQC9vzsRI4-tqUiCXBg,"tourist_attraction, point_of_interest, establishment",Bicholim,15.5273732,73.96786,,
Ubo Guno,"Fresh tech life, Ghonteli",5,1,ChIJl_HFQwCZvzsRzILIATHGnAs,"tourist_attraction, point_of_interest, establishment",Bicholim,15.6039897,74.0496222,,
Sonshe mine mini beach,"G3J5+5F3, Pissurle",4.3,3,ChIJKaWgLgCjvzsR4uNz22DJObw,"tourist_attraction, point_of_interest, establishment",Bicholim,15.5303923,74.0586595,,
Jayesh durig,"GXC8+Q33, Khandola",0,0,ChIJD4Q7TAC9vzsRj_GdXrNmsRQ,"tourist_attraction, point_of_interest, establishment",Bicholim,15.5218927,73.9651695,,
Dabem vaircho trek waterfall,"H456+P3V, Dabem, Jarma, Goa 403506, India",5,1,ChIJT9LKYACjvzsRJqvn73XzNrE,"tourist_attraction, point_of_interest, establishment",Sattari (Valpoi),15.5593564,74.1101854,,
Keri cycling view point,"J33C+Q64, Querim, Goa 403505, India",4.7,9,ChIJa3_efw2ZvzsR7LW8N6ON6JM,"tourist_attraction, point_of_interest, establishment",Sattari (Valpoi),15.6043959,74.0705903,,
Massorde spring,"G4GV+3J, Valpoy, Massorde, Goa 403506, India",5,4,ChIJV1l3DMahvzsR_WKW_p-ZeeA,"tourist_attraction, point_of_interest, establishment",Sattari (Valpoi),15.5227656,74.143643,,
Team ATOM Crater Lake,"F5CF+5MC, Mollem Road, Ambeli, Gavane, Goa 403506, India",3.9,11,ChIJ3dcGx2envzsR6gpTUezEKGY,"tourist_attraction, point_of_interest, establishment",Sattari (Valpoi),15.4704251,74.1741404,,
Surla ferry view point,"Ferry Terminal, Surla, Dingnasur, Goa 403505, India",4.4,8,ChIJGxzRzs29vzsR1fZIBoMhrZs,"tourist_attraction, point_of_interest, establishment",Sattari (Valpoi),15.4982507,74.0177293,,
Tourist attraction,"C56Q+GG, Aalot, Goa 403406, India",4.2,5,ChIJU5L6aWinvzsRrW997FX7G58,"tourist_attraction, point_of_interest, establishment",Sattari (Valpoi),15.4119228,74.1888838,,
Saleli spring waterfall,"H38Q+544, Salili, Goa 403530, India",4.4,37,ChIJQScdwgOjvzsRR2-xVLKMFbY,"park, point_of_interest, establishment",Sattari (Valpoi),15.5653789,74.0878173,,
Satrem Second Waterfall,"J6MV+2XP, Nagargaon, Goa 403506, India",4.6,11,ChIJtxLV4vh1vzsRgfmn086OG64,"park, point_of_interest, establishment",Sattari (Valpoi),15.6325999,74.2449393,,
Aamini Waterfall Virdi,"M35J+FQ5, Virdi, Maharashtra 416512, India",4.6,25,ChIJPdenyeGbvzsRqkEF4nbitis,"tourist_attraction, point_of_interest, establishment",Sattari (Valpoi),15.65864,74.0819941,,
WaterFall Gho Gho,"G4WJ+P2R, Koparde, Goa 403506, India",3.5,31,ChIJPfdYY-ihvzsRhjO27of2siA,"tourist_attraction, point_of_interest, establishment",Sattari (Valpoi),15.5468551,74.1300143,,
Tilari Wildlife Sanctuary,"Q484+6PV Tilari Project, Aynode, Maharashtra 416549, India",4.3,9,ChIJk_zAwpCFvzsRL1MtHoHEyKY,"zoo, park, point_of_interest, establishment",Sattari (Valpoi),15.7656059,74.1068062,,
Wild One wildlife field station & nature stay,"SH130, Pikule, Terwan, Maharashtra 416549, India",4.8,110,ChIJ49lYkvOFvzsR_3L2MI7V1tk,"campground, lodging, park, point_of_interest, establishment",Sattari (Valpoi),15.8125994,74.0963591,,
Shri Dev Chidambar Temple Mhadei Wildlife Sanctuary,"H5WQ+P34, Nagargaon, Kodal, Goa 403506, India",4.2,5,ChIJLe0wiJafvzsRoPZPYzZ4XN8,"hindu_temple, place_of_worship, point_of_interest, establishment",Sattari (Valpoi),15.5967705,74.187701,,
Kudnem Important Bird and Biodiversity Area,"Kudne, Goa 403505, India",4.9,8,ChIJGUzc3We9vzsR0jH48u3EoiM,"park, point_of_interest, establishment",Sattari (Valpoi),15.5360625,74.0025625,,
"Mangrove Boating & Wildlife Tour: Crocodiles, Birdwatching & Fishing by GoaSay","Vanxim Island, Panaji, Goa 403403, India",5,187,ChIJ8xU_9vG_vzsR70nvInd_y4w,"tourist_attraction, point_of_interest, establishment",Sattari (Valpoi),15.5418446,73.9067666,,
Tilari Birding Site,"R3G5+497, Chandgad, Maharashtra 416549, India",4.9,13,ChIJwy1RTZ2FvzsRIBlIaeiDBMU,"tourist_attraction, park, point_of_interest, establishment",Sattari (Valpoi),15.8252931,74.0584258,,
Salvador Do Mundo - Wetlands,"GVH4+3JF, Betim–Penha de Franca–Pomburpa, Aldona Soddo Rd, Quitula, Salvador du Mundu, Goa 403101, India",4.6,45,ChIJj9u39x2_vzsRlV6-GyV6fYM,"park, point_of_interest, establishment",Sattari (Valpoi),15.5276975,73.8565467,,
Narve-Tikhazan Marsh (Birdwatching),"HW36+GVC, Narva, Maem, Goa 403504, India",4.5,4,ChIJVboGXea_vzsRbF6l5TBDG7Q,"park, point_of_interest, establishment",Sattari (Valpoi),15.5538125,73.9121406,,
Mhadei Wildlife Forest Rangers Office,"H5PQ+VXX, Nagargaon, Maloli, Goa 403506, India",4.1,10,ChIJD4wk642fvzsR9nUMoeMrCaM,"point_of_interest, establishment",Sattari (Valpoi),15.5872272,74.1899858,,
St. Cruz Wetlands,"FRCQ+J24, Santa Cruz, Goa 403005, India",4.2,81,ChIJk9d499_BvzsRB3I4JZwMnZI,"park, point_of_interest, establishment",Sattari (Valpoi),15.4715066,73.8375808,,
Mhadei Jungle Camp by Ojas Agro Farm,"Bambar Nanoda road, Satari, Valpoy, Goa 403506, India",4.8,43,ChIJ0dhRTvGfvzsRo-5_zGMBPYg,"lodging, point_of_interest, establishment",Sattari (Valpoi),15.5841245,74.2012435,,
Bondla check post,"F32W+CC, Usgao-Ganjem VP, Gotiakhadilwada, Goa 403406, India",4.4,5,ChIJU0rO2sulvzsR2-Wamrxznxk,"tourist_attraction, point_of_interest, establishment",Sattari (Valpoi),15.4510129,74.0960911,,
Shrine,"C4M5+2HM, Tisca, Goa 403406, India",5,3,ChIJtaZmhHGlvzsRi6qY1cbZYNg,"hindu_temple, place_of_worship, point_of_interest, establishment",Sattari (Valpoi),15.4325977,74.1089303,,
Valpoi,"G4H4+8W, Pissurle, Valpoy, Goa 403506, India",4.6,27,ChIJrxosfsKjvzsRH8AQ3XdfQZc,"park, point_of_interest, establishment",Sattari (Valpoi),15.5283597,74.1072846,,
Bird Watching Spot,"8WJ2+9QP, Arossim, Goa 403712, India",4.2,219,ChIJQefFIx23vzsRa9tEtr74_Y0,"park, point_of_interest, establishment",Sattari (Valpoi),15.3309671,73.9019438,,
Shantadurga temple Advoi sattari Goa,"Shree Shantadurga temple, Advai Desaiwada, Birondem VP, Goa 403530, India",4.7,19,ChIJtf8-0AujvzsRS37BhH3FD6w,"hindu_temple, place_of_worship, point_of_interest, establishment",Sattari (Valpoi),15.500832,74.1054911,,
Prabhupad Bhavan Iskcon,"H23J+2JX, Dinkarnagar, Rudreshwar Colony, Harvale, Goa 403505, India",5,12,ChIJCc6DOtujvzsR5ySYMANc41s,"hindu_temple, place_of_worship, point_of_interest, establishment",Sattari (Valpoi),15.5526135,74.0316081,,
Shri Sateri Kelbai Devasthan,"G2X7+2PF, Sanquelim, Goa 403505, India",4.8,34,ChIJBbdmJES9vzsRxCF9OCboU9Q,"hindu_temple, place_of_worship, point_of_interest, establishment",Sattari (Valpoi),15.5475172,74.014281,,
"Shri Brahmadev Ji Temple, Brahma Karmali Goa","H597+R24, Karambali Bramha, Goa 403506, India",4.8,115,ChIJSwsP1HyfvzsRjXhZD_cc4Yg,"hindu_temple, place_of_worship, point_of_interest, establishment",Sattari (Valpoi),15.5695168,74.1625753,,
Brahmarashtroli Temple,"Brahmarashtroli Temple, Sakhali Housing Board, Sakhali housing board Colony, Harvale, Goa 403505, India",4.8,16,ChIJ1QqoCVS9vzsRexye1ZAEegE,"hindu_temple, place_of_worship, point_of_interest, establishment",Sattari (Valpoi),15.55941,74.0251214,,
Vittal Rukumai Temple,"H284+PVG, Sanquelim Bridge, Karapur, Vithallapur, Sanquelim, Karapur, Goa 403505, India",4.7,77,ChIJ4zCzZuCXvzsRzJhGq3kwRS8,"hindu_temple, place_of_worship, point_of_interest, establishment",Sattari (Valpoi),15.5668139,74.0071963,,
Sateribhat Sateri Temple,"F2Q5+4W6, Valvai, Goa 403107, India",4.7,46,ChIJm9H6Tby8vzsR0mbubk4tO3U,"hindu_temple, place_of_worship, point_of_interest, establishment",Sattari (Valpoi),15.487777,74.0097776,,
"Shantadurga Ravalnath Temple, Orgao, Marcel","GX4C+FXR, Marcel, Ponda, Orgao, Goa 403107, India",4.8,72,ChIJUcYZOlC8vzsRZLn8StwmSOo,"hindu_temple, place_of_worship, point_of_interest, establishment",Sattari (Valpoi),15.5062375,73.9723902,,
Sateri Temple Candola,"GXC7+QWH, Khandola, Goa 403107, India",4.7,118,ChIJt2Jatra9vzsRNksaUoHDx9k,"hindu_temple, place_of_worship, point_of_interest, establishment",Sattari (Valpoi),15.5219107,73.9648593,,
mhalshekar wada Poriem satari goa,"Mhalshekar wada, Pariye, Satari, Goa 403505, India",5,1,ChIJb7QSJQCZvzsREwI2iXKLFUQ,"hindu_temple, place_of_worship, point_of_interest, establishment",Sattari (Valpoi),15.5794829,74.0354899,,
Rudreshwar Mahadev Mandir,"H24G+2Q2, Rudreshwar Colony, Harvale, Goa 403505, India",5,3,ChIJwdeqFQC9vzsRHnvPUR_PAgc,"hindu_temple, place_of_worship, point_of_interest, establishment",Sattari (Valpoi),15.5550175,74.026886,,
Shri Sateri Temple,"FXG7+395, NH 4A, Karmali, Boma, Goa 403115, India",4.8,24,ChIJ-b7_iXO8vzsRbfePQT-yneY,"hindu_temple, place_of_worship, point_of_interest, establishment",Sattari (Valpoi),15.4751252,73.9634888,,
Shri Durgadatta Temple Marcel,"Chimulawada, Orgao, Goa 403107, India",4.9,60,ChIJu3gqnkq8vzsR485kp_j5GA0,"hindu_temple, place_of_worship, point_of_interest, establishment",Sattari (Valpoi),15.5130161,73.9595066,,
"Shri Devi Sateri Sansthan, Khorli, Mhapasa","HRW2+9JV, Ghateshwar Nagar, Khorlim, Mapusa, Goa 403507, India",4.7,76,ChIJOV7TNgLrvzsRHeJsPxsGzjc,"hindu_temple, place_of_worship, point_of_interest, establishment",Sattari (Valpoi),15.5960279,73.8015381,,
Shree Ajoba temple,"G2VQ+9P6, Sanquelim–velguem–Surla-Usgao Rd, Honda, Goa 403530, India",4.6,81,ChIJQ_js1reivzsRtMPJHJExsSw,"place_of_worship, point_of_interest, establishment",Sattari (Valpoi),15.5434738,74.0392196,,
Shri Chandreshwar Swamy Temple,"F2GM+MR3, Kotambi, Pale, Goa 403105, India",4.5,64,ChIJY2n8xlWjvzsRVnV5PJN7GpY,"hindu_temple, tourist_attraction, place_of_worship, point_of_interest, establishment",Sattari (Valpoi),15.4767346,74.0345451,,
Vadadev Temple,"Vadadev Nagar, near Vadadev Temple, Honda, Satari, Goa 403530, India",4.4,21,ChIJ83ZLVr6ivzsRPEXTaAODLbc,"hindu_temple, place_of_worship, point_of_interest, establishment",Sattari (Valpoi),15.5475633,74.0506903,,
Sakhleshwar mandir,"H2MF+XW9, Pariye, Goa 403505, India",5,3,ChIJ5Qj37PyXvzsRbxpljeM-WNM,"hindu_temple, place_of_worship, point_of_interest, establishment",Sattari (Valpoi),15.5849149,74.0248667,,
Shri Gajantlaxmi Temple Valvai,"F2V7+J8R, Valvai, Khandepar, Goa 403107, India",4.7,133,ChIJe2Rmxri8vzsRRcOmzeBsd8I,"hindu_temple, place_of_worship, point_of_interest, establishment",Sattari (Valpoi),15.4941029,74.013267,,
Bairagi Temple,"H256+Q7P, Desai Nagar, Maulangtad, Sanquelim, Goa 403505, India",4.4,5,ChIJIQ1C41u9vzsRKTT5nH0Crgw,"hindu_temple, place_of_worship, point_of_interest, establishment",Sattari (Valpoi),15.559473,74.0107072,,
Chatrapati Shivaji Maharaj Park Valpoi.,"G4HP+X94, Massorde, Goa 403506, India",3.8,5,ChIJN4o807OhvzsRRlmeXNfnCTA,"park, point_of_interest, establishment",Sattari (Valpoi),15.5298909,74.1359564,,
Bhironda Picnic Spot,"F4MM+W6C, Unnamed Road, Bhironde, Birondem VP, Goa 403506, India",4.1,43,ChIJxQItHEKhvzsRXbSZlXQCgW8,"tourist_attraction, point_of_interest, establishment",Sattari (Valpoi),15.4848003,74.1330228,,
Tajbi Gardens,"G4G9+XHP, Naguem, Goa 403506, India",4,21,ChIJqVlCQyuivzsRxpl1zsOBV9Q,"park, point_of_interest, establishment",Sattari (Valpoi),15.5274508,74.1189413,,
Srushti Farm,"H.no. 95, 2, Nagargaon Rd, Valpoy, Ambede, Goa 403506, India",4.5,32,ChIJHXSjoe-hvzsRnGESxpQr2dM,"campground, park, lodging, point_of_interest, food, store, establishment",Sattari (Valpoi),15.5620309,74.1539143,,
Siranguli Waterfall,"F5VP+34F, Siranguli, Shelpi Khurd, Goa 403506, India",4.3,15,ChIJAQBezUChvzsRjuFltXoRB0g,"park, point_of_interest, establishment",Sattari (Valpoi),15.4926771,74.1853027,,
Mhadai River New Dam,"F39W+RW, Pale, Mastakwada, Goa 403105, India",4.3,53,ChIJLa0Fy2GlvzsR3tBpNwwS_vk,"tourist_attraction, point_of_interest, establishment",Sattari (Valpoi),15.4692702,74.0921429,,
Spring Valley,"Advai Desaiwada, Birondem VP, Goa 403530, India",5,5,ChIJhWohAACjvzsRWf1N3RjmvO4,"park, point_of_interest, establishment",Sattari (Valpoi),15.4966217,74.1005419,,
Gawas brothers farm,Choraundem,4.7,3,ChIJWaWemRifvzsRVhdWRY-ZQQc,"tourist_attraction, point_of_interest, establishment",Sattari (Valpoi),15.6210625,74.1314375,,
Western ghat view point,"H4JP+7MV, Naneli",0,0,ChIJZTDcLwCfvzsRp1NF_dXtXAo,"tourist_attraction, point_of_interest, establishment",Sattari (Valpoi),15.5807395,74.1366873,,
Funicular (Wildernest),"M428+HH8, off Sankhali, Ghats, Chorla",5,1,ChIJ34QpFACZvzsRmBiA0PWHEr0,"tourist_attraction, point_of_interest, establishment",Sattari (Valpoi),15.6514013,74.1164605,,
Chorla Ghat Viewpoint || Karnataka,"M42H+9PW, State Highway 4, Choraundem",4.6,508,ChIJP__SuJWfvzsR0tBcGgF5Fv8,"tourist_attraction, point_of_interest, establishment",Sattari (Valpoi),15.6509813,74.1293364,,
Chorlagundi Waterfalls || Karnataka,"M45G+J2, Sada",4.5,140,ChIJKR7eRVmfvzsRBB_fqZZ58sc,"tourist_attraction, point_of_interest, establishment",Sattari (Valpoi),15.65909,74.125062,,
Hidden Milky waterfall,"H5QJ+M6, Maloli",0,0,ChIJPxVSTQCfvzsR1RSD4QYWIoI,"tourist_attraction, point_of_interest, establishment",Sattari (Valpoi),15.589152,74.180543,,
Vazra Sakla Waterfalls (Karnataka),"M454+CV, Sada",4.7,146,ChIJw9Xdk1eZvzsRym4wkFNdRUM,"tourist_attraction, point_of_interest, establishment",Sattari (Valpoi),15.6585625,74.1071875,,
Gulambe waterfall chorla,"M46C+4H, Sada",5,3,ChIJMTH1LACZvzsRN7gDri_NMLM,"tourist_attraction, point_of_interest, establishment",Sattari (Valpoi),15.660319,74.121424,,
Vagachi khond,"J3G6+V5, Querim VP",4.5,8,ChIJJwx6PQCZvzsRx_y0ZL2vhEo,"tourist_attraction, point_of_interest, establishment",Sattari (Valpoi),15.6282178,74.064032,,
Shirolim Canal,"J3F6+VFM, Shiroli",5,1,ChIJuz6zZgCZvzsRsyQ6fe9VSoM,"tourist_attraction, point_of_interest, establishment",Sattari (Valpoi),15.6247142,74.0611761,,
Chorla haletra waterfall,"M45W+4C6, Chorla",0,0,ChIJ9YgUSwCfvzsRoenvZfIxqHc,"tourist_attraction, point_of_interest, establishment",Sattari (Valpoi),15.6577825,74.1460166,,
Bāndalagange Waterfalls || Karnataka,"M487+3PV, Sada",5,4,ChIJL4qt6bGbvzsRuZpoEqv1_3Y,"tourist_attraction, point_of_interest, establishment",Sattari (Valpoi),15.6652373,74.1142822,,
Sādagundi Waterfalls || Karnataka,Sada,4.7,151,ChIJ0dIqx2qbvzsRfCxx1v1EE_Y,"tourist_attraction, point_of_interest, establishment",Sattari (Valpoi),15.6628497,74.1006311,,
Goali Waterfall,"M53G+24, Goali",3.5,4,ChIJAzN2SgCfvzsRA_oJEf6HgfI,"tourist_attraction, point_of_interest, establishment",Sattari (Valpoi),15.6526236,74.1753413,,
Mangeli Waterfalls,"M4JG+C8, khanapur",4.6,279,ChIJy-bhw5SdvzsRAoaKpfqS6-c,"tourist_attraction, point_of_interest, establishment",Sattari (Valpoi),15.6809601,74.1257912,,
Ustem Dam,"H654+CH5, nagargoan dhave,ustem toad",4.5,72,ChIJZ-amTOGhvzsRAZtAXuBPtok,"tourist_attraction, point_of_interest, establishment",Sattari (Valpoi),15.5585012,74.2064777,,
Mangeli Deulwadi,"M4R2+R3G, Mangeli",4.7,3,ChIJN5MHZDSbvzsRSZbkY-HcsVI,"tourist_attraction, point_of_interest, establishment",Sattari (Valpoi),15.6920511,74.1002039,,
Talekhol waterfall,"J2XP+VFW, Panchayat Road Dodamarg, Talekhol",4.5,11,ChIJP8a2baWZvzsRnXk_Onj_3yo,"tourist_attraction, point_of_interest, establishment",Sattari (Valpoi),15.649727,74.0362081,,
Dolphin Boat trip and kayaking,"beach, Palolem, Canacona, Goa 403702, India",4,52,ChIJ7RmQzOFFvjsRij98A3qs2rA,"tourist_attraction, point_of_interest, establishment",Canacona,15.0114217,74.0213312,,
Palolem Rocks Sunset Point,"2267+5CH, Anjadip, Chauri, Goa 403702, India",4.7,82,ChIJ83MY3bRFvjsRMiCicsc7Q40,"tourist_attraction, point_of_interest, establishment",Canacona,15.0108021,74.0127612,,
Praia da Luis e Cris / beach,"House No: 270, Neptune Point Colomb Beach, via, Palolem, Canacona, Goa 403702, India",4.5,6,ChIJ41Yv36dFvjsRXFiUkgGKvvw,"tourist_attraction, point_of_interest, establishment",Canacona,15.0022031,74.0283995,,
PALOLEM BEACH MANGROVE FOREST,"2289+82, Canacona, Goa, India",4.4,28,ChIJdZbyNbFFvjsR_c8vzqieQL0,"tourist_attraction, point_of_interest, establishment",Canacona,15.0158338,74.0175332,,
Chaar Rasta Canacona,"226J+CQR, Mohanbagh, Nagorcem, Canacona, Goa 403702, India",0,0,ChIJGUUfagBbvjsRo2b-uTVgkVQ,"tourist_attraction, point_of_interest, establishment",Canacona,15.0111208,74.0318867,,
Kolz Bon Candle night dinner,"X2XJ+V83, Palolem, Canacona, Goa 403702, India",5,1,ChIJkdUTWQBbvjsRYN1nAWC1Pu0,"tourist_attraction, point_of_interest, establishment",Canacona,14.999625,74.0307971,,
Mitansh_boat_trip,"End of palolem beach, end of road, Palolem, Canacona, Goa 403702, India",5,5,ChIJF0dLRrFFvjsRdCulOZjvCM8,"tourist_attraction, point_of_interest, establishment",Canacona,15.0136087,74.0160597,,
Capoli Watefall Canacona South Goa,"X2XR+3F2, Capoli, Palolem, Canacona, Goa 403702, India",0,0,ChIJ4Y5sFgBbvjsRmJK1des1GLY,"tourist_attraction, point_of_interest, establishment",Canacona,14.9976384,74.0411339,,
Dragonfly Beach,"2294+8Q, Canacona, Chauri, Goa 403702, India",4.5,22,ChIJZ74AN0FFvjsRzdj0wEYZ5c4,"tourist_attraction, point_of_interest, establishment",Canacona,15.0182525,74.0069794,,
Way To Palolem Beach,"226P+CG2, MDR49, Nagorcem, Canacona, Goa 403702, India",4.5,389,ChIJhaL1c65avjsRRD7QuD02P7w,"tourist_attraction, point_of_interest, establishment",Canacona,15.0110003,74.0362607,,
Beach Viewpoint,"224G+2R4, Ourem Rd, south end, Palolem, Canacona, Goa 403702, India",4.8,16,ChIJ3SiDDgBFvjsRHoWQyxC7GvU,"tourist_attraction, point_of_interest, establishment",Canacona,15.005029,74.0268043,,
Pathway to Beach,"227F+39J, Dr Pundlik Gaitonde Rd, Palolem, Canacona, Goa 403702, India",4.8,4,ChIJCZ77HmNFvjsR7r5jIYFwtnA,"tourist_attraction, point_of_interest, establishment",Canacona,15.0127021,74.0233801,,
The Lonely Tree,"228H+P8M, Major District Road, Palolem, Agonda, Canacona, Goa 403702, India",5,3,ChIJkzIGXgBFvjsREngPUUD33o8,"tourist_attraction, point_of_interest, establishment",Canacona,15.0168264,74.0283033,,
Kolz Bon Beach Wedding,"81/5, Palolem, Canacona, Goa 403702, India",5,2,ChIJsdnjfXRFvjsR2vumsP9H730,"tourist_attraction, point_of_interest, establishment",Canacona,15.0038117,74.0265002,,
Palolem beach Mr Lucky Boat service,"Palolem, Canacona, Goa 403702, India",4.6,5,ChIJE5JEvypFvjsRkHpy_9BiESo,"tourist_attraction, point_of_interest, establishment",Canacona,15.010524,74.0225425,,
Palolem Kayaking Spot,"10, Ourem Rd, Mohanbagh, Palolem, Canacona, Goa 403702, India",4.6,18,ChIJzdM4Sz9FvjsRgR61wBTungc,"tourist_attraction, point_of_interest, establishment",Canacona,15.0076952,74.0261434,,
Balancing Rock Viewpoint,"1, Palolem Down St, Palolem, Canacona, Goa 403702, India",3.8,15,ChIJOXzXcQBFvjsR0WqxN807VE0,"tourist_attraction, point_of_interest, establishment",Canacona,15.017192,74.0185323,,
Palolem boat kayaking backwater,"Beach, near st.cruz chapel, Palolem, Canacona, Goa 403702, India",4.9,107,ChIJRwiKArBFvjsRWln8gzgJsjU,"tourist_attraction, point_of_interest, establishment",Canacona,15.0130747,74.0159922,,
GYAN DOLPHIN TRIP,"Main beach road, near sumitra stores, Patnem, Palolem, Canacona, Goa 403702, India",5,1,ChIJPZEPUclbvjsRdFNAz4pypIk,"tourist_attraction, point_of_interest, establishment",Canacona,14.9978902,74.033415,,
Rudra Boat Trip Talpona,"Jetty, Talpona, beach, Poingunin, Goa 403702, India",5,48,ChIJkX24D9ZbvjsRYzJ62aS4hP8,"tourist_attraction, point_of_interest, establishment",Canacona,14.9829136,74.0398425,,
Palolem,"226C+VG5, Inside of Palolem Beach Resort, Palolem, Canacona - Goa Cancona, Palolem, Canacona, Goa 403702, India",4.3,7,ChIJJafqPTlFvjsR6D6gcWgoETM,"tourist_attraction, point_of_interest, establishment",Canacona,15.012134,74.02137,,
Odysea,"Palolem, Benaulim, Canacona, Goa 403702, India",0,0,ChIJJQdWeZNFvjsRc3T2S3nVbhs,"tourist_attraction, point_of_interest, establishment",Canacona,15.0103229,74.0230682,,
Sahil Boat Trips,"Patnem canacona goa, South goa ,403702 Patnem beach, Canacona, Goa 403702, India",5,58,ChIJ471hdIlbvjsR_MMjI3PVPuE,"tourist_attraction, travel_agency, point_of_interest, establishment",Canacona,14.9991402,74.0321115,,
Hidden Lotus Cave Patnem,"X2VP+Q35 patnem beach Patnem, Palolem, Canacona, Goa 403702, India",3.4,16,ChIJG9Sszt5bvjsRNsEFXe9XoU0,"tourist_attraction, point_of_interest, establishment",Canacona,14.9943825,74.0352404,,
Rocky boat trip palolem,"Palolem, Canacona, Goa 403702, India",4.6,8,ChIJbe_nXZBbvjsRj4KW1v3IMQE,"tourist_attraction, point_of_interest, establishment",Canacona,15.0112064,74.0223223,,
Shark Rock Point,"2267+GV9, Anjadip, Goa 403702, India",4.3,53,ChIJndh1mORFvjsRkRuaFLrQ0LA,"tourist_attraction, point_of_interest, establishment",Canacona,15.0112825,74.0147383,,
Chapoli view point,"22HV+PH, Canacona, Mallikarjun, Goa 403702, India",4.1,27,ChIJVxxx81xRvjsRBtFgR1tSvv4,"tourist_attraction, point_of_interest, establishment",Canacona,15.0292855,74.0439738,,
Chapoli Waterfall Canacona South Goa,"23M2+7CH, Chapoli, Canacona, Mallikarjun, Goa 403702, India",5,4,ChIJZ60NMgBRvjsRsumez_C2uNk,"tourist_attraction, point_of_interest, establishment",Canacona,15.033731,74.050117,,
Sea Turtle Rock,"223G+8HG, Palolem, Canacona, Chauri, Goa 403702, India",5,1,ChIJtfmSMgBFvjsRXA_loY14mxM,"tourist_attraction, point_of_interest, establishment",Canacona,15.0042379,74.0266269,,
All day kayak adventure,"Palolem Down St, Palolem, Canacona, Goa 403702, India",4.8,13,ChIJ5wuzXnZFvjsRjEUe0CzKj9k,"tourist_attraction, point_of_interest, establishment",Canacona,15.0114947,74.0211434,,
Bliss Circus,"Ourem Rd, inside Traverse Hostel, Mohanbagh, Palolem, Canacona, Goa 403702, India",4.3,20,ChIJrwsdnrdFvjsRgtflxlFQjyc,"tourist_attraction, point_of_interest, establishment",Canacona,15.0056291,74.0281796,,
River queen boat trip and kayaking by Tulsidas ji,"X3V5+JFR, Canacona, Poingunin, Goa 403702, India",5,5,ChIJ9dbnRgBbvjsRy72DZZVaiWo,"tourist_attraction, point_of_interest, establishment",Canacona,14.9941098,74.0586288,,
Talpona Beach,"Talpona Beach, Goa, India",4.7,469,ChIJrWx_htdavjsRuZH5wuHKgRA,"natural_feature, establishment",Canacona,14.9780088,74.0419464,,
Colomb Beach,"Colomb Beach, Goa, India",4.5,237,ChIJ0ROleEtFvjsRqkMyxRepPu8,"natural_feature, establishment",Canacona,15.0026499,74.0271825,,
Cocos Beach Resort,"Mohan bhag, Beach, Mohanbagh, Palolem, Canacona, Goa 403702, India",4.2,682,ChIJL3vHrz5FvjsRi3G6CoAczGo,"lodging, point_of_interest, establishment",Canacona,15.0080706,74.0258535,,
Blue Lagoon Beach cola,"3X4C+RM7, Cola Beach Rd, Kola, Goa 403702, India",4.2,12,ChIJZ1vqOgBPvjsRklMoMVbIxCo,"tourist_attraction, point_of_interest, establishment",Canacona,15.0570292,73.9716718,,
Soneca Cola Beach Resort,"Cola Beach Rd, behind cola, Canacona, Kola, Goa 403702, India",4.3,481,ChIJ7V_1IP1PvjsRxC9dEyeFMwQ,"lodging, restaurant, point_of_interest, food, establishment",Canacona,15.0609485,73.9701669,,
Turtle Beach,"Turtle Beach, Poingunin, Goa 403702, India",4.6,211,ChIJoz6KFzxbvjsR3KwmyqFf0QY,"natural_feature, establishment",Canacona,14.9599248,74.0489962,,
Goa Best Beach Accommodation,"Goa Best Beach Accommodation, Palolem, Canacona, Goa 403702, India",4.2,84,ChIJVzFukFFFvjsRbm9h-6Jb93A,"natural_feature, establishment",Canacona,15.0095819,74.0235293,,
Xandrem Beach,"Xandrem Beach, Goa, India",4.1,65,ChIJKUVRlVtbvjsRLyO4EGoiBWc,"natural_feature, establishment",Canacona,14.9386335,74.0459854,,
Rajbag Beach,"Rajbag Beach, Goa, India",4.5,751,ChIJjfn2ZM5avjsRcWvuVzdlk_8,"natural_feature, establishment",Canacona,14.9850204,74.038458,,
Agonda Beach,"Agonda Beach Rd, Agonda, Goa 403702, India",4.7,106,ChIJsZjTYDtPvjsRJSOzYdXqIjU,"tourist_attraction, point_of_interest, establishment",Canacona,15.0469828,73.9846745,,
Cola backwaters kayaking spot,"Cola Beach Rd, Canacona, Kola, Goa 403702, India",4.6,57,ChIJD4hhuDtPvjsR_Wfabyrh0oQ,"tourist_attraction, point_of_interest, establishment",Canacona,15.05696,73.9714593,,
Parental Umbrage - A Boat Trip Adventure,"near Lalit Resort, Rajbag, Tarir, Canacona, Chauri, Goa 403702, India",4.9,26,ChIJ1WgQ57tbvjsRJWv2aHVT1J8,"tourist_attraction, point_of_interest, establishment",Canacona,14.9855084,74.0383984,,
Cape Goa Cliff view Point,"Cape Goa Cabo de rama, Canaguinim, Gonval, India",4.6,129,ChIJoTUrEPBJvjsRG03OBBlIh6o,"tourist_attraction, point_of_interest, establishment",Canacona,15.0979935,73.9265728,,
Netravali Bubbling Lake,"36V5+MMF, Netravli, Vichundrem, Goa 403704, India",4.3,1279,ChIJkW8u-WdWvjsRNq8AK5PVtyg,"tourist_attraction, point_of_interest, establishment",Canacona,15.0941858,74.2091651,,
Cola BEACH,"3X4C+FW4, Cola Beach Rd, Kola, Goa 403702, India",4.3,12,ChIJE5zySQBPvjsRQwQQfA_mt6I,"tourist_attraction, point_of_interest, establishment",Canacona,15.0561288,73.9723403,,
Nalini's Farmhouse,"54JW+W9, Molcornem VP",5,1,ChIJv66IQQBVvjsRD8RZUTCjR40,"tourist_attraction, point_of_interest, establishment",Canacona,15.1822661,74.1458836,,
Rivona Small Dam,"5439+J7H, Rivona",4.5,11,ChIJcb9OYkNTvjsRnTLtSenPZQg,"tourist_attraction, point_of_interest, establishment",Canacona,15.1540738,74.1182468,,
Rivona Natural Cave 2,"5466+H6C, Rivona",3.9,337,ChIJZ-R0nXdTvjsRu4z37E18NN4,"tourist_attraction, point_of_interest, establishment",Canacona,15.1614314,74.1105281,,
Colomba Spring pond,"44XM+R46, Major District Road 36, Kolamba",4,4,ChIJLzvIN8NVvjsReliWVyBbf0E,"tourist_attraction, point_of_interest, establishment",Canacona,15.1495311,74.1327804,,
Rivona River Spot,"5465+3G, Rivona",4.8,4,ChIJ6wCDuTdTvjsRpKeVANBL38Y,"tourist_attraction, point_of_interest, establishment",Canacona,15.1601797,74.1087937,,
Kasamshed,"55W6+59, Shelpe",0,0,ChIJTxz4QgBVvjsRA6a2IwxpIqs,"tourist_attraction, point_of_interest, establishment",Canacona,15.1954057,74.1608832,,
Zariwada Spring Cortali,"647V+QGF, Kotarli",4.1,10,ChIJg69SJj2rvzsRKMZgKUW6HD4,"tourist_attraction, point_of_interest, establishment",Canacona,15.2147666,74.1425936,,
Paradise Farm,"53RM+4WM, Quepem",3.4,635,ChIJFS_tQyRTvjsRFFnQYwuI_Cs,"tourist_attraction, lodging, point_of_interest, establishment",Canacona,15.1903349,74.0848087,,
Rivona quarry,"44FM+6H, Rivona",4.1,11,ChIJy2WvPKVVvjsRax3GHoB7Dyc,"tourist_attraction, point_of_interest, establishment",Canacona,15.1231059,74.1339776,,
Shree Paikdev Temple,"6595+W24, Kotarli",4.9,37,ChIJc7LUSzCrvzsReEINfdTtYVs,"hindu_temple, tourist_attraction, place_of_worship, point_of_interest, establishment",Canacona,15.219766,74.1575717,,
,,,,,,,,,,
Salaulim dam,"655G+G78, Shelpe",4.4,145,ChIJe_8OUG1VvjsRTK5ENpqAYo8,"tourist_attraction, point_of_interest, establishment",Canacona,15.2099027,74.176029,,
,,,,,,,,,,
,,,,,,,,,,
Don Bosco Dam,"446X+9P, Sulcorna",4.7,6,ChIJVyyky2pXvjsR4EMSBhEtkfQ,"tourist_attraction, point_of_interest, establishment",Canacona,15.1109173,74.1493259,,
Quepem Dam,"636G+M5F, Quepem",4.1,385,ChIJAQBkkymtvzsRfsDLIjF64Gw,"tourist_attraction, point_of_interest, establishment",Canacona,15.2116832,74.0754267,,
Grand Line,"63JV+M8, Karmaliwada",5,2,ChIJpfh4CwCtvzsR3sEwHUpC-Ko,"tourist_attraction, point_of_interest, establishment",Canacona,15.2316601,74.0932661,,
HATTHI FATOR(elephant stone),"64Q4+M78, Karmaliwada",3.9,8,ChIJ4-gGHvWtvzsRiHqKxmPZgrM,"tourist_attraction, point_of_interest, establishment",Canacona,15.2391722,74.1057001,,
Nanda Lake,"64R4+C5F, Karmaliwada",4.2,81,ChIJ_7MCoq-tvzsRCMoqgKQn-LI,"tourist_attraction, point_of_interest, establishment",Canacona,15.24105,74.1054155,,
Old Bridge Curpem,"45HQ+8HX, Kurpe",4.7,6,ChIJkW4juaNVvjsR4GJEu-QDzhM,"tourist_attraction, point_of_interest, establishment",Canacona,15.1283741,74.188976,,
Sunset point,"5623+WG3, Unnamed Road, Vaddem Colony Number 1, Portem, Portem",5,2,ChIJpSowvlpVvjsRdNVJgZ7DN_8,"tourist_attraction, point_of_interest, establishment",Canacona,15.1522518,74.2038039,,
Crib,"63FF+CG9, Quepem",0,0,ChIJmVDdMgCtvzsRInwpUgkHsyk,"tourist_attraction, point_of_interest, establishment",Canacona,15.2235417,74.073872,,
Xeldem Banyan tree,"63WR+647, Karmaliwada",5,7,ChIJv-OIid-tvzsRMiWHyUJ3IWU,"tourist_attraction, point_of_interest, establishment",Canacona,15.2455438,74.0903052,,
Bamnabhat Bridge,"52WX+CV6, Bamnabhat, Ambavali",0,0,ChIJu4D4fQBTvjsRmkomBvzrluU,"tourist_attraction, point_of_interest, establishment",Canacona,15.196035,74.0496543,,
Infinity Curved valley,"745H+G52, Portuguese Dock, Road, Kanpray",4.2,19,ChIJOdZWPzKrvzsRElnKc3MVWKQ,"tourist_attraction, point_of_interest, establishment",Canacona,15.2587681,74.1278848,,
Jagga world,Bati,5,1,ChIJ_apNLQD_vjsRQI9j0N0xnLs,"tourist_attraction, point_of_interest, establishment",Canacona,15.1706686,74.2197667,,
Mirabag waterfall,"745H+J8V, Kanpray",0,0,ChIJiwOdFwCrvzsRGcVREQcPWzk,"tourist_attraction, point_of_interest, establishment",Canacona,15.2591188,74.1283121,,
AMONA CRIB,"63H6+CQ6, Amona Road, Amona",3.8,5,ChIJibg88VCtvzsREgj7xTz6Dcw,"tourist_attraction, point_of_interest, establishment",Canacona,15.2285477,74.0618825,,
Ghanemored pond,"732R+F2, Vodlemol Cacora",5,1,ChIJEU10B0OtvzsRe89Pg24YkFI,"tourist_attraction, point_of_interest, establishment",Canacona,15.2512263,74.0900008,,
J M Eco Farm Sanguem,"566F+5VF, Naiquinim",4.6,15,ChIJqVdTG8z_vjsRWWrEDmxjg-s,"tourist_attraction, point_of_interest, establishment",Canacona,15.1604308,74.224643,,
Bhati waterfall,"663C+3W3, Bati, Goa 403704, India",5,1,ChIJCQ9zHwD_vjsR610iVIUUfvI,"park, point_of_interest, establishment",Sanguem,15.2026283,74.2223068,,
Bhati Waterfalls,"56VH+J7R, Valkini, Bati, Goa 403704, India",0,0,ChIJDU4DDAD_vjsRw81EOfABS0c,"tourist_attraction, point_of_interest, establishment",Sanguem,15.1941044,74.2281352,,
RAJ DUDHSAGAR WATERFALLS,"Gudi, Paroda, Margao, Goa 403714, India",5,1,ChIJnQ8VZmmtvzsRHOG0_45A7Ds,"amusement_park, point_of_interest, establishment",Sanguem,15.2428627,74.0355993,,
Timba Falls,"C72C+5W, Mollem, Goa 403410, India",4.7,15,ChIJfSw8rCQHvzsRyytIOathsMs,"tourist_attraction, point_of_interest, establishment",Sanguem,15.4004647,74.2723568,,
Dr.Sophia Waterfall pond,"964V+3Q, Kolem, Goa 403410, India",4.6,24,ChIJ8aHyumgHvzsRlxtGSwzs1yA,"tourist_attraction, point_of_interest, establishment",Sanguem,15.355223,74.2444893,,
waterfall spot,"8867+86H, Sonauli, Goa 403410, India",4.4,28,ChIJqywLW10DvzsRe-CytWkMWNI,"park, point_of_interest, establishment",Sanguem,15.3108179,74.3131114,,
Dragon Waterfall aka Agnela Fond,"626V+65V, Deao, Quepem, Talewada, Goa 403705, India",4.3,6,ChIJQ9YzN7WtvzsR74ssFkb3oXA,"tourist_attraction, point_of_interest, establishment",Sanguem,15.2106197,74.042919,,
Dudhsagar waterfall parking,"86PV+WXW, Kolem, Goa 403410, India",4.4,100,ChIJ6ZwNrMUHvzsRrs9Nnx4i9AU,"tourist_attraction, point_of_interest, establishment",Sanguem,15.3372386,74.2449805,,
"Devils Canyon, Dudhsagar Waterfalls Trail","8873+2WV, Sonauli, Goa 403410, India",4.2,23,ChIJB8JstKwGvzsR9P-DIj9isWc,"park, point_of_interest, establishment",Sanguem,15.3126009,74.3047931,,
Cotigao Wildlife Sanctuary Entrance,"X4Q2+86M, NH 66, Poingunin, Goa 403702, India",4.1,156,ChIJV9uvKjZavjsRpRXYOZ88X3M,"zoo, park, point_of_interest, establishment",Sanguem,14.9883475,74.1005476,,
Bhagwan mahavir national park,"96VQ+9C8, NH748, Mollem, Goa 403410, India",4.5,4,ChIJ2yBY5zIHvzsRieP4sYsmZEQ,"park, point_of_interest, establishment",Sanguem,15.3934028,74.2385878,,
Natures Nest Goa,"Surla, Sakvorde, Darbandora, Goa 403406, India",4.6,842,ChIJIb7U4nKxvzsRLDNZYl4vVY4,"travel_agency, lodging, restaurant, point_of_interest, food, establishment",Sanguem,15.410787,74.2005296,,
Badsarem hills,"25W5+HV8, Gaundongren, Goa 403702, India",4.5,6,ChIJs4_3_UlXvjsRKdM7oywQCSA,"park, point_of_interest, establishment",Sanguem,15.0464227,74.1597144,,
Strawberry Plantation,"26RX+XRM, Verlen, Goa 403704, India",4.5,191,ChIJpz2-MCT4vjsRIj_1cnk3YWE,"tourist_attraction, point_of_interest, establishment",Sanguem,15.0424651,74.2495537,,
Green Island Curpem,"Curpem Sanguem, Kurpe, Goa 403704, India",4.8,52,ChIJ3QqPmadVvjsRsFvi3eZNf8s,"point_of_interest, establishment",Sanguem,15.1240707,74.1935926,,
Aqueous Spice Farm,"Tilamol – Rivona – Colomb – Curdi (Zambaulim), Kurpe, Goa 403704, India",4.7,31,ChIJmf2RnZdVvjsRSUKaYz2KxGE,"park, point_of_interest, establishment",Sanguem,15.1241694,74.1742121,,
Anshi National Park,"X9X5+6FQ, Kodthalli, Karnataka 581187, India",4.4,2186,ChIJdyXW78j6vjsRJij0Mym0sqM,"tourist_attraction, park, point_of_interest, establishment",Sanguem,14.9980998,74.3587473,,
Dudhsagar Plantation,"Karmane Village, Mollem, Goa 403706, India",4.7,260,ChIJd_7s7g2pvzsR0zPOCYSiIw0,"lodging, point_of_interest, food, establishment",Sanguem,15.3296133,74.1601603,,
Mountain Top Ambe Forest Checkpost,"3578+7PG, Unnamed Road, Mangal, Goa 403704, India",3.8,12,ChIJUyqTjzRXvjsRStsomulWLSs,"tourist_attraction, point_of_interest, establishment",Sanguem,15.0631936,74.1668166,,
Sangameshwar Temple,"64MX+4M2, Sanguem Rd, Sanguem, Goa 403704, India",4.5,45,ChIJ8dn23j-rvzsRSwCC4dKC7_E,"hindu_temple, place_of_worship, point_of_interest, establishment",Sanguem,15.2327554,74.1491559,,
Shree Kalnath Temple Marangan Mugoli sanguem Goa,"65V3+J4G, Marangan Mugoli, Sanguem, Muguli, Goa 403704, India",4.9,11,ChIJOZGixaWrvzsRNVPxKIycoo0,"hindu_temple, place_of_worship, point_of_interest, establishment",Sanguem,15.24406,74.1528377,,
Shri Someshwara Temple,"558P+6QF, Kurdi, Goa 403704, India",4.8,298,ChIJk5UIF6dVvjsRTl0kyAoov1M,"hindu_temple, place_of_worship, point_of_interest, establishment",Sanguem,15.1655655,74.1869144,,
Vithal Mandir,"65J2+9PP, Sanguem Rd, Bamansai, Sanguem, Goa 403704, India",4.9,25,ChIJxWtzXT6rvzsRBRZt0Q6PdP8,"hindu_temple, place_of_worship, point_of_interest, establishment",Sanguem,15.2309646,74.1518249,,
Shri Someshwara Temple (Shirvoi),"634V+M2G, Sirvoi, Goa 403705, India",4.6,178,ChIJUY8g0cysvzsRjgopSc2xGkw,"hindu_temple, place_of_worship, point_of_interest, establishment",Sanguem,15.2066842,74.0925928,,
SHRI PAIKDEV TEMPLE,"ZANODEM, Sanguem, Zanoda, Goa 403704, India",4.5,6,ChIJpV4WArhUvjsRhpiOMrsPhrw,"hindu_temple, place_of_worship, point_of_interest, establishment",Sanguem,15.1986869,74.1470225,,
Ancient Kadamba Shri Shiva Temple/ Nandi Bull,"7353+6XW, Cotta Chandor Goa, Kantivaddo Ravora, Chandor, Guirdolim, Goa 403714, India",4.3,92,ChIJ28ip8qKtvzsRlPcMLNDkz-E,"hindu_temple, place_of_worship, point_of_interest, establishment",Sanguem,15.258105,74.0549473,,
Shree Ramnath Paikdev Temple,"64CX+F27, Sanguem, Goa 403704, India",4.4,7,ChIJ1b3e_TervzsR8fVtuMShjLE,"hindu_temple, place_of_worship, point_of_interest, establishment",Sanguem,15.2211117,74.1475365,,
Saraswati temple vakarwada,"64PX+H4, Sanguem, Goa 403706, India",5,1,ChIJBy4eKYGrvzsRfpZ6sU6qqEw,"hindu_temple, place_of_worship, point_of_interest, establishment",Sanguem,15.2364551,74.1465475,,
Satteri Devi Temple,"647X+G6, Sanguem, Goa 403704, India",5,2,ChIJlQL8cUGrvzsRe1JLBCVM950,"hindu_temple, place_of_worship, point_of_interest, establishment",Sanguem,15.2137876,74.1481576,,
"Shree Sateri Shantadurga, xeldem","Xeldem, Goa 403705, India",4.7,28,ChIJOSvg6PisvzsR7mbzl-cX_Mk,"hindu_temple, place_of_worship, point_of_interest, establishment",Sanguem,15.2489329,74.0845626,,
श्री राक्षस मळ्ळीकेश्वर प्रसन्न,"86XR+2GX, Metawada-Collem, Darbandora, Colem, Kolem, Goa 403410, India",4.8,19,ChIJ3cGvqnQHvzsRVOwGe-_3HiQ,"hindu_temple, place_of_worship, point_of_interest, establishment",Sanguem,15.3476215,74.2413703,,
Sansthan Maruti Temple,"7444+CPW, Kakoda, Vodlemol Cacora, Kudchaden, Goa 403706, India",4.8,80,ChIJwatO12OsvzsRrAARh7_VnRs,"hindu_temple, place_of_worship, point_of_interest, establishment",Sanguem,15.2561103,74.1068441,,
Shri Purushmharu Temple,"7482+MQ3, Vodlemol Cacora, Hodar, Goa 403706, India",4.7,62,ChIJd7VgymmsvzsRRQV1dZ48HV4,"hindu_temple, place_of_worship, point_of_interest, establishment",Sanguem,15.26655,74.1018701,,
Ruins of Lakshmi Narayana Swamy Temple,"452V+P96, Vichundrem, Digali, Goa 403704, India",4.6,21,ChIJl5gSxGpWvjsRoE1V_M81zJk,"hindu_temple, place_of_worship, point_of_interest, establishment",Sanguem,15.1017751,74.1933999,,
Shree Chandreshwar Temple,"453W+XFM, Vichundrem, Digali, Goa 403704, India",4.8,13,ChIJuzQSlxRWvjsRzAZkvTWQDJ4,"hindu_temple, tourist_attraction, place_of_worship, point_of_interest, establishment",Sanguem,15.1049457,74.1961618,,
Saibaba Temple,"65W2+282, Sanguem Rd, Bazaarwado, Sanguem, Muguli, Goa 403706, India",4.6,12,ChIJA8OQBj-rvzsRY5gn7547GAE,"hindu_temple, place_of_worship, point_of_interest, establishment",Sanguem,15.2450243,74.1507733,,
Near Mahadev Temple,"64X5+JXM, Kakoda, Vodlemol Cacora, Kudchaden, Goa 403706, India",4.7,50,ChIJl3hT5IisvzsR2CFO_Htxpzg,"hindu_temple, place_of_worship, point_of_interest, establishment",Sanguem,15.2491399,74.1099441,,
Sateri Pissani Temple at Colsoi,"84W8+6W8, Kodli, Goa 403706, India",4.7,24,ChIJD0xl7SmvvzsRFXuXyaUtqNQ,"hindu_temple, place_of_worship, point_of_interest, establishment",Sanguem,15.3455492,74.1171807,,
Shri Mahadev Temple Cotombi,"7323+M5J, Cotombi Rd, Madgaon, Kakoda, Goa 403705, India",4.5,36,ChIJTzhEeJ-tvzsRF065uqavVlA,"hindu_temple, place_of_worship, point_of_interest, establishment",Sanguem,15.2517473,74.0528925,,
Shri Shantadurga Temple Colomba,"542J+2CP, Kolamba, Goa 403705, India",4.6,23,ChIJDaU1w3BUvjsRxG597Yzaiwg,"hindu_temple, place_of_worship, point_of_interest, establishment",Sanguem,15.1501101,74.1310663,,
Shri Siddhanath Temple,"926W+JJ3, Talsai, Borim, Kajorde, Goa 403103, India",4.5,68,ChIJdXije9-vvzsRKbRi3uZdzQI,"hindu_temple, place_of_worship, point_of_interest, establishment",Sanguem,15.361508,74.0465552,,
Somnath Temple,"529V+7M8, Adne, Cavorem, Goa 403703, India",4,27,ChIJKVfs0Y9SvjsRCZcavQ_xmCI,"hindu_temple, place_of_worship, point_of_interest, establishment",Sanguem,15.1682596,74.0444539,,
Shree Sateri Pachapuris Temple,"6662+7FW, Salavli, Goa 403704, India",5,6,ChIJg7JfPPFVvjsROW1w24_OvtU,"hindu_temple, place_of_worship, point_of_interest, establishment",Sanguem,15.210737,74.201206,,
Dhadem sunset point,"74C9+CXQ, Sanvardem",4.3,44,ChIJe1SapR6tvzsRBdMzwbw0knM,"tourist_attraction, point_of_interest, establishment",Sanguem,15.2710992,74.1199906,,
Xelvona waterfall,"736M+J23, Shikshelvan",0,0,ChIJR7GgJQCtvzsRqrPqGc7H16g,"tourist_attraction, point_of_interest, establishment",Sanguem,15.2615243,74.0825332,,
River view point xelvona,"73FM+RPC, Xelvona",4.3,8,ChIJpZAvsrqtvzsRcXC5oisCqhU,"tourist_attraction, point_of_interest, establishment",Sanguem,15.2749643,74.0852546,,
Marathwada,"74XF+PHQ, Marathwada",0,0,ChIJHU5eJACrvzsRgMyQQN5NfNQ,"tourist_attraction, point_of_interest, establishment",Sanguem,15.2993265,74.123996,,
Odxel Beach 2,"74XF+PHQ, Bandoli",0,0,ChIJexyZSwCrvzsR_xSWwZWqI0E,"tourist_attraction, point_of_interest, establishment",Sanguem,15.2993265,74.123996,,
Christmas Crib,"73F4+2C5, Marrod, Guirdolim",5,1,ChIJdxpPAwCtvzsR4hDmtO5_mPo,"tourist_attraction, point_of_interest, establishment",Sanguem,15.2725125,74.0561094,,
Flames Garden Cafe & Plants Nursery,"opposite Chandor Club, Villa Formosa, Chandor",4.8,78,ChIJ40ujhS2tvzsRQYI0mfOey6w,"cafe, tourist_attraction, clothing_store, food, store, point_of_interest, establishment",Sanguem,15.2598132,74.0476968,,
Boat parking,"62JW+4RX, Gudi Peddar, Paroda",0,0,ChIJ1b28BgCtvzsRiXCT_wLEUsk,"tourist_attraction, point_of_interest, establishment",Sanguem,15.230375,74.0471117,,
Guirdolim meet up point,"72GW+VG4, Guirdolim-Macasana Road, Revorda, Chandor",0,0,ChIJr670WQCtvzsR8YZmJSI-nyE,"tourist_attraction, point_of_interest, establishment",Sanguem,15.2771384,74.046313,,
Macasana lake,"73R3+4HP, Macasana",0,0,ChIJDUwhHgCtvzsR6ILpvzUeq5c,"tourist_attraction, point_of_interest, establishment",Sanguem,15.2903254,74.0539455,,
Cavorim Chandor View point,"722Q+86R, Chandor",4.5,2,ChIJNfw4jYCtvzsRzM2hrSz3RcM,"tourist_attraction, point_of_interest, establishment",Sanguem,15.2508601,74.0380095,,
The Lion King statue,"62QP+RH, Chandor",0,0,ChIJUby6YQCtvzsR4VzS4cBg-SI,"tourist_attraction, point_of_interest, establishment",Sanguem,15.2395976,74.0364274,,
Patnem Beach,"Patnem Beach, Goa, India",4.7,1796,ChIJI7UxkMpavjsRkdcBv7fN0QA,"natural_feature, establishment",Quepem,14.9968861,74.0335008,,
Quepem Market,"636C+P86, Quepem, Goa 403705, India",3.7,718,ChIJ3fZGyS6tvzsRD9hlVRMBRYA,"point_of_interest, establishment",Quepem,15.2117918,74.0707549,,
"Sawardekar Wada, Sanvordem, Goa","Sanvardem, Goa 403706, India",4.3,50,ChIJ4-aHi26svzsRhv_hJGQUy3k,"point_of_interest, establishment",Quepem,15.2686,74.1090495,,
Casa Abilio De Sousa,"Quepem, Goa 403705, India",4.7,51,ChIJJQw4FymtvzsRwTESMxe-Vf4,"lodging, point_of_interest, establishment",Quepem,15.2125919,74.073419,,
Dudhsagar Watchtower,"8857+H9Q, Sonauli",4.5,59,ChIJCSnWIz8DvzsR5eMWjTFqWYI,"tourist_attraction, point_of_interest, establishment",Quepem,15.309264,74.3130526,,
,,,,,,,,,,
Boating station for boat safari,"6CHV+RJ, Panjeli",3.9,10,ChIJSW-UaeXjvjsRuSSJdReT5ks,"tourist_attraction, point_of_interest, establishment",Quepem,15.2296169,74.4440742,,
Canopy Walk,"88FG+6G5, Kuveshi",4.6,51,ChIJjfC4iZIFvzsR0Nrig6uuANs,"tourist_attraction, point_of_interest, establishment",Quepem,15.3230087,74.3263465,,
"Kuveshi , Uttara Kannada","88FM+XH5, Kuveshi",4,3,ChIJ_-7HX7EFvzsRefjH7Gy6Jno,"tourist_attraction, point_of_interest, establishment",Quepem,15.3259516,74.3344335,,
Poppal Wadi Waterfalls,"89J8+5P, Aveda Poppal Wadi",4.8,14,ChIJPURdQTsFvzsRv8r92rVHGq4,"tourist_attraction, point_of_interest, establishment",Quepem,15.330442,74.366817,,
Devulli Backwater Viewpoint,"4CXV+XQ2, State Highway 34, Devulli",4.6,9,ChIJiZUKhwjjvjsRLaRNZwmHlEg,"tourist_attraction, point_of_interest, establishment",Quepem,15.1498926,74.4444024,,
Donapa Water Stream,"State Highway 34, Devulli",3.8,16,ChIJB2eYS5DjvjsRCfnzEVDamek,"tourist_attraction, point_of_interest, establishment",Quepem,15.1492104,74.4444276,,
NV Eco Agro Tourism Pvt Ltd ( NV Eco farm ),"P. O. Kirlapal- Kilapal- Goa, Dabal, via -Sanvordem, Goa 403706, India",4.2,617,ChIJbZqDBLauvzsRvv9GkEL5bxk,"tourist_attraction, point_of_interest, establishment",Dharbandora,15.321298,74.116973,,
Dabal Nirankal kayaking ride,"9462+QFW, Nirankal, Kalsai, Goa 403706, India",4.6,5,ChIJOWcem4SvvzsREJPRs7F_Ryw,"tourist_attraction, point_of_interest, establishment",Dharbandora,15.3609967,74.101516,,
Picnic spot Davkond,"946C+53G, Darbandora, Goa 403706, India",4.6,7,ChIJBb3aT3WvvzsRO1iOhCUjqSg,"tourist_attraction, point_of_interest, establishment",Dharbandora,15.3604311,74.1202085,,
Tourism attraction bridge,"C58H+3H, Panas, Goa 403406, India",4.8,4,ChIJgSZLgdenvzsRpc5Y_qlUfEQ,"tourist_attraction, point_of_interest, establishment",Dharbandora,15.4151295,74.1789858,,
,,,,,,,,,,
Udear Waterfall,"8WXW+5F5 Udear Springs Waterfall, Verna, Lotli, Goa 403722, India",4.5,16,ChIJn4KOSACxvzsR6x_-SDeft1A,"tourist_attraction, point_of_interest, establishment",Dharbandora,15.347957,73.946223,,
Dudhsagar Trek,"Road, Mollem, Kolem, Goa 403410, India",4.7,12,ChIJxWknsiAHvzsRJLQ-TAVWxjY,"tourist_attraction, point_of_interest, establishment",Dharbandora,15.3358363,74.2434258,,
Sonfator lake,"8XPW+8VQ, opp. aryamann sai service, sonfator, Borim, Camorlim, Goa 403718, India",4.7,3,ChIJfzwFtCixvzsR4dxSYPC3nM8,"tourist_attraction, point_of_interest, establishment",Dharbandora,15.3358256,73.9972326,,
Small Waterfall,"86HM+V2, Shigaon, Goa 403410, India",5,4,ChIJazK4bgAHvzsRmMWDF_G6-TY,"tourist_attraction, point_of_interest, establishment",Dharbandora,15.3297474,74.2325394,,
Hidden Waterfall,"25XG+WVJ, Mangal, Goa 403702, India",5,1,ChIJQY6pAgBXvjsRZFGL41GIuXo,"park, point_of_interest, establishment",Dharbandora,15.0498253,74.1771558,,
Shivde Dharbandora Goa (घोडकाआजो प्रसन्न),"C48V+RRQ, MDR33, Darbandora, Conquirem Shivade, Goa 403406, India",5,7,ChIJqVYZDACnvzsRrLH7fqCoz4w,"hindu_temple, place_of_worship, point_of_interest, establishment",Dharbandora,15.4170784,74.1446069,,
Dhareshwari Temple,"94VG+GQM, Darbandora, Goa 403406, India",4.6,32,ChIJj0ZB_QCmvzsRrqdsTL8_vy0,"hindu_temple, place_of_worship, point_of_interest, establishment",Dharbandora,15.3938437,74.1269107,,
Mahadev Temple Marad Dharbandora Goa,"94M3+JPM, Darbandora, Goa 403406, India",4.6,5,ChIJZSCsPv-vvzsRRrvf_18jpHU,"hindu_temple, place_of_worship, point_of_interest, establishment",Dharbandora,15.3840874,74.1042939,,
Shree Dattatray Temple,"93XW+MQF, Piliem, Darbandora, Goa 403406, India",4.6,32,ChIJNxa1hY2lvzsRE4u33SDCVrw,"hindu_temple, place_of_worship, point_of_interest, establishment",Dharbandora,15.3991879,74.0969254,,
"Shri Somnath Temple ,Codar ,Ponda ,Goa.","C328+W94, Kodar, Nirankal, Goa 403406, India",4.8,11,ChIJ-5xT43GlvzsRJNDKNT-ig6s,"hindu_temple, place_of_worship, point_of_interest, establishment",Dharbandora,15.4022693,74.06596,,
Mahadev Temple,"949R+QRG, Thatodi, Darbandora, Goa 403406, India",5,6,ChIJbVsfkLmpvzsRQvvdRZSZ96Y,"hindu_temple, place_of_worship, point_of_interest, establishment",Dharbandora,15.3694294,74.1420644,,
Shree Shantadurga Temple Khandepar,"C2JR+HFW, Khandepar, Goa 403404, India",4.7,102,ChIJ0eRjjtekvzsRBI8IPd0hTg0,"hindu_temple, place_of_worship, point_of_interest, establishment",Dharbandora,15.431528,74.0411973,,
Shri Huligemma Devi Temple (Goa),"C36R+37P, Pratapnagar, Darbandora, Goa 403406, India",5,2,ChIJH4yChjalvzsROcimDp2yKiE,"hindu_temple, place_of_worship, point_of_interest, establishment",Dharbandora,15.4102185,74.0906928,,
Shree Navadurga Devasthan,"Deulwada, 403506, Pale, Goa 403105, India",4.9,25,ChIJK4foqH2jvzsR2IkxLPpZrzQ,"hindu_temple, place_of_worship, point_of_interest, establishment",Dharbandora,15.4793947,74.0684853,,
Shri Brahmani Devasthan,"Dharge Sacorda, Darbandora, Surla, Goa 403406, India",4.3,7,ChIJ5acUFDMIvzsRh3dKfzKVgjs,"hindu_temple, place_of_worship, point_of_interest, establishment",Dharbandora,15.4419224,74.2337655,,
Shree Rampurush Gaudepurush Sati Devi Temple (Bandora),"CX47+46P Bandiwade- Bander, Bandoda, Bandiwada, Goa 403401, India",5,5,ChIJ49Wz0Xu7vzsR9v1Xc6bNGtI,"hindu_temple, place_of_worship, point_of_interest, establishment",Dharbandora,15.4053481,73.9630924,,
Shree Vithal Devasthan Rajinwada Gaunem Bandora Ponda Goa,"CX89+W54, Gaunem, Bandoda, Bandiwada, Goa 403404, India",4.7,15,ChIJ_WqgjE66vzsR3MpuLdpH5x4,"hindu_temple, place_of_worship, point_of_interest, establishment",Dharbandora,15.4172056,73.9679572,,
Shree Gananath Devasthan,"Usgao, Ganjem, Tisk, Goa 403406, India",4.6,52,ChIJdTvvBSOlvzsRzH2xS5DZmD4,"hindu_temple, place_of_worship, point_of_interest, establishment",Dharbandora,15.4213125,74.04972,,
Shri Ganesha Temple,"F5J3+WVP, Bimbal, Cotorem, Goa 403506, India",4.7,10,ChIJKULIuMymvzsRo0jnUN40ZrM,"hindu_temple, place_of_worship, point_of_interest, establishment",Dharbandora,15.4823421,74.1547184,,
Hanuman Temple,"C39M+PFW, Tisca, Darbandora, Goa 403406, India",4.2,29,ChIJW_k_0KWlvzsRYH090_3hFZo,"hindu_temple, place_of_worship, point_of_interest, establishment",Dharbandora,15.4193583,74.0837099,,
"Shree Datta Mandir, Shree Kshetra Khandepar.","C29X+Q4C, Khandepar, Goa 403406, India",4.6,27,ChIJExskWCOlvzsR6FlCCRXmdsI,"hindu_temple, place_of_worship, point_of_interest, establishment",Dharbandora,15.4194411,74.0477755,,
Shree Mahadev Devasthan Betora,"Shree Mahadev Devasthan, Talewada, Betora, Goa 403103, India",4.8,8,ChIJgz2AQvqvvzsRY_W5EHoI3iY,"hindu_temple, place_of_worship, point_of_interest, establishment",Dharbandora,15.3765277,74.0403033,,
Sidha dev,"C4M5+P3Q, Rd to Bondla wild life santuary, Usgao-Ganjem VP, Tisca, Goa 403406, India",2.5,2,ChIJZXUmLnulvzsRciifNHkviNk,"place_of_worship, point_of_interest, establishment",Dharbandora,15.4343262,74.1077362,,
,,,,,,,,,,
,,,,,,,,,,
Bondla Ecotourism Cottages,"C4P2+PRP, Ganjem, Gotiakhadilwada, Goa 403406, India",4.3,26,ChIJcXfA9VOlvzsRON80EuioL04,"point_of_interest, establishment",Dharbandora,15.436827,74.102089,,
Ravna Dongar,"26R9+QRM, Cotigao, Goa 403704, India",4.4,7,ChIJ2dEzQ0P5vjsRtr_GXnNtIvo,"park, point_of_interest, establishment",Dharbandora,15.0419619,74.2195388,,
,,,,,,,,,,
,,,,,,,,,,
Vichundrekar's Farm,"35WV+GQ, Vichundrem, Digali, Goa 403704, India",4.7,3,ChIJBYKddxJXvjsRCt1ijbyL5fc,"lodging, point_of_interest, establishment",Dharbandora,15.0962741,74.1944528,,
Rubber Creek Trailhead (RCT),"Unnamed Road, Darbandora, Goa 403406, India",4.8,39,ChIJEZcmnGWnvzsRgfnmRcIm-Tg,"point_of_interest, establishment",Dharbandora,15.4027335,74.1462474,,
Maitollem Lake (Birdwatching Point),"72WQ+8G, Curtorim",0,0,ChIJzwmyFACvvzsRxVaWMspaaUA,"tourist_attraction, point_of_interest, establishment",Dharbandora,15.2954553,74.0389247,,
Vagon Waterfall,"83VW+CQP, Kodli",0,0,ChIJfSLSAACvvzsRu_yPmebOUNY,"tourist_attraction, point_of_interest, establishment",Dharbandora,15.3435878,74.096939,,