name,address,rating,user_ratings_total,place_id,types,taluka,latitude,longitude,Unnamed: 9,Unnamed: 10,categories,cluster,day,normalized_google_rating,weighted_rating,quantity_factor,popularity_score,cluster_max_popularity,normalized_popularity
Fort Aguada,"Fort Aguada Rd, Aguada Fort Area, Candolim, Goa 403515, India",4.2,106573.0,ChIJa72MxnXBvzsRHHtpszB2g6M,"tourist_attraction, point_of_interest, establishment,fort,historical",Bardez (Mapusa),15.4922519,73.7737462,,,"['adventure', 'historical']",0,1,0.8,0.8000003923128046,1.0,0.8800002353876828,0.9084657038498933,0.9686664357921497
Dudhsagar Falls,"Sonauli, Goa 403410, India",4.6,30982.0,ChIJQ4srFBimvzsRJQI7KOdIlP0,"tourist_attraction, point_of_interest, establishment,waterfall,nature,adventure,trek",Sanguem,15.3144375,74.3143073,,,"['adventure', 'nature']",2,3,0.8999999999999999,0.899998121884415,1.0,0.939998873130649,0.939998873130649,1.0
Velsao Beach,"9V3M+QG9, Consua, Goa 403712, India",4.3,4971.0,ChIJY6h2EJ-3vzsRB_haiJ7F51w,"tourist_attraction, point_of_interest, establishment,beach",Mormugao (Vasco),15.3544232,73.8838637,,,['beaches'],3,4,0.825,0.82500338100258,0.9104547488458385,0.8591839281398834,0.9195891177403319,0.9343128486025589
Cabo de Rama Fort,"3WQC+GJ8, Taluka Cabo da Rama, Canacona, Goa 403702, India",4.4,15290.0,ChIJy1w3MFFJvjsRW9cTbAchLdw,"tourist_attraction, point_of_interest, establishment,fort,historical",Canacona,15.0887849,73.9215933,,,"['adventure', 'historical']",1,2,0.8500000000000001,0.8499994644133693,0.9378676568702929,0.8851467413961387,0.9399987939967839,0.9416466776862346
Harvalem Waterfalls,"Rudreshwar Colony, Kudne, Goa 403505, India",4.3,9127.0,ChIJVUbAVEy9vzsRS6uKBv4zNmI,"tourist_attraction, point_of_interest, establishment,waterfall",Sattari (Valpoi),15.5507728,74.0264703,,,['nature'],2,3,0.825,0.8250018416241047,0.8818229248192505,0.847730274902163,0.939998873130649,0.9018417991064318
Chapora Fort,"Chapora Fort Trail, Vagator, Anjuna, Goa 403509, India",4.2,24749.0,ChIJ56FVYsbpvzsRB6GFWwDiCzc,"point_of_interest, establishment,fort,historical",Bardez (Mapusa),15.6046375,73.7369631,,,"['adventure', 'historical']",0,1,0.8,0.8000016893068618,0.873882250491497,0.829553913780716,0.9084657038498933,0.9131372932024123
Basilica of Bom Jesus,"Old Goa Road, Old Goa, Goa 403402, India",4.5,66043.0,ChIJiQKbufK-vzsRuKcVn2hWgB4,"tourist_attraction, church, place_of_worship, point_of_interest, establishment,historical,religious",Salcete (Margao),15.5008429,73.9114097,,,"['historical', 'religious']",0,1,0.875,0.8749994974614625,0.9586650134325395,0.9084657038498933,0.9084657038498933,1.0
Kesarval Spring Verna Waterfall,"9WJH+WGF, Quelossim, Goa 403722, India",3.7,2166.0,ChIJ59FcxPu5vzsRa3eXw7AkQaw,"tourist_attraction, park, point_of_interest, establishment,waterfall,nature",Salcete (Margao),15.3823119,73.928801,,,['nature'],3,4,0.675,0.6750769775472208,0.8216212683516672,0.7336946938689994,0.9195891177403319,0.7978505614245163
Se Cathedral,"Old Goa, Goa 403402, India",4.5,6710.0,ChIJE0a0LfO-vzsR8JyKJEBHTMk,"tourist_attraction, church, place_of_worship, point_of_interest, establishment,religious,historical",Salcete (Margao),15.5035996,73.9122204,,,"['historical', 'religious']",0,1,0.875,0.8749950544397,0.7611481059708008,0.8294562750521404,0.9084657038498933,0.9130298166866101
Sinquerim Fort,"FQX8+9GH, Candolim, Goa, India",4.5,18599.0,ChIJ2SyWw3XBvzsREmaXkve8H78,"tourist_attraction, point_of_interest, establishment,fort,historical",Bardez (Mapusa),15.4984466,73.7663559,,,"['adventure', 'historical']",0,1,0.875,0.874998215609937,0.8492062631405913,0.8646814346221987,0.9084657038498933,0.9518041583274461
"Palolem Beach, GOA","225G+83J, Mohanbagh, Palolem, Canacona, Goa 403702, India",4.6,828.0,ChIJr7GCQHpbvjsRTjE2wcXpE_I,"tourist_attraction, point_of_interest, establishment,beach",Canacona,15.0083261,74.0251467,,,['beaches'],1,2,0.8999999999999999,0.8999298074123373,0.6541426304710167,0.801614936635809,0.9399987939967839,0.8527829415901906
Dona Paula View Point,"Dona Paula Jetty, Road, Dona Paula, Panaji, Goa 403004, India",4.1,47583.0,ChIJtW8AjS7HvzsRnnAZoefYMAg,"tourist_attraction, point_of_interest, establishment,viewpoint,sunset",Tiswadi (Panaji),15.4506125,73.8029961,,,['beaches'],0,1,0.7749999999999999,0.7750014040506226,0.9303471340994464,0.837139696070152,0.9084657038498933,0.9214873963018348
Bamanbudo Waterfall,"3565+2RC, MDR34, Gaundongren, Goa 403704, India",4.4,1121.0,ChIJ6xFV8hFXvjsRKITFFevXu9A,"tourist_attraction, point_of_interest, establishment,waterfall",Sanguem,15.0600515,74.1595025,,,['nature'],1,2,0.8500000000000001,0.8499927008420924,0.6836022179675996,0.7834365076922953,0.9399987939967839,0.8334441625836552
Bhagwan Mahavir Wildlife Sanctuary,"87MQ+H89, Goa 403410, India",4.4,3391.0,ChIJVVVVVZUGvzsRsTuQyBI93Ro,"tourist_attraction, park, point_of_interest, establishment,nature,wildlife",Quepem,15.3339015,74.2883536,,,['nature'],2,3,0.8500000000000001,0.8499975855969423,0.7860963675373726,0.8244370983731144,0.939998873130649,0.8770617943693292
St. Augustine Tower,"Church of St. Augustine Ruins, Old Goa, Goa 403402, India",4.5,3868.0,ChIJ7YKn9fG-vzsRqG6gJbaQxPs,"tourist_attraction, point_of_interest, establishment,viewpoint,historical,religious",Salcete (Margao),15.5005094,73.9064616,,,"['historical', 'religious']",0,1,0.875,0.8749914216450834,0.7135735037506918,0.8104242544873267,0.9084657038498933,0.8920801864648419
Butterfly Beach Goa,"2292+RMJ, Butterfly Beach Rd, Devalkajjan, Goa 403702, India",4.5,2000.0,ChIJe86NrwdPvjsRFvqcDwHvsqk,"tourist_attraction, point_of_interest, establishment,beach,nature",Canacona,15.0195801,74.001638,,,"['beaches', 'nature']",1,2,0.875,0.874983413465681,0.7399164318468706,0.8209566208181568,0.9399987939967839,0.8733592277576535
Candolim Beach,"Candolim Beach Rd, Candolim, Goa 403515, India",4.5,42536.0,ChIJv9F7IjzBvzsR70r6HmyML_o,"tourist_attraction, point_of_interest, establishment,beach",Bardez (Mapusa),15.5179749,73.7626122,,,['beaches'],0,1,0.875,0.8749992197462167,0.9206618780958954,0.8932642830860882,0.9084657038498933,0.9832669293960304
Honeymoon beach,"2XCX+P4, Agonda, Devalkajjan, Goa 403702, India",4.4,463.0,ChIJAaID1HZPvjsRpG_rt1HF_vo,"tourist_attraction, point_of_interest, establishment,beach",Canacona,15.0218547,73.9977915,,,['beaches'],1,2,0.8500000000000001,0.8499823498810939,0.5976530737185028,0.7490506394160574,0.9399987939967839,0.7968634047190281
Arvalem Caves,"H23F+267, Rudreshwar Colony, Harvale, Goa 403505, India",4.1,1092.0,ChIJoSA1F069vzsR_Nv7L4B_vNw,"tourist_attraction, point_of_interest, establishment,nature,caves,historical",Sattari (Valpoi),15.552527,74.0230428,,,"['historical', 'nature']",2,3,0.7749999999999999,0.7750611256585797,0.6765835284344334,0.7356700867689211,0.939998873130649,0.7826286900948991
Cotigao Wildlife Sanctuary,"X6G4+CF8, Canacona Taluka, Cotigao, Goa 403702, India",4.3,742.0,ChIJd80W8otYvjsRt2iX35P2fJM,"zoo, tourist_attraction, park, point_of_interest, establishment,wildlife,nature",Dharbandora,14.9760305,74.2061931,,,['nature'],1,2,0.825,0.825022624959391,0.6434816122253901,0.7524062198657906,0.9399987939967839,0.8004331757348668
Big Foot Goa,"Cross Museum, Main Road, Salcete District, Loutolim, Goa 403718, India",4.1,8442.0,ChIJQeTU91SwvzsR4cJQMV5lu8c,"museum, art_gallery, tourist_attraction, point_of_interest, establishment,historical",Salcete (Margao),15.339727,73.9868803,,,['historical'],3,4,0.7749999999999999,0.7750079131049185,0.9670952393202452,0.8518428435910492,0.9195891177403319,0.9263298435764956
Hivrem Waterfall,"J4WX+HQ6, Ivre Khurd, Goa 403506, India",4.5,128.0,ChIJqX88uZWevzsRlLG09dvS3nY,"tourist_attraction, point_of_interest, establishment,waterfall,nature,adventure,trek",Sattari (Valpoi),15.6464111,74.1493889,,,"['adventure', 'nature']",2,3,0.875,0.8747427158513766,0.4699469355049028,0.7128244037127871,0.939998873130649,0.7583247428145722
Adil Shah Palace Gateway,"Near Divar Jetty Old Goa, Mandrem, Goa 403402, India",4.1,167.0,ChIJrUMKXou-vzsRG2SLL5cWces,"tourist_attraction, point_of_interest, establishment,historical",Salcete (Margao),15.5056312,73.9140955,,,"['beaches', 'historical']",0,1,0.7749999999999999,0.7753976806239737,0.44261408834132354,0.6422842437109136,0.9084657038498933,0.7069988894341782
Dona Paula Jetty Goa,"Dona Paula Jetty, Panaji, Goa 403004, India",4.3,85.0,ChIJNdY4U7nHvzsRfURbu9Uwoq4,"tourist_attraction, point_of_interest, establishment,viewpoint",Tiswadi (Panaji),15.4505614,73.8036167,,,['beaches'],0,1,0.825,0.825195469125902,0.3847718047222679,0.6490260033644484,0.9084657038498933,0.7144199286929687
KA-GO Border Beach,"W32M+PVH, Loliem, Goa 403728, India",4.6,66.0,ChIJl9-1rQtdvjsREn9dtrSRftE,"tourist_attraction, point_of_interest, establishment,beach",Canacona,14.901806,74.0847427,,,['beaches'],1,2,0.8999999999999999,0.8991314976839937,0.4092825274881344,0.70319190960565,0.9399987939967839,0.7480774593505021
Kuske Waterfall,"26C5+MFM, Cotigao, Goa 403702, India",4.4,295.0,ChIJodX_ocdZvjsR3ISyT9zV_zY,"tourist_attraction, point_of_interest, establishment,waterfall,nature,adventure,trek",Dharbandora,15.0217083,74.2086604,,,"['adventure', 'nature']",1,2,0.8500000000000001,0.8499723322460392,0.5538965414596928,0.7315420159315006,0.9399987939967839,0.7782371856255844
Official Dudhsagar Jeep Safari & Trek Booking,"Kulem Station FOB, Kolem, Goa 403410, India",4.4,1063.0,ChIJA1ETXxQHvzsRU7Nrm2PWCiA,"tourist_attraction, park, point_of_interest, establishment,waterfall,nature",Dharbandora,15.3363533,74.244316,,flag,"['adventure', 'nature']",2,3,0.8500000000000001,0.8499923029556651,0.6739831692867861,0.7795886494881135,0.939998873130649,0.829350621338202
"Calangute Beach, Goa","Calangute Beach Rd, Umtav Vado, Calangute, Goa 403516, India",4.3,100672.0,ChIJgQ9KpXTrvzsRccrngLKJ-bM,"tourist_attraction, point_of_interest, establishment,beach",Bardez (Mapusa),15.5447206,73.754669,,,['beaches'],0,1,0.825,0.825000166979675,0.9950795601293171,0.8930319242395319,0.9084657038498933,0.9830111587647655
Benaulim beach,"7W39+7X7, Benaulim, Goa 403716, India",4.6,476.0,ChIJK01FI2K1vzsRoVMmY1ivMpE,"tourist_attraction, point_of_interest, establishment,beach",Salcete (Margao),15.2531713,73.9199206,,,['beaches'],3,4,0.8999999999999999,0.8998780091086531,0.6597184492492465,0.8038141851648906,0.9195891177403319,0.8741014542887042
Aguada rocky Beach,"FQVH+43H, Goa 403001, India",4.3,501.0,ChIJk0OIhg7BvzsRy2mHWZCVDDY,"tourist_attraction, point_of_interest, establishment,beach",Bardez (Mapusa),15.4928118,73.7777471,,,['beaches'],0,1,0.825,0.8250334867426844,0.5371700569716245,0.7098881148342604,0.9084657038498933,0.7814143250822773
Keri Beach,"PM6R+VQ5, Querim, Goa 403524, India",4.6,4445.0,ChIJ4ayK8NDvvzsR78k8dPh_ryw,"tourist_attraction, point_of_interest, establishment,beach",Pernem,15.7087743,73.6929842,,,['beaches'],0,1,0.8999999999999999,0.8999869119084183,0.7255812436364193,0.8302246445996186,0.9084657038498933,0.9138756048591543
"Kadamba Shri Mahadeva Temple, Tambdisurla","C7Q3+J27, Near Bhagwan Mahaveer Wildlife Sanctury, Sanguem, Surla, Goa 403406, India",4.8,5158.0,ChIJKTeIBk4IvzsRekHQksfEKkk,"hindu_temple, tourist_attraction, place_of_worship, point_of_interest, establishment,historical",Dharbandora,15.4390499,74.2525571,,,"['historical', 'nature', 'religious']",2,3,0.95,0.9499790289484061,0.8266451713335751,0.9006454859024737,0.939998873130649,0.9581346442500409
Dolphin Point,"Fort Aguada Rd, Aguada Fort Area, Candolim, Goa 403515, India",4.3,4270.0,ChIJ78Pnrg7BvzsRDdqimlbAw_c,"tourist_attraction, point_of_interest, establishment,viewpoint",Tiswadi (Panaji),15.4972198,73.781824,,,"['adventure', 'historical']",0,1,0.825,0.8250039359271429,0.7221124495589363,0.7838473413798603,0.9084657038498933,0.8628254628194266
Aguad Port & Jail Complex,"Parking, Aguada Fort, Aguada - Siolim Rd, Aguada Fort Area, Candolim, Goa 403515, India",4.1,523.0,ChIJIdHV6h3BvzsRcWh-MTFt5S4,"tourist_attraction, art_gallery, museum, restaurant, food, point_of_interest, establishment",Bardez (Mapusa),15.4926341,73.7771255,,flag,"['adventure', 'food', 'historical', 'nature']",0,1,0.7749999999999999,0.7751275006580678,0.5408750812169641,0.6814265328816264,0.9084657038498933,0.7500850389771226
Wax World Museum,"GW27+4G6, Old Goa, Goa 403402, India",3.4,1997.0,ChIJ751RXI2-vzsRLoDZRIDrQc4,"tourist_attraction, museum, point_of_interest, establishment",Salcete (Margao),15.5002895,73.9136885,,,['historical'],0,1,0.6,0.6001210261986123,0.6564885488422699,0.6226680352560754,0.9084657038498933,0.6854062102920723
Shiva's Face,"HPRM+XGJ Ozran Beach, Vagator, Goa 403509, India",4.3,1427.0,ChIJXZmiGnfpvzsRHiMVouy_NnE,"tourist_attraction, point_of_interest, establishment,viewpoint",Bardez (Mapusa),15.5924547,73.7337776,,,['beaches'],0,1,0.825,0.8250117719501593,0.6274755428233533,0.7459972802994369,0.9084657038498933,0.8211617424169694
Vagator beach Goa india,"Vagator, Anjuna, Goa 403509, India",4.4,30.0,ChIJj20T8_3pvzsRxe68CHW8xFw,"tourist_attraction, point_of_interest, establishment,beach",Bardez (Mapusa),15.587991,73.7345501,,,['beaches'],0,1,0.8500000000000001,0.8497358175750835,0.2966318892948142,0.6284942462629758,0.9084657038498933,0.6918194529518777
"Viceroys Arch, Goa","Old Goa, Goa 403402, India",4.4,1143.0,ChIJrRLnXou-vzsRTmy-Yn5wi5A,"tourist_attraction, point_of_interest, establishment,historical",Salcete (Margao),15.5057585,73.9137064,,,['historical'],0,1,0.8500000000000001,0.8499928412105137,0.6083210355032256,0.7533241189275984,0.9084657038498933,0.829226811463728
Archaeological Museum of Goa,"GW36+797, behind Se Cathedral, Old Goa, Goa 403402, India",4.3,935.0,ChIJkRYoGPO-vzsRJtAbk3TQPEc,"tourist_attraction, museum, point_of_interest, establishment,historical",Salcete (Margao),15.503157,73.9109342,,,"['historical', 'religious']",0,1,0.825,0.8250179597701149,0.5909868627249182,0.7314055209520363,0.9084657038498933,0.8050997608962981
Vagator Beach View,"HPXM+Q9F, Vagator, Goa 403509, India",4.5,1852.0,ChIJc5ouLHDpvzsR9nHjejLY4e4,"tourist_attraction, point_of_interest, establishment,beach,viewpoint",Bardez (Mapusa),15.5994407,73.7334125,,,['beaches'],0,1,0.875,0.8749820886912183,0.6499805269373958,0.7849814639896893,0.9084657038498933,0.8640738562425605
Mystic Woods,"C2G6+Q47, Ponda, Pisgal, Priol, Goa 403404, India",3.8,608.0,ChIJI2vEMie7vzsRj6GD15iAWac,"tourist_attraction, museum, park, point_of_interest, establishment,nature",Ponda,15.4295587,74.0124491,,,"['historical', 'nature']",3,4,0.7,0.7002328577090765,0.6858505868108824,0.6944799493497988,0.9195891177403319,0.755206793938923
Tambdi Surla Waterfalls,"Surla, Goa 403406, India",4.6,460.0,ChIJBaXfv4oIvzsRw_tzqN9h6gs,"tourist_attraction, park, point_of_interest, establishment,waterfall,nature",Dharbandora,15.4564974,74.2713281,,,['nature'],2,3,0.8999999999999999,0.8998737751514697,0.5931034728729694,0.7771656542400696,0.939998873130649,0.8267729637289177
Corjuem Fort,"Off, Road, Corjuem, Aldona, Goa 403508, India",3.9,1078.0,ChIJi420u6uVvzsRqLpaRPrq6SI,"tourist_attraction, point_of_interest, establishment,historical,fort",Bicholim,15.5968001,73.8927884,,,"['adventure', 'historical']",0,1,0.725,0.7251082579655491,0.6032680637618393,0.6763721802840652,0.9084657038498933,0.7445214248790429
Salaulim Dam,"Kurdi, Ugem, Goa 403704, India",4.5,3800.0,ChIJh8I8MtOqvzsRWk2SI90FBNg,"tourist_attraction, point_of_interest, establishment,viewpoint,nature",Salcete (Margao),15.2127043,74.1788677,,,['nature'],1,2,0.875,0.8749912681780656,0.8023711000521343,0.8459432009276932,0.9399987939967839,0.8999407300628808
Uddo Beach,"JQC2+2F, Unnamed Road, 403517, Kudal, Siolim, Goa 403517, India",4.2,714.0,ChIJzZriTOLrvzsR1b9GVIihz0g,"tourist_attraction, point_of_interest, establishment,beach",Pernem,15.6208175,73.7498994,,,['beaches'],0,1,0.8,0.8000584760067518,0.567721564329749,0.7071237113359506,0.9084657038498933,0.7783713885282667
Campal Gardens,"Children Park, Campal, Altinho, Panaji, Goa 403001, India",4.3,2333.0,ChIJZ7IctYzAvzsRGFUrmuUJx6s,"tourist_attraction, park, point_of_interest, establishment,nature,wildlife",Tiswadi (Panaji),15.49806,73.818748,,,['nature'],0,1,0.825,0.8250072023756758,0.6699153686919366,0.7629704689021801,0.9084657038498933,0.8398450989056231
Bambolim Beach,"CVX2+RQR, Bambolim, Goa 403206, India",4.2,109.0,ChIJb-oRWo25vzsRYL3u1Oyxe_M,"tourist_attraction, point_of_interest, establishment,beach",Tiswadi (Panaji),15.4496162,73.8518753,,,['beaches'],0,1,0.8,0.8003800940438872,0.4060330713163597,0.6426412849528762,0.9084657038498933,0.7073919050873279
Chapora mangroves kayaking,"MR2C+94R, Chikhli, Kolval, Goa 403513, India",4.5,255.0,ChIJd6DGs6DtvzsROx2-Sy8BmTg,"tourist_attraction, point_of_interest, establishment,nature,adventure",Pernem,15.6509894,73.8202621,,,"['adventure', 'nature']",0,1,0.875,0.8748703529094828,0.4789990072422465,0.7165218146425882,0.9084657038498933,0.7887164167079882
Jalavne falls,"J5XV+FH4, Dongurvada, Surla, Goa 403506, India",4.5,269.0,ChIJbzpKjoafvzsRaCj_J0aPg9Y,"tourist_attraction, point_of_interest, establishment,waterfall,nature,adventure,trek",Sattari (Valpoi),15.6486329,74.1939471,,,"['adventure', 'nature']",2,3,0.875,0.8748770753512134,0.5413709469388898,0.7414746239862839,0.939998873130649,0.7888037370904672
Neturlem Waterfall (Savri),"366J+FQM, Neturlim, Netravli, Goa 403704, India",4.7,1142.0,ChIJ9WBFt234vjsR5aNM4Prx2cA,"tourist_attraction, park, point_of_interest, establishment,waterfall,nature",Dharbandora,15.0612063,74.2319242,,,['nature'],1,2,0.925,0.9249272181494556,0.6854072398899413,0.8291192268456499,0.9399987939967839,0.8820428623321049
Shivling Waterfall,"H4WF+W3J, Pali, Goa 403506, India",4.5,299.0,ChIJF3XWiNqZvzsReeuhhhUnApM,"tourist_attraction, point_of_interest, establishment,waterfall,nature,adventure,trek",Sattari (Valpoi),15.5973284,74.1226416,,,"['adventure', 'nature']",2,3,0.875,0.874889367816092,0.5515593754906118,0.7455573708858998,0.939998873130649,0.7931470900628154
Fort Aguada Lighthouse,"FQRF+RJG, Aguada - Siolim Rd, Sinquerium, Candolim, Aguada Fort Area, Goa, Candolim, Goa 403515, India",4.3,2481.0,ChIJTbWbIA3BvzsR-QwVIsn68-Y,"tourist_attraction, point_of_interest, establishment,viewpoint",Bardez (Mapusa),15.4920574,73.7740664,,,"['adventure', 'historical']",0,1,0.825,0.8250067729028314,0.675226183630992,0.7650945371940956,0.9084657038498933,0.8421831819867059
Backwaters Palolem,"Canacona, Goa 403702, India",4.6,473.0,ChIJ60HZJlpFvjsRKWwSX-EWbsQ,"tourist_attraction, point_of_interest, establishment,viewpoint,nature",Canacona,15.0135625,74.0163125,,,['nature'],1,2,0.8999999999999999,0.8998772370144041,0.599728620677869,0.77981779047979,0.9399987939967839,0.829594458482314
Chorla Ghat,"J4X9+RHM, SH 4, Charavade, Goa 403506, India",4.4,2184.0,ChIJeeyaw02ZvzsRCmMjgEHRsCc,"tourist_attraction, park, point_of_interest, establishment,nature,wildlife",Sattari (Valpoi),15.6495989,74.1189133,,,['nature'],2,3,0.8500000000000001,0.849996251874063,0.7435670530616209,0.8074245723490862,0.939998873130649,0.8589633407324984
Goa Chitra Museum,"H.No. 498, near Auxilium High School, Pulvaddo, Benaulim, Goa 403716, India",4.2,3069.0,ChIJ-5PLmPSzvzsRqBoUBZmqYm4,"tourist_attraction, art_gallery, museum, point_of_interest, establishment",Salcete (Margao),15.2648991,73.9413364,,,['historical'],3,4,0.8,0.8000136190048299,0.8588813649327187,0.8235607173759854,0.9195891177403319,0.8955746664332945
Monkey Beach,"CQ2R+5F9, Unnamed Road, Bogda, Headland Sada, Vasco Da Gama, Mormugao, Goa 403804, India",3.9,310.0,ChIJo1f9PInHvzsROGswlHitpMs,"tourist_attraction, point_of_interest, establishment,beach",Mormugao (Vasco),15.4004081,73.7912483,,,['beaches'],0,1,0.725,0.7253755959640759,0.49581012226164645,0.6335494064831041,0.9084657038498933,0.6973839560461669
Church of St. Francis of Assisi,"Off National Highway 4, Old Goa, Goa 403402, India",4.5,4807.0,ChIJ78JjO_O-vzsRRzk9_PvVgE0,"tourist_attraction, church, place_of_worship, point_of_interest, establishment,religious,historical",Salcete (Margao),15.5030158,73.911237,,,"['historical', 'religious']",0,1,0.875,0.8749930969935166,0.7323428503651245,0.8179329983421597,0.9084657038498933,0.9003454889666452
"Snow Park, Goa","Titos Lane, 2, Calangute - Baga Rd, Baga, Goa 403516, India",4.2,18763.0,ChIJXVO8PxvqvzsRta823KYFYvE,"tourist_attraction, amusement_park, point_of_interest, establishment",Bardez (Mapusa),15.5574607,73.7552656,,,['nature'],0,1,0.8,0.800002228221319,0.8499645655476752,0.8199871631518614,0.9084657038498933,0.9026066252990312
Museum Of Christian Art,"Monte Santo (Holy Hill, next to St. Augustine Tower, Old Goa, Goa 403402, India",4.4,437.0,ChIJAQAAAIO-vzsRAl-vdrBfS3U,"museum, tourist_attraction, point_of_interest, establishment",Salcete (Margao),15.5011002,73.9069769,,,['historical'],0,1,0.8500000000000001,0.8499813021571407,0.5253892862888841,0.7201444958098381,0.9084657038498933,0.7927041084303038
Goa Science Centre & Planetarium,"Marine Highway, Miramar, Panaji, Goa 403001, India",4.3,953.0,ChIJdeIJ_cLAvzsRv6JHTO2XsUI,"tourist_attraction, museum, point_of_interest, establishment",Tiswadi (Panaji),15.4774432,73.8089382,,,['historical'],0,1,0.825,0.8250176209065279,0.5926322684079776,0.7320634799071077,0.9084657038498933,0.8058240138342826
"Shri Nageshi Temple,","Bandiwade, Donshiwado, Ponda, Bandiwada, Goa 403401, India",4.8,2812.0,ChIJ9Z288fW6vzsRiiAZ44P99zg,"hindu_temple, tourist_attraction, place_of_worship, point_of_interest, establishment,historical",Ponda,15.4074651,73.9837259,,,"['historical', 'religious']",3,4,0.95,0.9499615394044889,0.8495296969800583,0.9097888024347167,0.9195891177403319,0.9893427237050204
Naval Aviation Museum,"Bogmalo Road, Vasco Da Gama, Bogmalo, Goa 403806, India",4.6,7127.0,ChIJoW7X1f7HvzsRsbml_wpjpE4,"tourist_attraction, museum, point_of_interest, establishment",Salcete (Margao),15.3746494,73.8387763,,,['historical'],3,4,0.8999999999999999,0.8999918364681294,0.9489850396486357,0.9195891177403319,0.9195891177403319,1.0
Ambora Spring,"8XPQ+PH9, Loutolim, Goa 403718, India",4.2,245.0,ChIJ8YcmYFOwvzsRJ_P1iH_ckHE,"tourist_attraction, point_of_interest, establishment,nature,viewpoint",Salcete (Margao),15.3367963,73.9889898,,,['nature'],3,4,0.8,0.8001699607513317,0.5888867567446322,0.7156566791486518,0.9195891177403319,0.778235263274108
Cola Beach,"Cola Beach Rd, Kola, Goa 403702, India",4.6,11157.0,ChIJN7gFSwNPvjsRikm58eoZL_U,"tourist_attraction, point_of_interest, establishment,beach",Canacona,15.0573292,73.9718316,,,['beaches'],1,2,0.8999999999999999,0.8999947849385935,0.9071952430424557,0.9028749681801383,0.9399987939967839,0.9605065176107316
Fernandes Heritage House,"Fort Area Salcette, Cotta Diasvaddo, Chandor, Guirdolim, Goa 403714, India",4.3,367.0,ChIJVd1h6pitvzsRpMu8Fjh2Paw,"tourist_attraction, point_of_interest, establishment",Sanguem,15.2558395,74.0518574,,flag,"['adventure', 'historical']",3,4,0.825,0.8250456802848576,0.6319677166267837,0.7478144948216281,0.9195891177403319,0.8132050286319193
San Thome Museum Back in Time,"Dabolim - Cavelossim Rd, Chadwado, Varca, Goa 403721, India",4.0,634.0,ChIJydtqTn-zvzsRWQIc9YRezQ8,"museum, tourist_attraction, point_of_interest, establishment",Salcete (Margao),15.2398339,73.941495,,,['historical'],3,4,0.75,0.7501445832202008,0.6903225119212311,0.726215754700613,0.9195891177403319,0.7897176474696794
Sinquerim Beach,"FQX8+MXF, Sinquerim, Candolim, Goa 403519, India",4.6,481.0,ChIJM5xmqdrBvzsR0UQsbvbKJDA,"tourist_attraction, point_of_interest, establishment,beach",Bardez (Mapusa),15.4991764,73.7674326,,,['beaches'],0,1,0.8999999999999999,0.899879274574331,0.5336581429642696,0.7533908219303065,0.9084657038498933,0.8293002352621448
Azad Maidan,"GR2G+2FW, MG Road, near Head Quarters, Opposite Azad Maidan, Ozari, Panaji, Goa 403001, India",4.2,1824.0,ChIJf9whPInAvzsR6nE1kxWvW1Y,"tourist_attraction, park, point_of_interest, establishment,viewpoint,historical",Tiswadi (Panaji),15.500124,73.8261919,,,"['historical', 'nature']",0,1,0.8,0.8000229097779878,0.6486652904231324,0.7394798620360457,0.9084657038498933,0.8139876485180233
Bondla Wildlife Sanctuary,"C4R4+2HR, Usgao-Ganjem VP, Goa 403406, India",4.0,3408.0,ChIJ1TJ8b1akvzsRjgW-y7x27sQ,"zoo, tourist_attraction, point_of_interest, establishment,nature,wildlife",Dharbandora,15.4401104,74.1063776,,,['nature'],2,3,0.75,0.7500269317526628,0.7865798006160131,0.7646480792980028,0.939998873130649,0.813456378677728
"St. Cajetan Church, Goa","GW48+62M, Old Goa, Goa 403402, India",4.6,860.0,ChIJPzptf4u-vzsRYl7FhM9LGJc,"tourist_attraction, church, place_of_worship, point_of_interest, establishment",Salcete (Margao),15.5055969,73.9150423,,,"['historical', 'religious']",0,1,0.8999999999999999,0.8999324161960831,0.5837722220580773,0.7734683385408808,0.9084657038498933,0.8514007025945822
Capela de Santa Catarina de Alexandria,"GW36+953, Old Goa, Goa 403402, India",4.3,178.0,ChIJNcH7EPO-vzsRl1RKlSloJoI,"tourist_attraction, church, place_of_worship, point_of_interest, establishment,historical,religious",Salcete (Margao),15.503375,73.910435,,,"['historical', 'religious']",0,1,0.825,0.8250939125409361,0.44809254096168,0.6742933639092337,0.9084657038498933,0.7422331531633117
Rock Forest Goa,"H. No, 1/57 B, Gaura waddo, behind Gomes Racing Track, near Peoples High School, Calangute, Goa 403511, India",4.7,183.0,ChIJ_ZUI4OnBvzsRncEH71J_jeQ,"tourist_attraction, lodging, point_of_interest, establishment",Bardez (Mapusa),15.5304007,73.7713409,,,['nature'],0,1,0.925,0.9245478823088455,0.45047233848460544,0.7349176647791494,0.9084657038498933,0.8089657778656008
Cavelossim Beach,"5WCR+QPX, Cavelossim Rd, Cavelossim, Goa 403731, India",4.6,949.0,ChIJLYXba5JNvjsR3qfx825JZX8,"point_of_interest, establishment,beach",Salcete (Margao),15.1719963,73.9418611,,,['beaches'],3,4,0.8999999999999999,0.8999387477313973,0.7334126263781795,0.8333282991901102,0.9195891177403319,0.9061963469487473
Dolphin Adventures Goa (Sinquerim Jetty),"Fort aguada road sinquerim jetty candolim, Panaji, Goa 403515, India",4.1,671.0,ChIJIz69SNrBvzsRE5i32ju2Ays,"travel_agency, point_of_interest, establishment,adventure",Tiswadi (Panaji),15.4972169,73.7818865,,,"['adventure', 'beaches', 'historical']",0,1,0.7749999999999999,0.7750994201559933,0.5623638401518851,0.6900051881543501,0.9084657038498933,0.7595280539818379
Fort Tiracol Goa,"Taluka, Pernem, Tiracol, Goa 403524, India",4.3,3778.0,ChIJp9s4gCfwvzsRMv-zSTSCEVY,"lodging, point_of_interest, establishment,fort",Bardez (Mapusa),15.7213751,73.686522,,,"['adventure', 'historical']",0,1,0.825,0.8250044483579856,0.7115403798797557,0.7796188209666937,0.9084657038498933,0.8581708892948047
Tropical Spice Plantation,"H.No. A-14, Arla Bazar, Ponda, Keri, Goa 403404, India",4.1,2153.0,ChIJ0bVnNrm6vzsRIZDi6tHyqmM,"point_of_interest, establishment,nature,trek",Ponda,15.4527447,74.0107308,,,"['adventure', 'food', 'nature']",3,4,0.7749999999999999,0.775031016873179,0.8209776347601362,0.7934096640279619,0.9195891177403319,0.8627871390840014
Wildernest Nature Resort,"off Sankhali, Ghats, Chorla, Charavade, Goa 416512, India",4.5,2005.0,ChIJi3KUwlGZvzsRnj5X9TJEyHs,"lodging, point_of_interest, establishment",Sattari (Valpoi),15.6497778,74.1150948,,,['nature'],2,3,0.875,0.8749834548079897,0.7353017464196085,0.8191107714526373,0.939998873130649,0.8713954823420202
Church of the Cross of Miracles,"FWR7+V92, Ella, Old Goa, Goa 403110, India",4.7,513.0,ChIJfU7MxZS-vzsR0AG4t-cAHE8,"tourist_attraction, church, place_of_worship, point_of_interest, establishment,religious,historical",Salcete (Margao),15.492147,73.913386,,,"['historical', 'religious']",0,1,0.925,0.9248381524218436,0.539210652332534,0.7705871523861197,0.9084657038498933,0.8482292167117897
Churches and Convents of Goa,"GW26+WPJ, Old Goa, Goa 403402, India",4.6,218.0,ChIJuYbOebq_vzsR4EdqL-jhF2E,"point_of_interest, establishment,religious",Salcete (Margao),15.5023377,73.9117653,,,"['historical', 'religious']",0,1,0.8999999999999999,0.899734293811998,0.46551441038360336,0.7260463404406401,0.9084657038498933,0.7992006053324886
Mae De Deus Church,"GQWP+R47, Chogm Rd, Muddavaddi, Saligao, Goa 403511, India",4.4,3887.0,ChIJFbog2NfBvzsRlZ2Ry-UD8g0,"tourist_attraction, church, place_of_worship, point_of_interest, establishment,religious,historical",Bardez (Mapusa),15.5470308,73.7853113,,,"['historical', 'religious']",0,1,0.8500000000000001,0.8499978936072088,0.7139966688471371,0.7955974037031801,0.9084657038498933,0.8757594263950744
Three Kings Chapel,"9W62+679, Muder, Cansaulim, Consua, Goa 403712, India",4.3,3020.0,ChIJE-lpKHC3vzsRDHehd03s_ik,"tourist_attraction, church, place_of_worship, point_of_interest, establishment,religious,historical",Salcete (Margao),15.3605246,73.9007519,,,"['historical', 'religious']",3,4,0.825,0.8250055644967983,0.8571603083245242,0.8378674620278886,0.9195891177403319,0.9111324241056109
Our Lady of Merces Church,"Colva Beach Rd, near Infant Jesus High School, Fatona, Colva, Goa 403708, India",4.6,1005.0,ChIJgzYWXhu0vzsRfZwjXKrB9Ms,"tourist_attraction, church, place_of_worship, point_of_interest, establishment,religious,historical",Salcete (Margao),15.2784948,73.9224645,,,"['beaches', 'historical', 'religious']",3,4,0.8999999999999999,0.8999421574004249,0.7395391792194199,0.8357809661280229,0.9195891177403319,0.9088634804441278
Our Lady of Grace Church,"7XF5+9HM, Isidorio Baptista Rd, Pajifond, Madgaon, Goa 403601, India",4.5,1560.0,ChIJLZPlLeizvzsRtDw4-0Z1nns,"tourist_attraction, church, place_of_worship, point_of_interest, establishment,religious,historical",Salcete (Margao),15.273472,73.958916,,,"['historical', 'religious']",3,4,0.875,0.8749787382093707,0.7865343868916678,0.8396009976822896,0.9195891177403319,0.9130175439063548
"Our Lady of Good Hope Church, Candolim","GQ9G+5WW, Candolim, Goa 403511, India",4.5,655.0,ChIJj8rE_7vBvzsRoMEWGV1J-Nc,"tourist_attraction, church, place_of_worship, point_of_interest, establishment,religious,historical",Tiswadi (Panaji),15.5179909,73.777324,,,"['historical', 'religious']",0,1,0.875,0.8749494060134568,0.5602822650537195,0.7490825496295619,0.9084657038498933,0.8245578742874959
Our Lady of Fatima Church - Don Bosco Panjim,"Don Bosco, MG Road, Panjim, Panaji, Goa 403001, India",4.7,798.0,ChIJ68trVozAvzsRaVyUmInnBCo,"church, place_of_worship, point_of_interest, establishment,religious,historical",Tiswadi (Panaji),15.4967764,73.821457,,,"['historical', 'religious']",0,1,0.925,0.9248958827845152,0.5773166485863653,0.7858641891052552,0.9084657038498933,0.8650455221093347
Church of Our Lady of Grace,"Old Goa, Goa 403402, India",4.4,1139.0,ChIJxapT8fG-vzsRv5zxNSl-WWI,"church, place_of_worship, point_of_interest, establishment",Salcete (Margao),15.5002453,73.9061058,,,"['historical', 'religious']",0,1,0.8500000000000001,0.8499928160919541,0.6080184741201932,0.7532030793032497,0.9084657038498933,0.8290935762476535
Church of Our Lady of the Rosary,"GW23+PX9, Old Goa, Goa 403402, India",4.5,127.0,ChIJ89dPoPG-vzsRpKOATjYJRvE,"church, place_of_worship, point_of_interest, establishment",Salcete (Margao),15.501778,73.9049807,,,"['historical', 'religious']",0,1,0.875,0.8747407058189656,0.41912413133696563,0.6924940760261655,0.9084657038498933,0.7622677147761507
St. Diogo's Church,"Sangolda, Goa 403510, India",4.5,449.0,ChIJqSzzbY_qvzsRHhDqLOqL2iY,"church, place_of_worship, point_of_interest, establishment",Bardez (Mapusa),15.5614189,73.8034299,,,"['historical', 'religious']",0,1,0.875,0.874926245210728,0.5277240550804182,0.7360453691586041,0.9084657038498933,0.8102071063766009
"St. Lawrence's Church, Sinquerim","FQVJ+HQ8, Aguada - Siolim Rd, near Aguada Fort, Sinquerim, Candolim, Goa 403515, India",4.5,492.0,ChIJTyDobA_BvzsRqBnIYAKyKVo,"tourist_attraction, church, place_of_worship, point_of_interest, establishment",Tiswadi (Panaji),15.4939002,73.7819478,,,"['adventure', 'historical', 'religious']",0,1,0.875,0.8749326781842345,0.5356073396207865,0.7392025427588553,0.9084657038498933,0.8136823873771624
Chapel of St. Francis Xavier,"GW29+8M5, Old Goa, Goa 403402, India",4.5,340.0,ChIJL5VuzY--vzsRomHlFP3bsyI,"tourist_attraction, church, place_of_worship, point_of_interest, establishment",Salcete (Margao),15.5007503,73.9192267,,,"['historical', 'religious']",0,1,0.875,0.8749026696329255,0.5037649281635271,0.726447573045166,0.9084657038498933,0.7996422649381574
"São Pedro Church, Goa","GV2W+4VH, Old Goa, Baingini, Goa 403402, India",4.5,91.0,ChIJ624yk_q-vzsRS1inwISMJ4Y,"tourist_attraction, church, place_of_worship, point_of_interest, establishment",Tiswadi (Panaji),15.5002292,73.8972411,,,"['historical', 'religious']",0,1,0.875,0.8746392428785607,0.3905974625793246,0.6810225307588662,0.9084657038498933,0.7496403308048184
St. Michael's Church,"Junction, Anjuna Beach Road, Bouta Waddo, Chapora, Anjuna, Goa 403510, India",4.5,614.0,ChIJtQOjQTPqvzsRK9oqbZt9oI0,"tourist_attraction, church, place_of_worship, point_of_interest, establishment",Bardez (Mapusa),15.5899919,73.7642162,,,"['beaches', 'religious']",0,1,0.875,0.8749460330810206,0.5547073510201649,0.7468505602566783,0.9084657038498933,0.8221009963190433
Our Lady Of Miracles Church,"FWR7+X9G, Old Goa, Goa 403110, India",4.7,97.0,ChIJN1VVpu2-vzsRlQkcMrUJn4A,"tourist_attraction, church, place_of_worship, point_of_interest, establishment",Salcete (Margao),15.4924326,73.9134459,,,"['historical', 'religious']",0,1,0.925,0.9241511259676285,0.3960549310658375,0.7129126480069121,0.9084657038498933,0.7847436012011604
Church and Convent of St. John of God,"Monte Santo, Old Goa, Goa 403402, India",4.5,56.0,ChIJWbMUFfK-vzsRxQGL0-uPxFM,"tourist_attraction, church, place_of_worship, point_of_interest, establishment",Salcete (Margao),15.5007488,73.9078115,,,"['historical', 'religious']",0,1,0.875,0.8744177253478524,0.34924356576726556,0.6643480615156176,0.9084657038498933,0.7312857917478286
Convent of Santa Monica and The Chapel of The Weeping Cross,"GW24+CXQ Monte Santo, Old Goa, Goa 403402, India",4.6,111.0,ChIJ1TGrOvK-vzsR97M1pNwn4yY,"tourist_attraction, place_of_worship, point_of_interest, establishment",Salcete (Margao),15.5009908,73.9073793,,,"['historical', 'religious']",0,1,0.8999999999999999,0.8994804495073891,0.40758953120140157,0.7027240821849942,0.9084657038498933,0.7735284658595168
"Shree Ramnath Damodar Sansthaan, Goa","Zambaulim, Quepem, Goa 403705, India",4.8,1595.0,ChIJdz1rKzxTvjsRwaH6hzHpmN0,"hindu_temple, place_of_worship, point_of_interest, establishment",Canacona,15.1866463,74.0949954,,,"['nature', 'religious']",1,2,0.95,0.9499322119955059,0.7179034471567453,0.8571207060600017,0.9399987939967839,0.9118317082255046
Shri Chandreshwar Bhootnath Temple,"627P+5PQ, Unnamed Road, Talewada, Paroda, Goa 403705, India",4.7,1414.0,ChIJ0_uBqlCtvzsRSPxTyrAkFmM,"hindu_temple, tourist_attraction, place_of_worship, park, point_of_interest, establishment",Sanguem,15.2134237,74.0365689,,,"['nature', 'religious']",3,4,0.925,0.9249412087242598,0.7760305729959638,0.8653769544329414,0.9195891177403319,0.9410474066498266
"Shree Damodar, Temple","7XQ7+X79, Fatorda, Madgaon, Goa 403601, India",4.7,667.0,ChIJ-e0cpWGxvzsRAbBV0ZRV7LQ,"hindu_temple, tourist_attraction, place_of_worship, point_of_interest, establishment",Salcete (Margao),15.2899024,73.963249,,,"['nature', 'religious']",3,4,0.925,0.9248754645880652,0.6957417809348659,0.8332219911267855,0.9195891177403319,0.9060807430760243
"Damodara Temple Loliem, South Goa","Shri Damodar Vidyalaya, Loliem, Goa 403728, India",4.4,81.0,ChIJQci9InpbvjsR81FrhPgDM7s,"hindu_temple, tourist_attraction, place_of_worship, point_of_interest, establishment",Canacona,14.942263,74.0704844,,,"['nature', 'religious']",1,2,0.8500000000000001,0.8499001261564341,0.42894769123745513,0.6815191521888425,0.9399987939967839,0.7250213048583701
Shree Damodar Mandir,"Dr Borges, Building nr, Childrens Park, Vaddem, Vasco Da Gama, Goa 403802, India",4.8,393.0,ChIJo02cU7zHvzsR5-DQ2RfvCHk,"hindu_temple, place_of_worship, point_of_interest, establishment",Mormugao (Vasco),15.3982086,73.815334,,,"['nature', 'religious']",0,1,0.95,0.9497254069665675,0.5162442827388511,0.7763329572754809,0.9084657038498933,0.8545539517733464
Kamakshi Temple Arch,"82CM+8XC, Shiroda, Goa 403103, India",4.8,200.0,ChIJyZ7-9QevvzsRFR22zt8ZYD4,"hindu_temple, place_of_worship, point_of_interest, establishment",Ponda,15.3208195,74.0348865,,,"['historical', 'religious']",3,4,0.95,0.9494617430090925,0.5672766493627511,0.7965877055505559,0.9195891177403319,0.8662430755030874
Shri Damodar Sal,"7XJ4+4Q9, Comba, Madgaon, Goa 403601, India",4.7,254.0,ChIJYfYxUuazvzsR1ADZVfi4QtA,"hindu_temple, tourist_attraction, place_of_worship, point_of_interest, establishment",Salcete (Margao),15.2802765,73.9570518,,,"['nature', 'religious']",3,4,0.925,0.9246737660581474,0.5927302826500837,0.791896372694922,0.9195891177403319,0.8611415222494324
Alorna Fort,"PW24+35C, Alorna, Goa 403503, India",4.1,339.0,ChIJGZUMw06SvzsRD4ROWUW0Vr0,"tourist_attraction, point_of_interest, establishment",Bardez (Mapusa),15.7001787,73.9053878,,,"['adventure', 'historical']",0,1,0.7749999999999999,0.7751965010141987,0.5035112387402382,0.6665223961046145,0.9084657038498933,0.7336792058082411
Betul Fort,"Canaguinim, Goa, India",3.9,1499.0,ChIJobqioGVMvjsRBDAPLJzsyTk,"tourist_attraction, point_of_interest, establishment",Salcete (Margao),15.1409989,73.9506808,,,"['adventure', 'historical']",1,2,0.725,0.7250778735632183,0.711864955431539,0.7197927063105466,0.9399987939967839,0.765737904035023
Forte de Tiracol,"PMCM+X4, Querim, Goa 403524, India",4.4,170.0,ChIJgWvbrUvxvzsRcF-cwddaVZo,"point_of_interest, establishment",Bardez (Mapusa),15.7213968,73.6865637,,,"['adventure', 'historical']",0,1,0.8500000000000001,0.8499521072796935,0.4441429988124684,0.6876284638928034,0.9084657038498933,0.7569118580688005
St. Estevam Fort,"St Estevam, Jua, St Estevam Island, Goa 403106, India",4.4,399.0,ChIJq6pa8MG9vzsR7Ku-9sMcN1U,"tourist_attraction, point_of_interest, establishment",Ponda,15.5360191,73.9543531,,,"['adventure', 'historical']",0,1,0.8500000000000001,0.8499795258620692,0.5175498167058551,0.7170076421995835,0.9084657038498933,0.7892511948013563
Rachol Historical Fort Gate,"Fr. Agnelo Rd, Rachol, Goa 403719, India",4.4,253.0,ChIJL8W_HpSxvzsRaq2Kt6ZU8x4,"tourist_attraction, point_of_interest, establishment",Salcete (Margao),15.3085464,74.000897,,,"['adventure', 'historical']",3,4,0.8500000000000001,0.8499677572631009,0.5923099810124721,0.7469046467628494,0.9195891177403319,0.8122156214703662
Farmagudi Fort,"CX7Q+2PW, NH 4A, Donshiwado, Ponda, Bandiwada, Goa 403401, India",4.6,18.0,ChIJ__-_zvC6vzsRSPY1enbIgUw,"point_of_interest, establishment",Ponda,15.412509,73.9891553,,,"['adventure', 'historical']",3,4,0.8999999999999999,0.8969373865698729,0.3149567123354265,0.6641451168760943,0.9195891177403319,0.7222194174155415
Colvale Fort,"JVM2+X6H, Tivim, Goa 403502, India",3.6,159.0,ChIJuXkS_a6UvzsRRN83nTSYxJ4,"point_of_interest, establishment",Pernem,15.6350543,73.8505712,,,"['adventure', 'historical']",0,1,0.65,0.6511988146551725,0.43839953606876997,0.5660791032206115,0.9084657038498933,0.6231155461584109
Nanuz Fort,"G46M+RX3, Birondem VP, Nanuz, Goa 403506, India",4.3,15.0,ChIJ1SRNWCihvzsRFgMn8LWWgpE,"point_of_interest, establishment",Sattari (Valpoi),15.5120017,74.1349164,,,"['adventure', 'historical']",2,3,0.825,0.8260506465517241,0.26811108434198544,0.6028748216678286,0.939998873130649,0.6413569621205663
maharaja dipaji rane's fort,"H284+PP8, Zariwada Vithallapur, Vithallapur, Sanquelim, Karapur, Goa 403505, India",4.1,30.0,ChIJ41L7g-CXvzsR18Ty6YoD0_0,"point_of_interest, establishment",Bicholim,15.5667848,74.0068242,,,"['adventure', 'historical']",2,3,0.7749999999999999,0.777155172413793,0.33206873620522215,0.5991205979303647,0.939998873130649,0.6373631022928831
Aguada fort photoshoot point,"FQRF+QJR, Aguada Fort Area, Candolim, Goa 403515, India",4.5,32.0,ChIJayK1XwDBvzsROqDbHKhn5u0,"tourist_attraction, point_of_interest, establishment",Bardez (Mapusa),15.4916926,73.7739531,,,"['adventure', 'historical']",0,1,0.875,0.8739942528735632,0.3020324719139157,0.6452095404897042,0.9084657038498933,0.710218930395982
Condy Fort,"6XGC+MPX, Sirlim, Devsua, Goa 403725, India",4.6,8.0,ChIJUdbhLgCzvzsRX99wRRZe8D0,"point_of_interest, establishment",Salcete (Margao),15.2265769,73.9720064,,,"['adventure', 'historical']",3,4,0.8999999999999999,0.8935344827586205,0.23502970652029748,0.6301325722632912,0.9195891177403319,0.685232741565809
Fort of Mormugao,"CQ6V+MMV, Headland Sada, Vasco Da Gama, Goa 403803, India",3.8,75.0,ChIJL1-OdB3HvzsR4MgQ9kp6Clg,"point_of_interest, establishment",Mormugao (Vasco),15.4117376,73.7941706,,,"['adventure', 'historical']",0,1,0.7,0.7018659255898366,0.3740938845326244,0.5707571091669517,0.9084657038498933,0.6282648940385959
Chandor fort,"7354+62V, Cotta Chandor Goa, Kantivaddo Ravora, Chandor, Guirdolim, Goa 403714, India",4.4,10.0,ChIJzdTxVOStvzsR9srFXvoRiYc,"point_of_interest, establishment",Sanguem,15.2581211,74.0550595,,,"['adventure', 'historical']",3,4,0.8500000000000001,0.849255485893417,0.2564947743828059,0.6121512012891726,0.9195891177403319,0.6656790402145975
Sinquerim Fort view Point,"FQX7+2XG, Below Taj holiday village Sinquerim, beach, Aguada Fort Area, Candolim, Goa 403515, India",4.6,308.0,ChIJTYvlxXfBvzsRoLIpck2UZqE,"tourist_attraction, point_of_interest, establishment",Bardez (Mapusa),15.4975629,73.7649449,,,"['adventure', 'beaches', 'historical']",0,1,0.8999999999999999,0.8998116839638434,0.49525282235089274,0.7379881393186631,0.9084657038498933,0.8123456242665179
Reis Magos Fort Reception,"FRW5+VVP, Reis Magos, Verem, Goa 403109, India",4.3,20.0,ChIJHRjEbADBvzsRXU5We58fXGY,"point_of_interest, establishment",Tiswadi (Panaji),15.4972469,73.8094017,,,"['adventure', 'historical']",0,1,0.825,0.8258004926108373,0.2629894606254811,0.6006760798166948,0.9084657038498933,0.6611984109814508
Vagator Hill View,"Chapora Fort Trail, Vagator, Goa 403509, India",4.6,320.0,ChIJNb7bl2jpvzsRQJxMZFXA3vo,"park, point_of_interest, establishment",Bardez (Mapusa),15.6009571,73.7342742,,,"['adventure', 'historical', 'nature']",0,1,0.8999999999999999,0.8998187238156622,0.49854393227551885,0.7393088071996049,0.9084657038498933,0.8137993587061836
"Cabo View Point, Panjim","FQ5X+V23, Raj Bhavan Rd, Dona Paula Jetty, Panaji, Goa 403004, India",4.5,848.0,ChIJAZNVij_BvzsRdAHEnNaGR6o,"tourist_attraction, point_of_interest, establishment",Tiswadi (Panaji),15.4596433,73.7975451,,,['beaches'],0,1,0.875,0.8749609073555095,0.5825598346256843,0.7580004782635794,0.9084657038498933,0.8343743468260025
Fort Aguda Beach Resort,"Umtta Vaddo, Calangute, Goa 403516, India",4.4,198.0,ChIJv6ZPU-LBvzsReAh985eXiYE,"lodging, point_of_interest, establishment",Bardez (Mapusa),15.5426013,73.762876,,,"['adventure', 'beaches', 'historical']",0,1,0.8500000000000001,0.8499588459539075,0.45724195149026314,0.6928720881684497,0.9084657038498933,0.7626838142950233
Aguada View Point,"FQVM+953, Aguada Fort Area, Candolim, Goa 403515, India",4.4,168.0,ChIJSUuhlzHBvzsRzFgI7YQUpCU,"tourist_attraction, point_of_interest, establishment",Tiswadi (Panaji),15.493377,73.782929,,,"['adventure', 'historical']",0,1,0.8500000000000001,0.8499515405019384,0.4431267378373404,0.6872216194360993,0.9084657038498933,0.7564640211774571
Aguada Fort Ticket Counter,"Aguada - Siolim Rd, Sinquerim, Candolim, Goa 403515, India",3.9,59.0,ChIJl8SPaG_BvzsRDH0yEL8QGcY,"tourist_attraction, point_of_interest, establishment",Bardez (Mapusa),15.4934619,73.7747728,,,"['adventure', 'historical']",0,1,0.725,0.7269468390804598,0.3536743413981303,0.5776378400075279,0.9084657038498933,0.6358389068069559
Fort Mormugao (Entrance),"CQ6V+49G, Headland Sada, Vasco Da Gama, Goa 403803, India",3.8,5.0,ChIJA0wbPQDHvzsRB1d7XDjetBI,"point_of_interest, establishment",Mormugao (Vasco),15.4103248,73.7934457,,,"['adventure', 'historical']",0,1,0.7,0.7236350574712644,0.15477430895048358,0.49609075806295205,0.9084657038498933,0.546075383980507
"Indian National Flag, Aguada Fort","FQVF+6JF, Fort Aguada Rd, Aguada Fort Area, Candolim, Goa 403515, India",4.6,10.0,ChIJWwq-JwDBvzsRBcwj98mY6D0,"point_of_interest, establishment",Bardez (Mapusa),15.4929398,73.774347,,,"['adventure', 'historical']",0,1,0.8999999999999999,0.8947100313479623,0.20713303886871293,0.6196792343562625,0.9084657038498933,0.68211626672332
Gaspar Dias Fort Cannon,"FRM5+8HX, Miramar Cir, Miramar, Panaji, Goa 403001, India",3.9,9.0,ChIJubGBBADBvzsRlm-GIwNxcew,"point_of_interest, establishment",Tiswadi (Panaji),15.4833578,73.8089759,,,"['adventure', 'historical']",0,1,0.725,0.7366810344827586,0.19890003244764673,0.5215686336687139,0.9084657038498933,0.5741203343818174
Chhatrapati Shivaji Maharaj Fort छत्रपती शिवाजीचो किल्लो,"CX7Q+3MV, Donshiwado, Bandoda, Bandiwada, Goa 403401, India",4.4,1652.0,ChIJnVBfyvC6vzsRA1Clf2FdZ5E,"tourist_attraction, point_of_interest, establishment",Ponda,15.4127367,73.9891712,,,"['adventure', 'historical']",3,4,0.8500000000000001,0.849995045580658,0.7926598498756486,0.8270609672986543,0.9195891177403319,0.8993809858591594
Kaurati's Caves,"Unnamed Road, Aguada Fort Area, Candolim, Goa 403515, India",4.5,1204.0,ChIJnRktZeLBvzsR0FO3uIXpDqk,"tourist_attraction, point_of_interest, establishment",Bardez (Mapusa),15.4942477,73.7666941,,,"['adventure', 'historical']",0,1,0.875,0.8749724567176993,0.6128084236013547,0.7701068434711614,0.9084657038498933,0.8477005133023788
Thivim Fort,"JVM2+X5H, Tivim, Goa 403502, India",3.5,2.0,ChIJ___v_K6UvzsR7WAqHJQDxnc,"point_of_interest, establishment",Pernem,15.6349283,73.8504981,,,"['adventure', 'historical']",0,1,0.625,0.6972701149425287,0.09489943304520278,0.4563218421835983,0.9084657038498933,0.5022994706897562
"Museum of Goa, MOG","79, Estate, Pilerne Industrial Estates, Pilern, Goa 403511, India",4.0,8746.0,ChIJsz_IVjXAvzsRKB-KUSodijs,"cafe, art_gallery, food, museum, point_of_interest, establishment",Tiswadi (Panaji),15.525516,73.795263,,,"['food', 'historical']",0,1,0.75,0.7500104962095379,0.7840359081699491,0.7636206609937024,0.9084657038498933,0.8405608024140405
Goa State Museum,"Patto Centre Building, Adilshaha Palace, Old Secretariat, Panaji instead of, Patto, Panaji, Goa 403001, India",3.8,799.0,ChIJC_YOKJvAvzsRxHcRKHiw_JQ,"museum, point_of_interest, establishment",Tiswadi (Panaji),15.5007546,73.829868,,,['historical'],0,1,0.7,0.7001772629310344,0.5774246926111358,0.651076234803075,0.9084657038498933,0.7166767353395357
AAA All About Alcohol Museum,"Main Road, Candolim, Goa 403515, India",4.6,2010.0,ChIJ2dIMYnfBvzsREa3ZA2AyWyw,"museum, point_of_interest, establishment",Bardez (Mapusa),15.5095841,73.7693015,,,['historical'],0,1,0.8999999999999999,0.899971064318661,0.6570487680296399,0.8028021458030525,0.9084657038498933,0.8836900968313277
Pilar Seminary Museum,"CVVW+22W, Fr. Agnel Church, Pilar, Goa Velha, Goa 403203, India",4.8,46.0,ChIJQc3I1bm5vzsRdyf8hmJ3THs,"museum, point_of_interest, establishment",Tiswadi (Panaji),15.4425841,73.8950171,,,"['historical', 'religious']",0,1,0.95,0.9476980924431401,0.33258031819905476,0.7016509827455059,0.9084657038498933,0.7723472441194548
BENZ WAX MUSEUM & FISH AQUARIUM,"Junction, Calangute - Arpora Rd, near Arpora, Arpora, Goa 403516, India",4.6,27315.0,ChIJaQVTa_LrvzsRHDEKtziA-JE,"museum, point_of_interest, establishment",Bardez (Mapusa),15.5609664,73.7636452,,,['historical'],0,1,0.8999999999999999,0.8999978697592922,0.8824035059461174,0.8929601242340223,0.9084657038498933,0.9829321244047391
Casa Araujo Alvares,"Loutolim, Goa 403718, India",4.2,230.0,ChIJQeTU91SwvzsR8j8HamK5f4U,"museum, point_of_interest, establishment",Salcete (Margao),15.3395692,73.9864543,,,['historical'],3,4,0.8,0.8001809971637559,0.5821570769136148,0.7129714290636995,0.9195891177403319,0.7753152090529893
Palácio do Deão,"Church, Opposite Holy Cross, Quepem, Goa 403705, India",4.4,730.0,ChIJ2ZYd-yitvzsRyJPT1dp816c,"tourist_attraction, restaurant, food, museum, point_of_interest, establishment",Quepem,15.2135835,74.0736286,,,"['food', 'historical', 'religious']",3,4,0.8500000000000001,0.8499887966413511,0.7053821790021451,0.7921461495856688,0.9195891177403319,0.861413140177405
Archaeological Survey of India,"GW36+79H, Old Goa, Goa 403402, India",4.4,11103.0,ChIJk8ZOOfO-vzsRKrPdHNmlgSE,"museum, point_of_interest, establishment",Salcete (Margao),15.5031845,73.9109878,,,['historical'],0,1,0.8500000000000001,0.8499992624590084,0.8046459944900222,0.8318579552714139,0.9084657038498933,0.9156734830452803
Ashvek Vintage World Car Museum,"12/B, Nuvem, Goa 403713, India",3.7,346.0,ChIJA44p4y2xvzsRYjVq3GXi4sk,"museum, tourist_attraction, point_of_interest, establishment",Salcete (Margao),15.3211336,73.9414845,,,['historical'],3,4,0.675,0.6754807214548345,0.6256825545067837,0.6555614546756141,0.9195891177403319,0.7128851810322614
The Figueiredo Mansion,"Loutolim, Goa 403718, India",4.5,587.0,ChIJl4dvbvewvzsRIpK7JrHcKrI,"museum, lodging, point_of_interest, establishment",Salcete (Margao),15.3464604,73.979126,,,['historical'],3,4,0.875,0.8749435550082102,0.6820969866182924,0.7978049276522431,0.9195891177403319,0.8675667341656412
Ulta Pulta Museum,"UMIA QUATRO B, 5, Airport Rd, Green Valley, Dabolim, Ijorshi, Goa 403711, India",4.0,1120.0,ChIJG72jTQC5vzsR2st1JNppuI8,"museum, point_of_interest, establishment",Mormugao (Vasco),15.3870509,73.8452905,,,['historical'],3,4,0.75,0.7500819003968131,0.7511171479375627,0.750495999413113,0.9195891177403319,0.8161210098454357
Kerkar Art Complex,"GQM6+7JM, Holiday St, Gauravaddo, Calangute, Goa 403516, India",3.5,39.0,ChIJJ9made_BvzsRIjH1r4LkwGs,"tourist_attraction, museum, point_of_interest, establishment",Bardez (Mapusa),15.5331651,73.761561,,,['historical'],0,1,0.625,0.6304202586206896,0.31864978425820834,0.5057120688756971,0.9084657038498933,0.5566661093892614
Charavane Waterfall,"J4RH+G97, Choraundem, Goa 403506, India",4.3,197.0,ChIJf9lMjrWevzsRQTaSG8jAYZ8,"tourist_attraction, point_of_interest, establishment",Sattari (Valpoi),15.6412818,74.1284271,,,['nature'],2,3,0.825,0.8250849007314525,0.5113787690603123,0.6996024480629963,0.939998873130649,0.7442588156866435
Mogacho Waterfall,"MQMJ+HGH, Parse, Goa 403512, India",3.8,184.0,ChIJr7iHw8PtvzsRBukm7_S2rrE,"tourist_attraction, point_of_interest, establishment",Pernem,15.6839395,73.7813684,,,['nature'],0,1,0.7,0.7007665424044734,0.4509405303437467,0.6008361375801827,0.9084657038498933,0.6613745956880497
Sanvordem Waterfall,"G5HX+98Q, Unnamed Road, Valpoy, Goa 403506, India",4.6,226.0,ChIJ8XYOdVGhvzsRnf64_pJO3Hg,"tourist_attraction, point_of_interest, establishment",Sattari (Valpoi),15.5284625,74.1983594,,,['nature'],2,3,0.8999999999999999,0.8997436579067294,0.5245961003956733,0.749684634902307,0.939998873130649,0.7975378017268213
Shiva Waterfall,"3WRF+XJH, Canacona, Gonval, Goa, India",4.2,412.0,ChIJU0z4aBVJvjsRSZCNCzEbJ-U,"tourist_attraction, point_of_interest, establishment",Canacona,15.0924458,73.9241239,,,['nature'],1,2,0.8,0.8001012357017617,0.5863191624686466,0.7145884064085157,0.9399987939967839,0.7602014076743173
Mainapi Waterfall Netravali,"3794+VGF, Neturlim, Netravli, Goa 403704, India",4.7,401.0,ChIJU3FMEfr5vjsRjKsNl2jWNx0,"tourist_attraction, zoo, park, point_of_interest, establishment",Sanguem,15.0696893,74.2563011,,,['nature'],1,2,0.925,0.9247930605592726,0.5836914345351084,0.7883524101496069,0.9399987939967839,0.8386738527584794
Sonshe waterfall,"G392+XQ8, Sonus-Vonvoliem, Goa 403530, India",3.9,77.0,ChIJk8EvpZWjvzsRC6z-wCIfnFg,"park, point_of_interest, establishment",Bicholim,15.5199185,74.0519628,,,['nature'],2,3,0.725,0.7264975685234306,0.4212965011061697,0.6044171415565263,0.939998873130649,0.6429977299265541
Blue Waterfall,"Aki waterfall, Rivona, Goa 403705, India",4.0,102.0,ChIJuaO9M-9TvjsRGDUSPRk93AM,"park, point_of_interest, establishment",Canacona,15.137164,74.117323,,,['nature'],1,2,0.75,0.7508913625711416,0.45114203729829605,0.6309916324620034,0.9399987939967839,0.6712685553340851
Padi Waterfall,"32QH+MCR, Khede, Goa 403703, India",3.8,242.0,ChIJ7RTi_T5PvjsR9iI0nYgw074,"park, point_of_interest, establishment",Canacona,15.0892446,74.0285175,,,['nature'],1,2,0.7,0.7005835816659571,0.5346916587457193,0.6342268124978621,0.9399987939967839,0.6747102406389173
Chimbel Waterfall,"FVHF+H9M, Tiswadi, Mersi Tem, Goa 403006, India",3.7,148.0,ChIJk81BkDu_vzsR4AgJhOdyo_M,"park, point_of_interest, establishment",Salcete (Margao),15.478956,73.87342,,,['nature'],0,1,0.675,0.6761195325156214,0.4322468193019816,0.5785704472301655,0.9084657038498933,0.6368654807532098
Surla Falls Top Viewpoint,"M5GP+2CV Waterfalls, Surla, Goa 403506, India",4.6,113.0,ChIJbx14DROdvzsRv_-dx1ZPSxk,"tourist_attraction, point_of_interest, establishment",Sattari (Valpoi),15.6751174,74.1860581,,,['nature'],2,3,0.8999999999999999,0.8994895644283121,0.4579933877218083,0.7228910937457106,0.939998873130649,0.7690340003686761
Shirent waterfall,"FVQJ+2RG, Chimbel, Goa 403006, India",4.3,50.0,ChIJ7Rg8SlC_vzsRgXxblEGUL4M,"tourist_attraction, point_of_interest, establishment",Tiswadi (Panaji),15.4875596,73.8820656,,,['nature'],0,1,0.825,0.8253296146044624,0.3396357634325134,0.6310520741356828,0.9084657038498933,0.6946349999360594
Aqua-falls,"8XV3+9X, Verna, Lotli, Goa 403722, India",3.9,96.0,ChIJEUBoDuOxvzsR1dklgr6Zmis,"tourist_attraction, park, point_of_interest, establishment",Dharbandora,15.3434811,73.9549965,,,['nature'],3,4,0.725,0.7262042303590472,0.48934141269998493,0.6314591032954223,0.9195891177403319,0.6866752673705845
Dudhsagar Waterfall Trip - Goa,"Dudhsagar falls, Kolem, Goa 403410, India",4.4,256.0,ChIJo-qKFB7qvzsRoiU9cAzy4Qw,"tourist_attraction, point_of_interest, establishment",Sanguem,15.3379486,74.2462197,,,['nature'],2,3,0.8500000000000001,0.8499681336374615,0.5365991696797973,0.7246205480543958,0.939998873130649,0.7708738475835193
Bramha Karmali Waterfall,"H5M6+24G, Bramha Karmali-Shelphem Rd, Naneli, Goa 403506, India",4.3,77.0,ChIJdemn4FefvzsRY74B0IIJyaQ,"tourist_attraction, point_of_interest, establishment",Sattari (Valpoi),15.582559,74.1603253,,,['nature'],2,3,0.825,0.8252155172413793,0.4212965011061697,0.6636479107872955,0.939998873130649,0.7060092620930791
Bhupar waterfall,"342J+242, Gaundongren, Goa 403702, India",4.5,45.0,ChIJk_ptmkdXvjsRUtzKIBsmquc,"tourist_attraction, point_of_interest, establishment",Sanguem,15.0505185,74.1302594,,,['nature'],1,2,0.875,0.8742784857571214,0.37267790286837443,0.6736382526016226,0.9399987939967839,0.7166373583708314
Kalasa Waterfalls- (Kanakumbhi),"M5HQ+VQG, Huland, Surla, Goa 403506, India",4.6,79.0,ChIJ6a8yqP-dvzsRjqV4h82y6eM,"tourist_attraction, point_of_interest, establishment",Sattari (Valpoi),15.6796863,74.1894387,,,['nature'],2,3,0.8999999999999999,0.8992726293103448,0.4237447491630782,0.7090614772514382,0.939998873130649,0.7543216247588914
King's Waterfall,"Azossim, Dongrim, Goa 403104, India",3.9,132.0,ChIJbRyyzMG5vzsRheaJLGdVzfE,"tourist_attraction, point_of_interest, establishment",Salcete (Margao),15.4634347,73.9212858,,,['nature'],0,1,0.725,0.7258782732693803,0.4224341603023411,0.6045006280825647,0.9084657038498933,0.6654083093294701
Dabem waterfall,"H35W+666, Dabem, Jarma, Goa 403506, India",4.4,7.0,ChIJWcmgpTWjvzsRWrbvqgRLIx0,"tourist_attraction, point_of_interest, establishment",Sattari (Valpoi),15.5580357,74.0955158,,,['nature'],2,3,0.8500000000000001,0.8489762931034484,0.20108331325648907,0.5898191011646646,0.939998873130649,0.627467881105307
Siddhanath waterfall,"928R+36H, Talewada, Kajorde, Goa 403103, India",4.0,107.0,ChIJHb7IxgevvzsR4JAbcxpcYWE,"tourist_attraction, point_of_interest, establishment",Sanguem,15.3651752,74.0406066,,,['nature'],3,4,0.75,0.7508500957854406,0.5008317945972695,0.6508427753101721,0.9195891177403319,0.7077538900302137
Sirsaim waterfall,"JVHP+HF, Sirsai, Assonora, Goa 403502, India",4.1,59.0,ChIJ88V6vP2VvzsRzJQv4s4QyoA,"tourist_attraction, point_of_interest, establishment",Pernem,15.6289375,73.8861875,,,['nature'],0,1,0.7749999999999999,0.7761135057471263,0.3536743413981303,0.6071378400075279,0.9084657038498933,0.6683112388663666
Dudhsagara Waterfall Camp Site,"Sonauli, Goa 403410, India",4.6,573.0,ChIJaxzmhv8DvzsRKsGgRYDJeIs,"park, tourist_attraction, point_of_interest, establishment",Sanguem,15.3126988,74.3143903,,,['nature'],2,3,0.8999999999999999,0.8998986242941247,0.6143032835010981,0.785660487976914,0.939998873130649,0.8358100317293852
Harvallem Waterfall,"Harvallem Waterfall, Rudreshwar Colony, Kudne, Goa 403505",4.3,56.0,ChIJJcZtVEy9vzsRxTAJR5Vyj8s,"natural_feature, establishment",Sattari (Valpoi),15.5505562,74.0267991,,,['nature'],2,3,0.825,0.8252949183303085,0.39096561663631196,0.6515631976527099,0.939998873130649,0.6931531688784802
Dragon Waterfall Ambaulim,"Ambavali, Talewada, Goa 403705, India",3.8,100.0,ChIJ7YL7gEutvzsRKDVO4piFCOY,"park, point_of_interest, establishment",Sanguem,15.2107335,74.0429012,,,['nature'],3,4,0.7,0.7014040628200751,0.49366388480144213,0.618307991612622,0.9195891177403319,0.6723741937398786
Perkon Waterfall,"MVX8+6C8, Unnamed Road, Ozorim, Goa 403512, India",3.9,102.0,ChIJ_R9Y1aaTvzsRk5iw6Lxewp4,"tourist_attraction, point_of_interest, establishment",Bicholim,15.6980273,73.8660752,,,['nature'],0,1,0.725,0.7261340810177436,0.4003533893056899,0.5958218043329221,0.9084657038498933,0.6558550331707077
Dhabdabha Waterfall Bicholim,"Katarwada, Dicholi, Bhatwadi, Goa 403504, India",4.0,71.0,ChIJUTThNtSXvzsRRztdY-sATAs,"tourist_attraction, point_of_interest, establishment",Bicholim,15.5751965,73.9390095,,,['nature'],0,1,0.75,0.751275143678161,0.369423493806248,0.5985344837293958,0.9084657038498933,0.6588410340565726
Satrem Waterfall,"J69F+V9M, Satre, Goa 403506, India",4.5,56.0,ChIJ27uqrn51vzsR9IHdShl_0GM,"tourist_attraction, point_of_interest, establishment",Sattari (Valpoi),15.619711,74.223431,,,['nature'],2,3,0.875,0.8744177253478524,0.39096561663631196,0.6810368818632363,0.939998873130649,0.7245081896694785
Udear Springs,"8WXW+5F5, Verna, Lotli, Goa 403722, India",4.1,632.0,ChIJWzNaI8-wvzsRoxK7KxZeyjI,"park, point_of_interest, establishment",Dharbandora,15.3478875,73.9462344,,,['nature'],3,4,0.7749999999999999,0.7751055455684479,0.6899850774800516,0.7410573583330893,0.9195891177403319,0.8058570333607891
Aai Waterfall,"342J+63C, Gaundongren, Goa 403702, India",4.6,19.0,ChIJwRihDD5XvjsRz2DsLdu_FIE,"tourist_attraction, point_of_interest, establishment",Sanguem,15.0505657,74.1301421,,,['nature'],1,2,0.8999999999999999,0.8970905172413792,0.29160297495790516,0.6548955003279896,0.9399987939967839,0.6966982346258523
Nadal Waterfall,"Maina, Quepem, Padi, Goa 403703, India",4.0,10.0,ChIJfaj4pQNRvjsRpfqbdqAZXzI,"park, point_of_interest, establishment",Canacona,15.0978161,74.064417,,,['nature'],1,2,0.75,0.758346394984326,0.23340984151296204,0.5483717735957804,0.9399987939967839,0.5833749756892311
Ozari waterfall,"MVQF+HMC, Ozorim, Goa 403512, India",4.0,65.0,ChIJO3_r4raTvzsRvJdgYaZ4mg8,"tourist_attraction, point_of_interest, establishment",Pernem,15.6889453,73.8741547,,,['nature'],0,1,0.75,0.751391065830721,0.3619073478191965,0.5955975786261112,0.9084657038498933,0.6556082151501036
Rancol Waterfall,"8382+5J9, Shiroda, Goa 403103, India",4.3,4.0,ChIJuZnAZUKvvzsR0r2bB2UyGqM,"tourist_attraction, point_of_interest, establishment",Dharbandora,15.3154197,74.0516016,,,['nature'],3,4,0.825,0.8283620689655173,0.17215614831717066,0.5658797007061787,0.9195891177403319,0.6153614584921266
Keri Karmale waterfall,"F244+P2M, Keri, Goa 403404, India",4.8,5.0,ChIJJxvS8ru7vzsRk8yTEK6BlDc,"tourist_attraction, point_of_interest, establishment",Ponda,15.4568345,74.00504,,,['nature'],3,4,0.95,0.9319683908045977,0.19165847066856034,0.6358444227501827,0.9195891177403319,0.6914440487427872
Bharsa Waterfall,"3566+62Q, Unnamed Road, Gaundongren, Goa 403704, India",4.4,10.0,ChIJrQVFRDdXvjsRmCeuMjk2IGg,"tourist_attraction, point_of_interest, establishment",Sanguem,15.0605999,74.1601111,,,['nature'],1,2,0.8500000000000001,0.849255485893417,0.23340984151296204,0.602917228141235,0.9399987939967839,0.6414021294407085
Savri Waterfall Parking,"368M+2M, Neturlim, Netravli, Goa 403704, India",4.4,54.0,ChIJjxWfjs35vjsRqyfLAyrfN1I,"tourist_attraction, point_of_interest, establishment",Sanguem,15.0666853,74.2341689,,,['nature'],1,2,0.8500000000000001,0.8498510971786835,0.39007166587520703,0.6659393246572929,0.9399987939967839,0.7084469989858001
Seasonal falls,"G2GW+JRG, Sonus-Vonvoliem, Goa 403530, India",4.1,7.0,ChIJO7kJCPCjvzsR33KNlwsyras,"tourist_attraction, point_of_interest, establishment",Bicholim,15.5265711,74.0470845,,,['nature'],2,3,0.7749999999999999,0.7833512931034481,0.20108331325648907,0.5504441011646645,0.939998873130649,0.5855795330173328
GEC goa waterfall,"CX9G+W6, Bandiwada, Goa 403401, India",4.4,31.0,ChIJDYdenSi7vzsRGqVhGDsb5xA,"tourist_attraction, point_of_interest, establishment",Dharbandora,15.4198193,73.9755325,,,['nature'],3,4,0.8500000000000001,0.8497440732758621,0.3707180870420581,0.6581336787823405,0.9195891177403319,0.7156823260365945
Caranzol Talyar Waterfall,"Unnamed Road, Caranzol, Satari, Goa 403506, India",4.3,11.0,ChIJMZ2KAYihvzsRUm2PQzM-l6E,"tourist_attraction, point_of_interest, establishment",Sattari (Valpoi),15.4990625,74.2160625,,,['nature'],2,3,0.825,0.8264008620689655,0.24029204584842626,0.5919573355807497,0.939998873130649,0.6297426012961554
Dr.Sophia Waterfall,"Old Goa, Baingini, Goa 403402, India",3.5,32.0,ChIJHbPbiNy_vzsRVGBXJbg_6lU,"park, point_of_interest, establishment",Tiswadi (Panaji),15.4888494,73.9013952,,,"['historical', 'nature']",0,1,0.625,0.6315700104493208,0.3020324719139157,0.49975499503515874,0.9084657038498933,0.5501088185468075
Tiger Waterfall,"75FM+96, Dudal, Goa 403704, India",3.9,8.0,ChIJ-2LnZACrvzsRL-L7iYn3oAU,"tourist_attraction, point_of_interest, establishment",Sanguem,15.2734367,74.1831127,,,['nature'],3,4,0.725,0.737978927203065,0.23502970652029748,0.5367992389299581,0.9195891177403319,0.5837381375815022
Vaiginim Waterfall and village,"H6QJ+32C, Nanode, Vayangani, Goa 403506, India",4.6,7.0,ChIJI4RwsfF1vzsRIlEsBYBz_hA,"tourist_attraction, point_of_interest, establishment",Sattari (Valpoi),15.5876926,74.2300051,,,['nature'],2,3,0.8999999999999999,0.8927262931034481,0.20108331325648907,0.6160691011646644,0.939998873130649,0.6553934464972895
Gavcho Waterfall,"F62M+F8J, Surla, Goa 403406, India",5.0,3.0,ChIJ1VJ49kYJvzsRmPfnQVJNPpM,"tourist_attraction, point_of_interest, establishment",Dharbandora,15.4512087,74.2332505,,,['nature'],2,3,1.0,0.9604525862068966,0.13405554217099272,0.629893768592535,0.939998873130649,0.6701005571365052
Cunchelim Waterfall,"JR7C+Q7, Mapusa, Goa 403526, India",3.3,19.0,ChIJ1_HG70LrvzsR9_yqsEpZaw4,"tourist_attraction, point_of_interest, establishment",Bardez (Mapusa),15.6141969,73.8206561,,,['nature'],0,1,0.575,0.5883405172413793,0.25877490835292755,0.45651427368599856,0.9084657038498933,0.502511291016693
Verna Waterfalls,"STPI Building, Verna Industrial Estate, Verna, Nagve, Goa 403722, India",3.7,91.0,ChIJOyOe_Mq3vzsR67IrNf9TJ18,"park, point_of_interest, establishment",Salcete (Margao),15.3650513,73.9304433,,,['nature'],3,4,0.675,0.676813155922039,0.4836804818099605,0.5995600862772075,0.9195891177403319,0.6519869305875232
Chal Waterfall,"3454+8RC Chall Gaondongrim, Canacona, Vaul, Goa 403702, India",3.4,5.0,ChIJaUjBrFZRvjsR3C_EFiB_hUM,"tourist_attraction, point_of_interest, establishment",Sanguem,15.0583155,74.1070181,,,['nature'],1,2,0.6,0.640301724137931,0.17440890704697395,0.4539445973015482,0.9399987939967839,0.48292040394160474
Avali waterfall,"25P8+XX, Gaundongren, Goa 403702, India",4.9,8.0,ChIJd7bCNWpXvjsRwLVIgem8sbI,"tourist_attraction, point_of_interest, establishment",Sanguem,15.037483,74.167388,,,['nature'],1,2,0.9750000000000001,0.9602011494252873,0.21387666349828777,0.6616713550544875,0.9399987939967839,0.7039065999660754
Kalasa Waterfalls,"M5HQ+JW, Surla, Goa 403506, India",4.6,5.0,ChIJl8NnUwWdvzsRe0t2Xrkrti8,"tourist_attraction, point_of_interest, establishment",Sattari (Valpoi),15.6790625,74.1898125,,,['nature'],2,3,0.8999999999999999,0.890301724137931,0.17326427476292988,0.6034867443879305,0.939998873130649,0.6420079445180917
Netravali Wildlife Sanctuary,"36MJ+FR7, Unnamed Road, Neturlim, Netravli, Goa 403704, India",4.5,664.0,ChIJrV85rh75vjsRUHVODTEwKkY,"park, point_of_interest, establishment",Ponda,15.0836711,74.2320539,,,['nature'],1,2,0.875,0.8749500907441017,0.6326857891741862,0.7780443701161355,0.9399987939967839,0.8277078386536711
Cotigao Wildlife Sanctuary Office,"X4M5+VCR, Hatipal,Partgal, Poingunin, Canacona, Goa 403702, India",4.2,326.0,ChIJ_____8NavjsRWcgl0iw89vk,"park, point_of_interest, establishment",Sanguem,14.984734,74.1085117,,,['nature'],1,2,0.8,0.8001278603817358,0.5635916218635989,0.705513364974481,0.9399987939967839,0.7505470958900984
Madei Wildlife Sanctuary,"H5WQ+M5W, Nagargaon, Kodal, Goa 403506, India",4.6,93.0,ChIJ8XnJ49SfvzsRjmqYVVklMY4,"zoo, park, point_of_interest, establishment",Sattari (Valpoi),15.5967304,74.1879633,,,['nature'],2,3,0.8999999999999999,0.8993809611151871,0.43933948110979515,0.7153643691130303,0.939998873130649,0.7610268369051575
Banastari Wetlands,"FXR3+2W5, Corlim, Goa 403110, India",4.5,55.0,ChIJbRhRSBO9vzsRqw0iLXI2QQ8,"tourist_attraction, park, point_of_interest, establishment",Sattari (Valpoi),15.4900225,73.9548583,,,['nature'],0,1,0.875,0.8744073275862069,0.3477146552961208,0.6637302586701724,0.9084657038498933,0.7306057409293695
Merces Bird Sanctuary,"FRRW+C54, Neugi Nagar, Mersi Tem, Goa 403005, India",4.1,573.0,ChIJLVUWB0m_vzsRIydp_djEClc,"park, point_of_interest, establishment",Tiswadi (Panaji),15.4910213,73.8454662,,,['nature'],0,1,0.7749999999999999,0.7751163943289678,0.5487476649181554,0.6845689025646429,0.9084657038498933,0.7535440244618798
Migratory Birds Area,"GVH5+F34, Salvador du Mundu, Goa 403101, India",4.4,166.0,ChIJ6UsCPJO_vzsRqu260Ym9L1o,"park, point_of_interest, establishment",Sattari (Valpoi),15.528638,73.857701,,,['nature'],0,1,0.8500000000000001,0.8499509601486682,0.44209837823317316,0.6868099273824702,0.9084657038498933,0.7560108482597736
Carambolim Lake Migratory Bird Sanctuary,"FWPH+F6V, Lake Road, Karmali, Corlim, Goa 403110, India",4.1,374.0,ChIJR4WZsaO-vzsRnO5GtG8Fh7Y,"tourist_attraction, park, point_of_interest, establishment",Bicholim,15.4862398,73.928046,,,['nature'],0,1,0.7749999999999999,0.7751781609195402,0.5119749026723005,0.6698968576206443,0.9084657038498933,0.7373936680072317
Dr. Salim Ali Bird Sanctuary,"GV7C+657, Ilhas, Madel, Ribandar, Goa 403102, India",3.8,3949.0,ChIJYU0mP3W_vzsReXl288rhJ9M,"tourist_attraction, park, point_of_interest, establishment",Tiswadi (Panaji),15.5130468,73.8704154,,,['nature'],0,1,0.7,0.7000359013531209,0.7153632790212149,0.7061668524203585,0.9084657038498933,0.7773181193607713
Palolem Beach,"Palolem Beach, Goa, India",4.6,28949.0,ChIJuwJb0FFFvjsR9bsPS33GGx4,"natural_feature, establishment",Canacona,15.0099648,74.0232186,,,['beaches'],1,2,0.8999999999999999,0.8999979899946399,1.0,0.9399987939967839,0.9399987939967839,1.0
"Sernabatim Beach, Colva","7W78+GQP, Colva, Benaulim, Goa 403708, India",4.5,2513.0,ChIJLVsgjRS0vzsRQl0jQVGvgJI,"tourist_attraction, point_of_interest, establishment",Salcete (Margao),15.2638375,73.9169531,,,['beaches'],3,4,0.875,0.8749867980687461,0.8375091702074955,0.8599957469242459,0.9195891177403319,0.9351956545956933
Ozran Beach,"Ozran Beach, Anjuna, Goa, India",4.5,2262.0,ChIJuyzTNnfpvzsRbeKRVdrY7wo,"natural_feature, establishment",Bardez (Mapusa),15.593719,73.7344677,,,['beaches'],0,1,0.875,0.8749853337803039,0.6672468666332148,0.7918899469214682,0.9084657038498933,0.8716784173201028
Mandrem Beach,"MP95+VR7, Near Chopdem, Mandrem, Goa 403527, India",4.6,6875.0,ChIJ0YVAXejuvzsRwE5XWdcQbO4,"tourist_attraction, point_of_interest, establishment",Bardez (Mapusa),15.6696522,73.7095472,,,['beaches'],0,1,0.8999999999999999,0.8999915372810975,0.7632462286607051,0.8452934138329404,0.9084657038498933,0.9304626583598681
Pebbles Beach,"3WPC+MVG, Kola, Canaguinim, Goa 403703, India",4.5,572.0,ChIJnTm8NW1JvjsRxn2viLfxvko,"tourist_attraction, park, point_of_interest, establishment",Canacona,15.0866772,73.9222132,,,"['beaches', 'nature']",1,2,0.875,0.874942077390624,0.6181918140550784,0.7722419720564058,0.9399987939967839,0.8215350668407857
Calangute Beach,"Calangute Beach, Goa, India",4.4,29353.0,ChIJK-30SAHqvzsRF30lXa0vWcs,"natural_feature, establishment",Bardez (Mapusa),15.549441,73.7534857,,,['beaches'],0,1,0.8500000000000001,0.8499997210037756,0.8886191689255617,0.8654475001724901,0.9084657038498933,0.9526474103589152
Morjim Beach,"JPHH+36R, Morjim, Goa 403512, India",4.6,8145.0,ChIJL0YJ38ruvzsRmbkATYIiC40,"point_of_interest, establishment",Pernem,15.6277403,73.7280048,,,['beaches'],0,1,0.8999999999999999,0.8999928566590752,0.7778869692046132,0.8511505016772904,0.9084657038498933,0.9369098889152198
Colva Beach,"Colva Beach, Goa, India",4.3,11483.0,ChIJo3Ithhi0vzsRNQmtLCAb3rU,"natural_feature, establishment",Salcete (Margao),15.2805316,73.9119945,,,['beaches'],3,4,0.825,0.8250014638057147,1.0,0.8950008782834289,0.9195891177403319,0.9732617111462534
Majorda Beach,"Majorda Beach, Goa, India",4.5,6217.0,ChIJg8LF7u22vzsR2c7E-5SsnVs,"natural_feature, establishment",Salcete (Margao),15.3111553,73.9018114,,,['beaches'],3,4,0.875,0.8749946623262831,0.9343752830159637,0.8987469106021554,0.9195891177403319,0.9773353047180559
Querim Beach,"Querim Beach, Goa, India",4.6,1494.0,ChIJ4-pZ_tDvvzsRA_whdNQx120,"natural_feature, establishment",Bardez (Mapusa),15.7192093,73.6900414,,,['beaches'],0,1,0.8999999999999999,0.8999610771537306,0.631436236229799,0.7925511407841581,0.9084657038498933,0.872406231105354
Butterfly Beach,"Butterfly Beach, Devalkajjan, Goa 403702, India",4.5,5209.0,ChIJ8YfoFopPvjsRJzVErf5JQok,"natural_feature, establishment",Canacona,15.0196019,74.001647,,,"['beaches', 'nature']",1,2,0.875,0.8749936296247269,0.8330637580702126,0.8582216810029212,0.9399987939967839,0.9130029596674754
Arambol Beach,"Arambol Beach, Goa, India",4.6,12992.0,ChIJU2YT71LuvzsRFgfxISbKed0,"natural_feature, establishment",Bardez (Mapusa),15.6846886,73.7032836,,,['beaches'],0,1,0.8999999999999999,0.899995521461158,0.818216940787797,0.8672840891918137,0.9084657038498933,0.9546690486128862
Galgibaga Beach,"Galgibaga Beach, Goa, India",4.7,1386.0,ChIJn2moOTxbvjsRKbW2KRy9wZ4,"natural_feature, establishment",Canacona,14.9600472,74.0495654,,,['beaches'],1,2,0.925,0.9249400218780299,0.7042411371357918,0.8366604679811347,0.9399987939967839,0.8900654695776101
Baga beach,"Baga beach, Calangute - Mapusa Rd, Nagva, Saligao, Goa 403516, India",4.2,103.0,ChIJtVyLxm_qvzsRKbczJzzDfGY,"natural_feature, establishment",Bardez (Mapusa),15.5592353,73.7810841,,,['beaches'],0,1,0.8,0.8004020225464191,0.4011879966345126,0.6407164121816564,0.9084657038498933,0.7052730878737967
Vagator Beach,"Vagator Beach, Anjuna, Goa, India",4.4,12983.0,ChIJrwFB_W7pvzsRAxuEMqa-5x8,"natural_feature, establishment",Bardez (Mapusa),15.6029835,73.733627,,,['beaches'],0,1,0.8500000000000001,0.8499993692502179,0.8181570854765612,0.8372624557407552,0.9084657038498933,0.9216225248708969
Canaguinim Beach,"Canaguinim Beach, Canaguinim, Goa, India",4.5,338.0,ChIJHVpLy3RMvjsRguxvHH40oYs,"natural_feature, establishment",Salcete (Margao),15.1269262,73.9402071,,,['beaches'],1,2,0.875,0.8749020954124708,0.5670997299774545,0.7517811492384643,0.9399987939967839,0.7997682061292479
Kakolem Beach,"Kakolem Beach, Goa 403702, India",4.7,1036.0,ChIJW-Ysb8NOvjsRaPP6mUZFoXc,"natural_feature, establishment",Pernem,15.073137,73.9546265,,,['beaches'],1,2,0.925,0.9249197785388887,0.6759337295133527,0.8253253589286743,0.9399987939967839,0.878006827455034
Kalacha Beach,"Kalacha Beach, Goa, India",4.5,190.0,ChIJ20Jku7XvvzsRPk38pE7DnSw,"natural_feature, establishment",Pernem,15.6977812,73.6971985,,,['beaches'],0,1,0.875,0.8748262321718723,0.45369761075973786,0.7063747836070186,0.9084657038498933,0.7775470010739487
Sernabatim Beach,"Sernabatim Beach, Goa, India",4.5,547.0,ChIJDTRXTxS0vzsR1ETHp5kr9GQ,"natural_feature, establishment",Salcete (Margao),15.2667239,73.9150395,,,['beaches'],3,4,0.875,0.8749394349358167,0.6745610099284796,0.7947880649328819,0.9195891177403319,0.8642860703766064
Hollant Beach,"Hollant Beach, Dabolim, Goa 403806, India",4.2,788.0,ChIJZQCkofW3vzsRynAlDHSbosk,"natural_feature, establishment",Mormugao (Vasco),15.3698695,73.8619695,,,['beaches'],3,4,0.8,0.800052991565054,0.7135493871794522,0.7654515498108133,0.9195891177403319,0.8323843062559565
Polem Beach,"Polem Beach, Goa, India",4.5,821.0,ChIJzY0CZ15cvjsRF1OibJhH4VE,"natural_feature, establishment",Canacona,14.9083424,74.0818743,,,['beaches'],1,2,0.875,0.8749596232905444,0.653317215166776,0.786302660041037,0.9399987939967839,0.836493264738941
Morjim Beach Goa,"Tem, Morjim, Goa 403512, India",4.6,1446.0,ChIJr4aj2XbpvzsR0tYp5LuuRh8,"point_of_interest, establishment",Pernem,15.6173203,73.7335798,,,['beaches'],0,1,0.8999999999999999,0.8999597860019541,0.6286172933893429,0.7914227889569097,0.9084657038498933,0.8711641899116505
Coco Beach,"FQXQ+XF2 Mainavaddo, Nerul - Reis Margos Rd, Goa 403114, India",4.0,6305.0,ChIJR_pxNAfBvzsRhAqjag8OtdY,"point_of_interest, establishment",Tiswadi (Panaji),15.4998804,73.7886544,,,['beaches'],0,1,0.75,0.7500145592046984,0.7557711872123984,0.7523172104077784,0.9084657038498933,0.8281184498430824
Aguada Rocky Beach,"Aguada Rocky Beach, Unnamed Rd, Aguada Fort Area, Candolim, Goa 403515, India",4.5,626.0,ChIJFWX6VHLBvzsRrtY68GrdDNA,"natural_feature, establishment",Bardez (Mapusa),15.4916426,73.7681518,,,"['adventure', 'beaches', 'historical']",0,1,0.875,0.8749470659407138,0.5563766046359785,0.7475188814188197,0.9084657038498933,0.822836655529192
Vagator Beach Sunset Point,"JP2M+CFM, Vagator Beach Rd, Vagator, Goa 403509, India",4.5,5524.0,ChIJww0daCnpvzsR09UMQ9s7oFk,"tourist_attraction, point_of_interest, establishment",Bardez (Mapusa),15.601075,73.733682,,,['beaches'],0,1,0.875,0.8749939928225933,0.7443500123907126,0.822736400649841,0.9084657038498933,0.9056328677717288
MORJIM BEACH NORTH GOA,"943, Morjim Beach Road, Morjim, Goa 403512, India",4.7,23.0,ChIJXxFhXA_pvzsRvAtB8uO7J_8,"tourist_attraction, point_of_interest, establishment",Pernem,15.6278365,73.7281319,,,['beaches'],0,1,0.925,0.9215337643678162,0.27452406076104524,0.6627298829251078,0.9084657038498933,0.7295045703063892
Trinity Beach,"Trinity Beach, Benaulim, Goa 403716, India",4.4,1157.0,ChIJwZH0d2W0vzsRQLIaNRHudPU,"natural_feature, establishment",Salcete (Margao),15.2497911,73.9213693,,,['beaches'],3,4,0.8500000000000001,0.8499929277589185,0.7545907004295672,0.8118320368271781,0.9195891177403319,0.882820404423727
Seashells beach,"Siridao, Goa 403108, India",4.3,742.0,ChIJhaMrnGi5vzsROP4xHUOrXxk,"tourist_attraction, point_of_interest, establishment",Tiswadi (Panaji),15.4357505,73.8605905,,,['beaches'],0,1,0.825,0.825022624959391,0.5710397682138092,0.7234294822611582,0.9084657038498933,0.796320080323793
Nuem Beach,"4W7P+2C9, Canaguinim, Goa, India",4.3,593.0,ChIJG1f1hPhLvjsR25vn_7pOw6M,"tourist_attraction, point_of_interest, establishment",Salcete (Margao),15.1125435,73.9361214,,,['beaches'],1,2,0.825,0.8250283002438175,0.6216954120582238,0.74369514496958,0.9399987939967839,0.791166062891911
Francoise beach,"GQ67+JV3, Candolim, Goa 403515, India",4.5,220.0,ChIJQfjVvdbBvzsRMto7GRPLuBA,"tourist_attraction, point_of_interest, establishment",Bardez (Mapusa),15.5114419,73.7646301,,,['beaches'],0,1,0.875,0.8748498205648307,0.46629969930598075,0.7114297720612908,0.9084657038498933,0.7831113150957661
South Goa Beach,"7WJ7+22, Fatona, Colva, Goa 403708, India",4.5,110.0,ChIJQe7CZFC1vzsRneBmVt-Em5k,"tourist_attraction, point_of_interest, establishment",Salcete (Margao),15.2796582,73.912281,,,['beaches'],3,4,0.875,0.8747009940975459,0.5037625705083038,0.726325624661849,0.9195891177403319,0.7898371247004519
Miramar Beach,"Miramar Cir, Miramar, Panaji, Goa 403002, India",4.3,484.0,ChIJRf6dutzAvzsRkvcEmavoYpo,"point_of_interest, establishment",Tiswadi (Panaji),15.4760717,73.8066496,,,['beaches'],0,1,0.825,0.8250346605047991,0.5341941189539894,0.7086984438844752,0.9084657038498933,0.7801047864340448
Sankval Beach,"9VC8+4PM, Sancoale, Goa 403806, India",4.4,97.0,ChIJCykkqXy3vzsROgn8KsepF3Q,"tourist_attraction, point_of_interest, establishment",Mormugao (Vasco),15.3703384,73.8667957,,,['beaches'],3,4,0.8500000000000001,0.8499164320900775,0.4904385159497321,0.7061252656339393,0.9195891177403319,0.7678704021303249
Cabo de Rama Beach,"Cabo de Rama Beach Beach in, Canaguinim, Goa 403703, India",4.8,317.0,ChIJ008IwKFJvjsRgM2w8Nyy_JM,"tourist_attraction, point_of_interest, establishment",Canacona,15.1048786,73.9251187,,,['beaches'],1,2,0.95,0.9496597809585773,0.5608749953765615,0.7941458667257709,0.9399987939967839,0.8448371123426016
Siridao Rock Beach,"CVP6+877, Siridao, Goa 403108, India",4.5,495.0,ChIJty0vRly5vzsR89Oss_mrsjU,"tourist_attraction, point_of_interest, establishment",Tiswadi (Panaji),15.435788,73.8606813,,,['beaches'],0,1,0.875,0.8749330853726363,0.5361313929159375,0.7394124083899567,0.9084657038498933,0.8139133984436363
Haatkatro Khamb,"Ella, Old Goa, Goa 403402, India",4.1,238.0,ChIJ1V6apJK-vzsR3seZXsRBSvc,"tourist_attraction, point_of_interest, establishment",Salcete (Margao),15.4992048,73.9135309,,,['historical'],0,1,0.7749999999999999,0.7752795411917471,0.4730634196719995,0.654393092583848,0.9084657038498933,0.7203277898226239
Buttress Of The Church Of Santa Monica,"GW24+9VR, Convent of Santa Monica,, Old Goa, Goa 403402, India",4.4,552.0,ChIJT-kKI_K-vzsRoSkEmd7AExU,"point_of_interest, establishment",Salcete (Margao),15.5009998,73.9071469,,,"['historical', 'religious']",0,1,0.8500000000000001,0.8499851904969759,0.5455281176114806,0.7282023613427777,0.9084657038498933,0.8015738604735477
Main Altar Of Church Of St. Augustine,"GW24+483, Old Goa, Goa 403402, India",4.6,48.0,ChIJXRkP7vG-vzsR4oOh-TTs0Zw,"point_of_interest, establishment",Salcete (Margao),15.5002558,73.9057977,,,"['historical', 'religious']",0,1,0.8999999999999999,0.8988124560168894,0.33618005516055666,0.6737594956743563,0.9084657038498933,0.7416454939565691
Estátua de Jesus,"GW37+J6H, Old Goa, Goa 403402, India",4.5,144.0,ChIJUW7ot4y-vzsROtZKFppwIhI,"point_of_interest, establishment",Salcete (Margao),15.504073,73.9131182,,,['historical'],0,1,0.875,0.874771105826397,0.4298961657758419,0.6968211298061749,0.9084657038498933,0.7670307495959268
Relics Of St. Francis Xavier,"GW26+8M8, Old Goa Road, Old Goa, Goa 403402, India",4.6,283.0,ChIJ3VHkufK-vzsR-qTYDyPRyq4,"tourist_attraction, place_of_worship, point_of_interest, establishment",Salcete (Margao),15.5007713,73.9116972,,,['historical'],0,1,0.8999999999999999,0.8997951068479845,0.48796509743976263,0.7350631030846957,0.9084657038498933,0.8091258701012569
Royal Chapel of St. Anthony,"Royal Chapel of St Antony, Old Goa, Goa 403402, India",4.6,16.0,ChIJ4TTwkvG-vzsR_nQNomX0_H8,"tourist_attraction, church, place_of_worship, point_of_interest, establishment",Salcete (Margao),15.5006988,73.9056926,,,"['historical', 'religious']",0,1,0.8999999999999999,0.896577079107505,0.2447363303873106,0.6358407796194272,0.9084657038498933,0.699906201109038
Garça Branca Gardens,"H No. 934, NH 17B, near St. Milagres Chapel, Vanxem, Salcete, Loutolim, Madgaon, Goa 403718, India",4.1,850.0,ChIJ6yd7xk-wvzsRZ6TtH7Pu0bk,"tourist_attraction, park, point_of_interest, establishment",Dharbandora,15.3448799,73.9958822,,,"['nature', 'religious']",3,4,0.7749999999999999,0.7750785080432756,0.7216409642412924,0.7537034905224823,0.9195891177403319,0.8196089709875282
Galeria de Arte da Basílica do Bom Jesus,"GW26+7GW, National Hwy 4A Bypass Rd, Old Goa, Goa 403402, India",4.5,329.0,ChIJW5wLvPK-vzsRcm-uEwdR0EI,"art_gallery, point_of_interest, establishment",Salcete (Margao),15.5008576,73.9113513,,,"['historical', 'religious']",0,1,0.875,0.8748994252873563,0.5009325043615623,0.7253126569170387,0.9084657038498933,0.7983929980441868
The Cross Of Basilica Bom Jesus,"GW26+9V7 Bom Jesus church, Ella, Old Goa, Goa 403402, India",4.4,252.0,ChIJw8S7tfK-vzsR5NDN4VhVNjg,"landmark, point_of_interest, establishment",Salcete (Margao),15.5009092,73.9121616,,,"['historical', 'religious']",0,1,0.8500000000000001,0.849967629821453,0.4779807496374759,0.7011728777478621,0.9084657038498933,0.771820966687497
Dharohar : National Museum of Customs and GST,"GR2H+C75 Captain & Port, Avenida Dom João de Castro, opp. Jetty, Ozari, Panaji, Goa 403001, India",4.7,78.0,ChIJTz2sLQXBvzsRZHM8YsJ-kVk,"museum, point_of_interest, establishment",Tiswadi (Panaji),15.501018,73.8282409,,,"['beaches', 'historical']",0,1,0.925,0.9239469663902227,0.37743809003120227,0.7053434158466145,0.9084657038498933,0.7764117157725517
Phoenix spring,"FRRH+GJH, Fontainhas (quarter), Mala, Panaji, Goa 403001, India",4.1,32.0,ChIJce5Jf0fBvzsRbe9ORxrD2Oo,"tourist_attraction, point_of_interest, establishment",Tiswadi (Panaji),15.4913185,73.8290943,,,['nature'],0,1,0.7749999999999999,0.7770245559038662,0.3020324719139157,0.5870277223078859,0.9084657038498933,0.6461748856563121
Panjim Promenade,"GR2C+5HF, Panaji, Goa 403001, India",4.5,110.0,ChIJYWDu3a_BvzsRTkbgNEhUCAw,"park, point_of_interest, establishment",Tiswadi (Panaji),15.5004277,73.8214165,,,['nature'],0,1,0.875,0.8747009940975459,0.4068148068465836,0.687546519197161,0.9084657038498933,0.7568216568699053
Malson Shoes,"Souza Towers, opposite Garcia de Orta Garden, next to Petisco, Near Panjim Church, Altinho, Panaji, Goa 403001, India",4.1,600.0,ChIJQ-Iqz4jAvzsRuj6Z94O3VjI,"tourist_attraction, park, point_of_interest, establishment",Tiswadi (Panaji),15.4997434,73.8282138,,,"['historical', 'nature', 'religious']",0,1,0.7749999999999999,0.7751111652992139,0.552718222649282,0.6861539882392411,0.9084657038498933,0.7552888186438517
Dharohar: National Museum of Customs & GST,"GR2H+C75, Avenida Dom João de Castro, Opp. Jetty Captain & Port, Ozari, Panaji, Goa 403001, India",4.7,75.0,ChIJ6S4n7IjAvzsRdRnA6yvbsQk,"tourist_attraction, museum, point_of_interest, establishment",Tiswadi (Panaji),15.501018,73.8282409,,,"['beaches', 'historical']",0,1,0.925,0.9239053992740471,0.3740938845326244,0.703980793377478,0.9084657038498933,0.7749117995254529
Fontainhas old quarter,"E-212, Rua 31 de Janeiro, Fontainhas (quarter), Altinho, Panaji, Goa 403001, India",4.2,206.0,ChIJgxIsopzBvzsRCUcyNtt81KI,"tourist_attraction, point_of_interest, establishment",Tiswadi (Panaji),15.4955933,73.8314762,,,['historical'],0,1,0.8,0.8002019823421622,0.4606465768591685,0.6643798201489647,0.9084657038498933,0.7313207502863981
Majestic Pride Jetty 1,"Ferry, Alto- Betim Porvorim, Panaji, Goa 403001, India",4.0,118.0,ChIJeUg28gTBvzsRYlIkhb3VGCE,"tourist_attraction, point_of_interest, establishment",Tiswadi (Panaji),15.5012964,73.8256892,,,['beaches'],0,1,0.75,0.7507715155027529,0.41282635796758893,0.6155934524886872,0.9084657038498933,0.6776188136546345
Mangrove Boardwalk,"Patto Centre, Panaji, Goa 403001, India",4.1,1224.0,ChIJ2cM03_jBvzsRXI4bnE6otDM,"museum, park, point_of_interest, establishment",Tiswadi (Panaji),15.4936894,73.8325406,,,"['historical', 'nature']",0,1,0.7749999999999999,0.7750545390570021,0.6142303682452884,0.7107248707323166,0.9084657038498933,0.7823353900102215
Mandovi Riverfront Promenade,"FRR6+2V7, Miramar, Panaji, Goa 403001, India",4.6,338.0,ChIJC8XwgWvBvzsR85cREdXYWLU,"park, point_of_interest, establishment",Tiswadi (Panaji),15.4900268,73.8121598,,,['nature'],0,1,0.8999999999999999,0.8998283490997863,0.5032568020716189,0.7411997302885194,0.9084657038498933,0.8158808055686255
Vasco Da Gama Old Residence,"E-250, Gomes Pereira Road, Altinho, Panaji, Goa 403001, India",3.1,15.0,ChIJEb44UADBvzsRXnmaqsZQs5A,"tourist_attraction, point_of_interest, establishment",Tiswadi (Panaji),15.4981532,73.83186,,,['historical'],0,1,0.525,0.5448006465517241,0.23949950362112324,0.42268018937948376,0.9084657038498933,0.4652681852361084
BHAGWAN MAHAVIR BAL VIHAR PARK,"FRX9+2G7, Panaji, Goa 403001, India",4.4,240.0,ChIJBdmCsYzAvzsRJbTtxyeQM1A,"park, tourist_attraction, point_of_interest, establishment",Tiswadi (Panaji),15.4975409,73.8187902,,,['nature'],0,1,0.8500000000000001,0.8499660180283304,0.47378326705898877,0.6994929176405937,0.9084657038498933,0.7699717388078434
aivão creek,"FQ5X+VF6, Aivão Beach Rd, Caranzalem, Dona Paula, Panaji, Goa 403004, India",4.5,11.0,ChIJnRvRiQrBvzsRPkEINzhZkHU,"tourist_attraction, point_of_interest, establishment",Tiswadi (Panaji),15.4596692,73.7986398,,,['beaches'],0,1,0.875,0.8722341954022987,0.2146491848557644,0.609200191183685,0.9084657038498933,0.6705813863990882
Floating jetty,"FRV8+69P, Panaji, Goa 403001, India",3.0,2.0,ChIJW_ESZgDBvzsRtOOTEmc4myY,"tourist_attraction, point_of_interest, establishment",Tiswadi (Panaji),15.493198,73.815714,,,['beaches'],0,1,0.5,0.6139367816091954,0.09489943304520278,0.40632184218359835,0.9084657038498933,0.4472616197416026
Siridao seashore,"CVJ6+2W6, Siridao, Goa 403108, India",4.4,117.0,ChIJi7O8aGO5vzsRVSySVra0fMU,"tourist_attraction, point_of_interest, establishment",Tiswadi (Panaji),15.4300495,73.8622689,,,['beaches'],0,1,0.8500000000000001,0.8499305961426067,0.4120973984808838,0.6747973170779175,0.9084657038498933,0.7427878831509691
Siridao Beach View,"CVR5+VP9, Tiswadi, Siridao, Goa 403108, India",4.3,294.0,ChIJ9RqAKby4vzsRUVLFLojS6gM,"tourist_attraction, point_of_interest, establishment",Tiswadi (Panaji),15.4421588,73.8593677,,,['beaches'],0,1,0.825,0.8250569842197545,0.4912476791179689,0.6915332621790402,0.9084657038498933,0.7612100921900107
Nauxim Beach,"FR2V+F2Q, Tiswadi, Bambolim, Goa 403206, India",3.9,34.0,ChIJX1r4L6i4vzsRCgJM-9aCFeY,"tourist_attraction, point_of_interest, establishment",Tiswadi (Panaji),15.4512113,73.8426049,,,['beaches'],0,1,0.725,0.7283374384236453,0.3071151841226442,0.5598485367032449,0.9084657038498933,0.6162572063323033
Quegdevelim Beach,"FRW4+9MQ, Mandovi River, Reis Magos, Goa 403001, India",4.2,96.0,ChIJKSK3n_DAvzsR4MfzMrEHbGE,"tourist_attraction, point_of_interest, establishment",Tiswadi (Panaji),15.4959536,73.806726,,,['beaches'],0,1,0.8,0.8004310344827587,0.39516896241162347,0.6383262056543046,0.9084657038498933,0.7026420512620429
Archbishop's Palace,"FRRG+QF7, Altinho, Panaji, Goa 403001, India",4.6,201.0,ChIJK7CL6JHAvzsRcYYIaKrhVJw,"point_of_interest, establishment",Tiswadi (Panaji),15.491944,73.8261593,,,['historical'],0,1,0.8999999999999999,0.8997119324001365,0.4585344621861603,0.723240944314546,0.9084657038498933,0.7961125458557188
River Of Life Church (ROLC),"Before Kadamba Tourist home, Eutico Apartments, Buttem bhat, Merces, Panaji, Mersi Tem, Goa 403005, India",5.0,3.0,ChIJRRQmBIbAvzsRZ_-RMsArvTg,"church, place_of_worship, point_of_interest, establishment",Tiswadi (Panaji),15.4865368,73.8511855,,,"['nature', 'religious']",0,1,1.0,0.9604525862068966,0.11974975181056162,0.6241714524483626,0.9084657038498933,0.6870611073189121
National Flag mast,"FRWQ+485, Panaji - Farmagudi - Margao Hwy Bypass Rd, Patto Centre, Bambolim, Panaji, Goa 403001, India",5.0,8.0,ChIJZ3G-qP_BvzsRv6dY5BejKwo,"museum, point_of_interest, establishment",Tiswadi (Panaji),15.4952612,73.838359,,,['historical'],0,1,1.0,0.9824233716475095,0.18979886609040555,0.6653735694246679,0.9084657038498933,0.7324146267767178
Museum Solar Souto Maior,"H.NO.B-40,ST.PEDRO BAINGUINIM, Old Goa, 403402, India",3.8,29.0,ChIJB2W7l_y-vzsRlN1n1DugmKc,"museum, point_of_interest, establishment",Tiswadi (Panaji),15.4998023,73.8940311,,,['historical'],0,1,0.7,0.7047270114942529,0.2937994654928495,0.5403559930936915,0.9084657038498933,0.5948006521366437
Archdiocese of Goa & Daman,"Archbishop's House, Altinho, Panaji",4.6,33.0,ChIJUaDp2fK-vzsR-hP5gyIRAOc,"tourist_attraction, church, place_of_worship, point_of_interest, establishment",Tiswadi (Panaji),15.4917463,73.826237,,,"['historical', 'nature', 'religious']",0,1,0.8999999999999999,0.8982885395537524,0.3046112062925914,0.6608176062492881,0.9084657038498933,0.7273996183332813
"Shree Damodar Circle Bell, Fatorda","Margao - Ponda Hwy, Gawli Wada, Fatorda, Madgaon, Goa 403601, India",4.4,19.0,ChIJx0C5u9uzvzsRcmcBV5YvSWA,"tourist_attraction, point_of_interest, establishment",Salcete (Margao),15.286073,73.9635966,,,['nature'],3,4,0.8500000000000001,0.8495905172413794,0.3204433831339939,0.6379316635984251,0.9195891177403319,0.6937138024925611
Ana Fonte Garden,"7XH5+3QV, Bernardo Peres da Silva Rd, Pajifond, Madgaon, Goa 403601, India",3.9,165.0,ChIJl86yYd2zvzsRMZW7wiVu67s,"park, point_of_interest, establishment",Salcete (Margao),15.2777419,73.9594084,,,['nature'],3,4,0.725,0.7257036767760697,0.5468121019697361,0.6541470468535362,0.9195891177403319,0.7113470942989675
Margao Municipal Garden,"7XF5+864, Pajifond, Madgaon, Goa 403601, India",4.1,1072.0,ChIJI7qdNeizvzsRlKd0ZLtxB8g,"tourist_attraction, park, point_of_interest, establishment",Salcete (Margao),15.2732507,73.9580861,,,['nature'],3,4,0.7749999999999999,0.7750622649998392,0.7464360015282285,0.7636117596111949,0.9195891177403319,0.8303836407803371
MotiDongor Hill,"7XJ8+8PG, Monte Hill, Madgaon, Goa 403601, India",3.8,44.0,ChIJq6qq6tuzvzsRtScDDgv23vw,"park, point_of_interest, establishment",Salcete (Margao),15.2808001,73.9668408,,,['nature'],3,4,0.7,0.7031513409961685,0.4071858548374681,0.5847651465326883,0.9195891177403319,0.6358982889767197
Aga Khan Children's Park,"7XF5+P48, Pajifond, Madgaon, Goa 403601, India",3.7,2634.0,ChIJR088NuizvzsRD0RGysUFDx4,"park, point_of_interest, establishment",Salcete (Margao),15.2742891,73.9578409,,,['nature'],3,4,0.675,0.6750633056337108,0.8425374651934239,0.742052969457596,0.9195891177403319,0.8069397028979768
Shri Damodar Temple,"Gogoleshwar Temple Rd, EWS COLONY, Gogol Housing Board, Madgaon, Goa 403601, India",4.7,58.0,ChIJZTVU1S2yvzsRNkvLZsV_fzw,"hindu_temple, tourist_attraction, place_of_worship, point_of_interest, establishment",Salcete (Margao),15.282063,73.992065,,,"['nature', 'religious']",3,4,0.925,0.9235900058445354,0.43616043560213624,0.7286181777475758,0.9195891177403319,0.7923301436384751
Gonsua Betalbatim Beach,"Pacheco Vaddo, Gansua, Betalbatim, Goa 403713, India",4.5,391.0,ChIJg5uysxq3vzsRO8TaBsR85ts,"tourist_attraction, point_of_interest, establishment",Salcete (Margao),15.3072064,73.9030586,,,['beaches'],3,4,0.875,0.8749153325123153,0.6387257507665552,0.7804394998140113,0.9195891177403319,0.8486828353642906
Majorda beach,"8W63+F4J, Majorda, Goa 403713, India",4.6,337.0,ChIJwTfthqi3vzsRpAgUskiy6l4,"tourist_attraction, point_of_interest, establishment",Salcete (Margao),15.3112107,73.9027669,,,['beaches'],3,4,0.8999999999999999,0.8998278412568862,0.622871590817899,0.7890453410812912,0.9195891177403319,0.8580411902004447
Salaulim Garden,"657H+RFG, Kurdi, Ugem, Goa 403704, India",4.5,1202.0,ChIJGY0GDtOqvzsR_js0g5JUddQ,"tourist_attraction, park, point_of_interest, establishment",Salcete (Margao),15.2145589,74.1786934,,,['nature'],1,2,0.875,0.8749724109267062,0.6903873266461259,0.801138377214474,0.9399987939967839,0.8522759628319427
Nagesh Love Forest,"Gudi, Quepem Rd, Chandor, Goa 403714, India",3.4,404.0,ChIJNShtiX6tvzsRfW6eUqD5Xtc,"tourist_attraction, amusement_park, point_of_interest, establishment",Salcete (Margao),15.2421745,74.0332858,,,['nature'],3,4,0.6,0.6005970625798213,0.6422155613577655,0.6172444620909989,0.9195891177403319,0.671217666872492
Cansaulim Beach,"8VVQ+QGQ, Cansaulim, Goa 403712, India",4.3,232.0,ChIJi07fkKC3vzsRbodJKvUTgSQ,"tourist_attraction, point_of_interest, establishment",Salcete (Margao),15.3444647,73.8888727,,,['beaches'],3,4,0.825,0.8250721474026934,0.5830792087377785,0.7282749719367274,0.9195891177403319,0.7919569271614341
PCCE FALLS,"Gounlloy, Verna, Lotli, Goa 403713, India",5.0,46.0,ChIJI3Xzhlm3vzsRIzZQ7Lu0nm4,"tourist_attraction, point_of_interest, establishment",Salcete (Margao),15.3269517,73.9336924,,,['nature'],3,4,1.0,0.996634262655906,0.41183731067981516,0.7627154818654697,0.9195891177403319,0.8294089905496693
Little Beach,"4W9R+C5W, Nakeri, Goa 403703, India",4.4,133.0,ChIJETKcN2FNvjsREyHB_IGxQ8g,"tourist_attraction, point_of_interest, establishment",Salcete (Margao),15.1186105,73.9404643,,,['beaches'],1,2,0.8500000000000001,0.8499388831703552,0.47675310278596444,0.7006645710165988,0.9399987939967839,0.7453887978275386
Varca Beach,"6WRF+4FQ, Beach, Fatrade, Varca, Goa 403721, India",4.6,148.0,ChIJTZdY_DS1vzsRVovHOR5eyQM,"tourist_attraction, point_of_interest, establishment",Salcete (Margao),15.2403367,73.923747,,,['beaches'],3,4,0.8999999999999999,0.8996094654015273,0.5352552687879955,0.7538677867561145,0.9195891177403319,0.8197876336429062
The Tent Church,"4th Floor, Reliance Magnum Building, Kadamba Bus Stand, Madel, Madgaon, Goa 403601, India",4.9,54.0,ChIJgfDAaoaxvzsRtBMM02PIkCE,"church, tourist_attraction, place_of_worship, point_of_interest, establishment",Salcete (Margao),15.2876692,73.9548415,,,"['nature', 'religious']",3,4,0.9750000000000001,0.9725783699059563,0.42865092269997657,0.7550073910235644,0.9195891177403319,0.8210268873981595
Harvest Ministries,"Sh. No. 6&7, Grace Heritage Complex, Fatorda, Madgaon, Goa 403601, India",4.8,18.0,ChIJeX_hhmGxvzsRR3f-FDZnutg,"church, place_of_worship, point_of_interest, establishment",Salcete (Margao),15.2901892,73.9652548,,,"['historical', 'religious']",3,4,0.95,0.9443058076225045,0.3149567123354265,0.6925661695076734,0.9195891177403319,0.7531256690047479
St. Michael Archangel Church,"6XC4+7XM, Orlim Bridge, Orlim, Goa 403724, India",4.6,151.0,ChIJ2Vmq7WqzvzsRMvABwbVSGcg,"church, place_of_worship, point_of_interest, establishment",Salcete (Margao),15.2208114,73.957465,,,"['historical', 'religious']",3,4,0.8999999999999999,0.899617173321234,0.5373875645606614,0.7547253298170049,0.9195891177403319,0.8207201621432407
Igreja de Nossa Senhora de Lourdes,"8WG7+2CJ, Utorda Beach Rd, Near, Seraulim Railway Station, Utorda, Goa 403713, India",4.4,145.0,ChIJAarbPd62vzsRmRDHG61rkt0,"church, place_of_worship, point_of_interest, establishment",Salcete (Margao),15.3250982,73.9135238,,,"['beaches', 'religious']",3,4,0.8500000000000001,0.8499439064714219,0.5330796013272018,0.7231981844137338,0.9195891177403319,0.7864362142418765
Salcete Beach Resort,"7WH7+GXF, Salcete Beach Resort, 3rd Ward, Colva Beach Rd, Fatona, Colva, Goa 403708, India",4.2,1222.0,ChIJFTfgJlK1vzsRc8Yo-O2127Y,"lodging, point_of_interest, establishment",Salcete (Margao),15.2818475,73.9150829,,,['beaches'],3,4,0.8,0.8000341867087716,0.7604324130630016,0.7841934772504635,0.9195891177403319,0.8527650687922771
Betalbatim Beach,"7WV5+464, Fatona, Betalbatim, Goa 403713, India",4.5,1431.0,ChIJyUH4oJm2vzsRfO9h7HYF6CE,"point_of_interest, establishment",Salcete (Margao),15.2927539,73.908082,,,['beaches'],3,4,0.875,0.8749768228664997,0.7773080259697506,0.8359093041078001,0.9195891177403319,0.9090030405773453
Pandolim beach,"7WP6+8CQ, Fatona, Colva, Goa 403708, India",4.4,52.0,ChIJQekDis-3vzsRBExkLpSmI7M,"point_of_interest, establishment",Salcete (Margao),15.2857776,73.9102663,,,['beaches'],3,4,0.8500000000000001,0.8498454782042941,0.424688742728949,0.6797827840141561,0.9195891177403319,0.7392244763449987
Zalor Beach,"6W3M+JJG, Fatrade, Orlim, Goa 403721, India",4.4,359.0,ChIJNbd806e0vzsRx05ONjEW9Nk,"point_of_interest, establishment",Salcete (Margao),15.2040535,73.9340749,,,['beaches'],3,4,0.8500000000000001,0.8499772509578545,0.629616707062703,0.7618330333997938,0.9195891177403319,0.8284493788615229
Vaddem Beach,"Vaddem, Vasco Da Gama, Goa 403802, India",3.8,398.0,ChIJ6ROfhZrHvzsRVpkUvD1gv9o,"point_of_interest, establishment",Salcete (Margao),15.4031689,73.8277388,,,['beaches'],0,1,0.7,0.700355414398064,0.5173335933475439,0.627146685977856,0.9084657038498933,0.6903361165095563
Betul Beach,"Betul Beach, Mobor Beach, Goa, India",4.5,838.0,ChIJRb4XN2NMvjsRSIXR2ceIhxM,"natural_feature, establishment",Salcete (Margao),15.1464602,73.9481058,,,['beaches'],1,2,0.875,0.8749604414121902,0.655309784315383,0.7871001785734673,0.9399987939967839,0.8373416897981257
Carmona Beach,"Carmona Beach, Goa, India",4.5,819.0,ChIJVZpSmqm0vzsRI8XB5yFFocQ,"natural_feature, establishment",Salcete (Margao),15.2010731,73.9337777,,,['beaches'],3,4,0.875,0.8749595248107653,0.7176716692100658,0.8120443825704855,0.9195891177403319,0.8830513181429206
Beleza By The Beach,"Beach, Thondwaddo, Colva, Betalbatim, Goa 403713, India",4.4,5467.0,ChIJxx0huJi2vzsRCCzSzaoBTR4,"lodging, point_of_interest, establishment",Salcete (Margao),15.2908882,73.9117496,,,['beaches'],3,4,0.8500000000000001,0.8499985022576495,0.9206262853245349,0.8782496154844037,0.9195891177403319,0.9550456813174235
C’ Roque Beach Resort,"near Kentuckee Seafood Restaurant, Colva, Sernabatim, Goa 403708, India",4.4,1570.0,ChIJgS3f5Ba0vzsR2iJDWESF0fw,"lodging, point_of_interest, establishment",Salcete (Margao),15.2693915,73.9160508,,,"['beaches', 'food']",3,4,0.8500000000000001,0.8499947869795211,0.7872174455930308,0.824883850424925,0.9195891177403319,0.8970134971278018
Azaya Beach Resort Goa,"336/0, Village Calwaddo, Benaulim, Goa 403716, India",4.0,3253.0,ChIJCWQ_dpK-vzsR3p7Sr3HqPqQ,"spa, lodging, point_of_interest, establishment",Salcete (Margao),15.2410414,73.9273839,,,['beaches'],3,4,0.75,0.7500282146111947,0.8651076193508109,0.7960599765070413,0.9195891177403319,0.8656692006786317
Grandmother's Hole Beach,"Grandmother's Hole Beach, Goa, India",4.3,270.0,ChIJM8Wr1VbGvzsRYf0ap71yeoo,"natural_feature, establishment",Salcete (Margao),15.4049801,73.7865791,,,['beaches'],0,1,0.825,0.8250620307927218,0.48391767089904736,0.688604286835252,0.9084657038498933,0.757986002021966
Sunset Beach,"Sunset Beach, Goa, India",4.5,1735.0,ChIJ4evHw5O2vzsRl0btkGSiHIg,"natural_feature, establishment",Salcete (Margao),15.3012749,73.9049348,,,['beaches'],3,4,0.875,0.874980881535039,0.797900337299384,0.8441486638407769,0.9195891177403319,0.9179628679328745
Mobor Beach,"Mobor Beach, India",4.6,916.0,ChIJqXb8dYZMvjsRxawF2w4G7zU,"natural_feature, establishment",Salcete (Margao),15.1563886,73.9457178,,,['beaches'],3,4,0.8999999999999999,0.8999365434512842,0.729630873368175,0.8318142754180404,0.9195891177403319,0.9045499336290789
Bogmalo beach,"9V82+W9, Dabolim, Bogmalo, Goa 403806, India",4.4,113.0,ChIJ7bvk4Ri3vzsRd3ebxCUBpG0,"tourist_attraction, point_of_interest, establishment",Salcete (Margao),15.3692522,73.8347112,,,['beaches'],3,4,0.8500000000000001,0.8499281609195403,0.5066151830039869,0.7126029697533189,0.9195891177403319,0.7749145308552243
samarth gad,"Housing Board, Navelim, New Zariwaddo, Rumdamol, Davorlim, Goa 403601, India",4.1,10.0,ChIJu4XnGlezvzsRyYttRdENr5g,"point_of_interest, establishment",Salcete (Margao),15.275252,73.9851188,,,['nature'],3,4,0.7749999999999999,0.7810736677115987,0.2564947743828059,0.5712421103800815,0.9195891177403319,0.6211927689877095
Carmelite church ruins,"GW39+355, Old Goa, Goa 403402, India",4.7,9.0,ChIJKRKDYgC_vzsRvlbgYtg-b5Y,"point_of_interest, establishment",Salcete (Margao),15.5026414,73.9179693,,,"['historical', 'religious']",0,1,0.925,0.9166810344827586,0.19890003244764673,0.6295686336687139,0.9084657038498933,0.6930020924298295
Mill Stones of Gun Powder Factory,"GW36+43Q, Old Goa, Goa 403402, India",4.3,47.0,ChIJh0e2BPO-vzsReWmKgvI50V0,"point_of_interest, establishment",Salcete (Margao),15.5028285,73.9102318,,,['historical'],0,1,0.825,0.8253502155172413,0.33439893666632603,0.6289697039768751,0.9084657038498933,0.6923428163676726
Froggyland - The Water World,"Pateapur, Nuvem",4.0,1871.0,ChIJfygMViSxvzsRqXra1Y0GOm4,"tourist_attraction, amusement_park, point_of_interest, establishment",Salcete (Margao),15.321632,73.9519311,,,['nature'],3,4,0.75,0.7500490439876216,0.8059681628586876,0.772416691536048,0.9195891177403319,0.8399584951962844
Old baniyan Tree GOA-Madgaon,"7XM4+HPM, Colva Circle, Fatorda, Madgaon",5.0,1.0,ChIJVXc7FQCzvzsRgyweRRDa-Ls,"tourist_attraction, point_of_interest, establishment",Salcete (Margao),15.2839617,73.9568038,,,['historical'],3,4,1.0,0.9209051724137931,0.07414361740841162,0.5822005504116405,0.9195891177403319,0.6331094389658043
Baina Beach Sunset Point,"Ground floor, Menezes Souza Building, near Sanjivani Hospital, Baina, Vasco Da Gama, Mormugao, Goa 403802, India",4.3,568.0,ChIJv_vJElTHvzsR1UCX6rUIL4k,"tourist_attraction, point_of_interest, establishment",Mormugao (Vasco),15.3946396,73.8046205,,,['beaches'],0,1,0.825,0.8250295436640204,0.5479919191828891,0.7142144938715679,0.9084657038498933,0.7861766171742882
Japanese Garden,"CQ4P+QVJ, Marmugao Port Trust Colony, Mormugao, Goa 403804, India",4.1,8211.0,ChIJsbm561bGvzsR2uhVi1Uzo9E,"park, tourist_attraction, point_of_interest, establishment",Mormugao (Vasco),15.4069725,73.7871306,,,['nature'],0,1,0.7749999999999999,0.7750081356971293,0.7785840213195988,0.7764384899461171,0.9084657038498933,0.8546701176012791
Sada beach,"CQ4P+HJ3, Marmugao Port Trust Colony, Vasco Da Gama, Mormugao, Goa 403804, India",4.5,8.0,ChIJ73lVbwDHvzsRjcDsuc01CpM,"tourist_attraction, point_of_interest, establishment",Mormugao (Vasco),15.4063837,73.7865601,,,['beaches'],0,1,0.875,0.8713122605363983,0.18979886609040555,0.5987069027580012,0.9084657038498933,0.6590308255125128
Japanese Beach,"CQ4P+PFM, Headland Sada, Vasco Da Gama, Mormugao, Goa 403804, India",4.5,37.0,ChIJlVnNLwDHvzsR2HLCAvOgE5w,"tourist_attraction, point_of_interest, establishment",Mormugao (Vasco),15.4059645,73.7863033,,,['beaches'],0,1,0.875,0.8741265880217786,0.3142190086273436,0.6501635562640046,0.9084657038498933,0.7156720980315969
Beach Sun set View Point,"CQ4P+PFM, Headland Sada, Vasco Da Gama, Mormugao, Goa 403804, India",4.7,48.0,ChIJuzunganHvzsRn9Vmk-FqYs8,"tourist_attraction, point_of_interest, establishment",Mormugao (Vasco),15.4068494,73.7861705,,,['beaches'],0,1,0.925,0.9233022519352568,0.33618005516055666,0.6884533732253768,0.9084657038498933,0.7578198828066388
Varunapuri Beach,"9RJ5+44Q, Varunapuri, Mormugao, Goa 403802, India",4.1,52.0,ChIJPwQ3aLPHvzsRTr6U3_ecIh8,"tourist_attraction, point_of_interest, establishment",Mormugao (Vasco),15.3803477,73.8078643,,,['beaches'],0,1,0.7749999999999999,0.7762605725439167,0.34295852641229124,0.6029397540912664,0.9084657038498933,0.6636901663278317
Elle Agri Treks and Tours,"Vaddem, Vasco Da Gama, Goa 403802, India",4.4,9.0,ChIJBewxj2nHvzsRPEpB2sBPl1g,"tourist_attraction, point_of_interest, establishment",Mormugao (Vasco),15.4019581,73.8175543,,,['adventure'],0,1,0.8500000000000001,0.8491810344827587,0.19890003244764673,0.5890686336687139,0.9084657038498933,0.648421433161825
Scuba diving spot Goa,"9QFX+J7, Vasco Da Gama, Goa, India",3.1,14.0,ChIJ2R3fdADHvzsRe1AILLcfXJg,"tourist_attraction, point_of_interest, establishment",Mormugao (Vasco),15.374035,73.798246,,,['adventure'],0,1,0.525,0.5461206896551725,0.23392458958756868,0.42124224962813095,0.9084657038498933,0.4636853629619608
Vasco Garden,"9RX7+47W, Vaddem, Vasco Da Gama, Goa 403802, India",3.7,23.0,ChIJ45oacLzHvzsR73AnGc6d-kY,"park, point_of_interest, establishment",Mormugao (Vasco),15.39786,73.8131899,,,['nature'],0,1,0.675,0.6819504310344828,0.27452406076104524,0.5189798829251078,0.9084657038498933,0.5712707488304472
Sunset Park,"9RJ6+68M, Unnamed Road, Varunapuri, Vasco Da Gama, Mormugao, Goa 403802, India",4.3,115.0,ChIJ02xTgsTHvzsRBKIIjTnsOBE,"park, point_of_interest, establishment",Mormugao (Vasco),15.3805756,73.8107895,,,['nature'],0,1,0.825,0.8251449167657551,0.41062076104403755,0.6593352544770681,0.9084657038498933,0.7257679092154377
Jacuzzi water falls,"9VC6+2X4, Verna, Dabolim, Goa 403806, India",4.6,7.0,ChIJNTs4EAC3vzsRd061I-_lnpQ,"tourist_attraction, point_of_interest, establishment",Mormugao (Vasco),15.3700157,73.8624576,,,['nature'],3,4,0.8999999999999999,0.8927262931034481,0.22243085222523484,0.6246081167521628,0.9195891177403319,0.679225215590835
C & A adventures water sports,"beach, Bogmalo, Mormugao, Goa 403806, India",3.6,7.0,ChIJRWe7SVrHvzsRoavk_URtYgc,"tourist_attraction, point_of_interest, establishment",Mormugao (Vasco),15.369213,73.8341244,,,"['adventure', 'beaches']",3,4,0.65,0.6739762931034483,0.22243085222523484,0.4933581167521629,0.9195891177403319,0.5364984287379033
Hole Beach View Point,"CQ3P+XM8, Headland Sada, Mormugao, Goa, India",3.7,3.0,ChIJ_YzheqHHvzsRvTnncPdnjy0,"tourist_attraction, point_of_interest, establishment",Mormugao (Vasco),15.4049002,73.7867089,,,['beaches'],0,1,0.675,0.7167025862068966,0.11974975181056162,0.4779214524483626,0.9084657038498933,0.5260753932955624
Baina Beach,"9RR4+JPM, Beach, Baina, Mormugao, Goa 403802, India",4.2,2322.0,ChIJn9jM-MjHvzsR9KTwwkmmR8E,"point_of_interest, establishment",Mormugao (Vasco),15.3915832,73.8068001,,,['beaches'],0,1,0.8,0.8000179984265293,0.6695072970496424,0.7478137178757746,0.9084657038498933,0.8231611988286314
Valor Beach,"9V7H+79, Consua, Goa 403712, India",4.4,33.0,ChIJ666TNqG3vzsRA-sPd0TohsU,"tourist_attraction, point_of_interest, establishment",Mormugao (Vasco),15.363175,73.8783893,,,['beaches'],3,4,0.8500000000000001,0.8497591277890467,0.3772028984811759,0.6607366360658984,0.9195891177403319,0.71851289159391
Mormugao Port Authority Children's Park,"CQ4P+XRH, Headland Sada, Vasco Da Gama, Mormugao, Goa 403804, India",4.0,70.0,ChIJd4WP8VbGvzsRhcNNjdlXrXM,"park, point_of_interest, establishment",Mormugao (Vasco),15.407445,73.7870959,,,['nature'],0,1,0.75,0.7512931034482758,0.36821534562920094,0.5980620003206458,0.9084657038498933,0.6583209446280475
Bogmalo Beach,"Bogmalo Beach, Bogmalo, Goa 403806, India",4.4,2435.0,ChIJWw10cf3HvzsRnMktzbQW5J0,"natural_feature, establishment",Mormugao (Vasco),15.3698038,73.8336358,,,['beaches'],3,4,0.8500000000000001,0.8499966380725895,0.8341378216277057,0.843653111494636,0.9195891177403319,0.9174239834065345
Hansa Beach,"Hansa Beach, Vasco Da Gama, Goa, India",4.3,194.0,ChIJs18hiNzHvzsRbzenwLDrX9M,"natural_feature, establishment",Mormugao (Vasco),15.3761369,73.8137851,,,['beaches'],0,1,0.825,0.8250862068965517,0.4554879585062389,0.6772469075404266,0.9084657038498933,0.745484287046161
Bimbel Beach,"Bimbel Beach, Vasco Da Gama, Goa 403801, India",3.7,32.0,ChIJCTDr0-DHvzsR9UEtahayNOE,"natural_feature, establishment",Mormugao (Vasco),15.3731347,73.8211375,,,['beaches'],3,4,0.675,0.6800548589341694,0.37400962764295465,0.5576367664176834,0.9195891177403319,0.6063977440141322
Dream Beach,"9R8P+3MC, Bogmalo, Goa 403806, India",4.9,7.0,ChIJDSI10u7JvzsR4lzwLqAN-nk,"park, point_of_interest, establishment",Mormugao (Vasco),15.3651972,73.8366373,,,"['beaches', 'nature']",3,4,0.9750000000000001,0.9583512931034484,0.22243085222523484,0.6639831167521629,0.9195891177403319,0.7220432516467148
Utorda Beach,"8V9X+RCV, Utorda, Goa 403713, India",4.5,1015.0,ChIJFX_X4vq2vzsRD8vMc2kuQ8Q,"point_of_interest, establishment",Mormugao (Vasco),15.3196183,73.8985491,,,['beaches'],3,4,0.875,0.8749673330165626,0.7405972158292953,0.8212192861416556,0.9195891177403319,0.893028495334529
NCPOR Sunset Point,"9QWR+W9J, Unnamed Road, Alto Desterro, Mormugao, Goa 403803, India",4.8,20.0,ChIJRf-Nh2PHvzsRDtdgPz_kCfk,"park, point_of_interest, establishment",Mormugao (Vasco),15.3973406,73.7908956,,,['nature'],0,1,0.95,0.9448481116584564,0.2629894606254811,0.6721046512452663,0.9084657038498933,0.7398239123359562
Vainguinim Beach,"Vainguinim Beach, Goa 403004, India",4.4,350.0,ChIJUw_oZjTHvzsRdEnG1K85mmg,"natural_feature, establishment",Mormugao (Vasco),15.4555962,73.8134175,,,['beaches'],0,1,0.8500000000000001,0.8499766676490815,0.5062616680542785,0.7124906678111603,0.9084657038498933,0.7842791035388231
Vaddem Lake and Park,"9RXH+W63, Vaddem, Vasco Da Gama, Goa 403802, India",3.9,77.0,ChIJt9Ons5HHvzsRlLB5ydLBWxM,"park, point_of_interest, establishment",Mormugao (Vasco),15.3997582,73.8280506,,,['nature'],0,1,0.725,0.7264975685234306,0.3763376778691538,0.5864336122617199,0.9084657038498933,0.6455209148529584
MUNICIPAL PARK,"9RX7+384, Swatantra Path, Vaddem, Mormugao, Vasco Da Gama, Goa 403802, India",3.8,131.0,ChIJF2rbb7zHvzsRRK50NrNIQWs,"park, point_of_interest, establishment",Mormugao (Vasco),15.3976309,73.8133397,,,['nature'],0,1,0.7,0.7010743207941483,0.42178222372447727,0.5893574819662799,0.9084657038498933,0.6487393849527863
Children's Park,"9RXH+5RG, Vaddem, Vasco Da Gama, Goa 403802, India",3.6,86.0,ChIJXS2y5ZHHvzsRCZxv0uNfNSQ,"park, point_of_interest, establishment",Mormugao (Vasco),15.3979421,73.8295721,,,['nature'],0,1,0.65,0.6522047166072137,0.38577044227867874,0.5456310068757997,0.9084657038498933,0.6006071605824261
Zuari River Dash (Goa Kayaking),"CV37+MXF, São Jacinto Island, São Jacinto, 403711, India",4.1,223.0,ChIJx8FvGWi4vzsRu2ejATiKguk,"tourist_attraction, point_of_interest, establishment",Mormugao (Vasco),15.4041848,73.8649289,,,['adventure'],0,1,0.7749999999999999,0.7752982604679802,0.46746440710668236,0.6521647191234611,0.9084657038498933,0.7178748920952319
Mormugoa Municipal Childrens park,"Childrens Park, Swatantra Path, Vaddem, Vasco Da Gama, Goa 403802, India",4.1,7.0,ChIJBSHRarzHvzsRADEfJ2pESY8,"park, point_of_interest, establishment",Mormugao (Vasco),15.3972813,73.813813,,,['nature'],0,1,0.7749999999999999,0.7833512931034481,0.17962462771584242,0.5418606269484059,0.9084657038498933,0.5964568884131899
Anthony Da Costa Coconut Plantation,"CR2R+76M, Chicalim",5.0,1.0,ChIJ9appPgDHvzsR6QsHJruw2cw,"tourist_attraction, point_of_interest, establishment",Mormugao (Vasco),15.4007049,73.8405456,,,"['food', 'nature']",0,1,1.0,0.9209051724137931,0.05987487590528081,0.5764930538103882,0.9084657038498933,0.6345787753652423
Dolphin View Point,"FQQ8+FX7, Unnamed Road, Aguada Fort Area, Candolim, Goa 403515, India",4.3,132.0,ChIJrYOizHLBvzsRFGafpsTaR7o,"tourist_attraction, point_of_interest, establishment",Bardez (Mapusa),15.4886642,73.767433,,,"['adventure', 'historical']",0,1,0.825,0.8251263935701322,0.4224341603023411,0.6640495002630158,0.9084657038498933,0.7309571483534367
Thunder world Goa Amusement Parks,"Road, Vegas Vaddo Rd, nr. St. Joseph School Road, Nagva, Arpora, Goa 403516, India",4.4,2146.0,ChIJs_yJ2ljrvzsRwK8iiy9B2Uc,"amusement_park, tourist_attraction, point_of_interest, establishment",Bardez (Mapusa),15.5613477,73.7703529,,,['nature'],0,1,0.8500000000000001,0.8499961855355509,0.662701501748479,0.7750783120207221,0.9084657038498933,0.8531728922028619
Anjuna beach,"HPMP+QRQ, Dmello Vaddo, Anjuna, Goa 403509, India",4.4,261.0,ChIJ0RksR4PpvzsR_JmuqKSOBSg,"point_of_interest, establishment",Bardez (Mapusa),15.5844512,73.7371005,,,['beaches'],0,1,0.8500000000000001,0.8499687417741513,0.4810002053116833,0.702381327189164,0.9084657038498933,0.7731511758920722
Kegdole Beach,"Kegdole Beach, Goa, India",4.1,90.0,ChIJD3_kY_7AvzsRtCKhhrfR8TU,"natural_feature, establishment",Bardez (Mapusa),15.4986227,73.796598,,,['beaches'],0,1,0.7749999999999999,0.7757341796134899,0.3896533964989485,0.6213018663676733,0.9084657038498933,0.6839023902990746
Callgunte Beach,"Callgunte Beach, Near Calangute Beach, Calangute, Goa 403516, India",4.3,640.0,ChIJTYXuY_3BvzsRq4_IXSwnlic,"natural_feature, establishment",Bardez (Mapusa),15.5446641,73.7576483,,,['beaches'],0,1,0.825,0.8250262251869386,0.5582841531472306,0.7183293963710553,0.9084657038498933,0.7907061249829477
Anjuna Beach,"Monteiro Vaddo, Anjuna, Goa 403509, India",4.6,41.0,ChIJb2Nex3jpvzsRkBsDLIIHGBE,"tourist_attraction, point_of_interest, establishment",Bardez (Mapusa),15.5761254,73.7403916,,,['beaches'],0,1,0.8999999999999999,0.8986145320197043,0.3228643365307619,0.6683144538241272,0.9084657038498933,0.7356518259213817
Chapora Beach,"Chapora Beach, Chapora, Goa, India",4.1,552.0,ChIJ01ErhWbpvzsRnEzT0GMVjh8,"natural_feature, establishment",Bardez (Mapusa),15.606325,73.7402468,,,['beaches'],0,1,0.7749999999999999,0.7751208143667767,0.5455281176114806,0.6832837356646583,0.9084657038498933,0.7521293679761827
Srikarisapusiá Beach,"ROCKPOOL, 495, W Goa, 2, Vagator Beach Rd, Vagator, Anjuna, Goa 403509, India",5.0,3.0,ChIJuVglFADpvzsRWe4ZHq21IEw,"tourist_attraction, point_of_interest, establishment",Bardez (Mapusa),15.6066796,73.7323809,,,['beaches'],0,1,1.0,0.9604525862068966,0.11974975181056162,0.6241714524483626,0.9084657038498933,0.6870611073189121
Candolim Beach Entry Gate,"573, Candolim Beach Rd, Candolim, Goa 403515, India",4.6,40.0,ChIJER7Qg7HBvzsRuBcwWRhOKv0,"tourist_attraction, point_of_interest, establishment",Bardez (Mapusa),15.5181114,73.7638247,,,['beaches'],0,1,0.8999999999999999,0.8985807401177459,0.3207827614325962,0.667461548643686,0.9084657038498933,0.734712984557501
Nagesh Water World,"road, near Pascol farm, opposite Nestle factory, Ponda, Tisk, Khandepar, Goa 403406, India",3.6,1120.0,ChIJCR5nGxelvzsRHCjJA0c6jnA,"tourist_attraction, amusement_park, point_of_interest, establishment",Ponda,15.4173318,74.0589388,,,['nature'],2,3,0.65,0.6501711064628256,0.6790295646491902,0.6617144897373715,0.939998873130649,0.7039524287231786
Khadpaband Garden,"9XXX+FX9, Friends Colony, Khadpabandh, Ponda, Goa 403401, India",4.1,308.0,ChIJk4-F-5O6vzsRSEFeY7X4txw,"park, point_of_interest, establishment",Ponda,15.3986647,73.9999901,,,['nature'],3,4,0.7749999999999999,0.7752162147081799,0.6132761901487639,0.7104402048844135,0.9195891177403319,0.7725626490993593
Krishi Setu,"GWCW+3FQ, Near Govnali bridge, Marcel, Old Goa Road, Madapai, Ponda, Goa 403106, India",4.2,21.0,ChIJ-c1HcgC_vzsRCncr2Zugj00,"tourist_attraction, point_of_interest, establishment",Ponda,15.5202216,73.9462324,,,['historical'],0,1,0.8,0.8019004702194358,0.2670079147739937,0.5879434480412589,0.9084657038498933,0.6471828771847675
Savoi Plantation,"50, Savoi, Marcel Ponda Road, Ponda, Goa, 403107, India",4.2,294.0,ChIJ0bVnNrm6vzsRE1k0W-b2sOA,"point_of_interest, establishment",Ponda,15.4934357,74.0005112,,,"['food', 'nature']",2,3,0.8,0.8001417299824665,0.5499341165114047,0.7000586845940417,0.939998873130649,0.7447441742802405
Sahakari Spice Plantation backside,"C24F+Q88, Unnamed Road, Prabhu Nagar, Ponda, Goa 403401, India",4.0,172.0,ChIJr4mnZlm7vzsR7phtDlcwqVs,"zoo, point_of_interest, establishment",Ponda,15.406909,74.023315,,,"['food', 'nature']",3,4,0.75,0.7505306956348414,0.5512302308836747,0.6708105097343747,0.9195891177403319,0.7294676467928737
Sahakari Spice Plantation,"C25F+CQ3 Sahakari Spice Farm, Curti, Ponda, Goa 403401, India",5.0,1.0,ChIJ9XrYTAC7vzsRQz6Bk0B68DE,"park, point_of_interest, establishment",Ponda,15.4085238,74.0244231,,,"['food', 'nature']",3,4,1.0,0.9209051724137931,0.07414361740841162,0.5822005504116405,0.9195891177403319,0.6331094389658043
Bhagwan Mahavir Wildlife Sanctuary Range Forest Office,"96HJ+373, NH 4A, Mollem, Goa 403410, India",4.1,15.0,ChIJYfMjyQYHvzsRJR9qDOoaVSs,"park, point_of_interest, establishment",Ponda,15.3776333,74.2306659,,,['nature'],2,3,0.7749999999999999,0.779175646551724,0.26811108434198544,0.5747498216678285,0.939998873130649,0.6114367134862989
"Bhagwan Mahavir Wildlife Sanctuary, Bolkarne Gate","C5JW+X52, Surla, Goa 403406, India",5.0,1.0,ChIJpXeS16mnvzsRa2DeqYmebpw,"point_of_interest, establishment",Ponda,15.4323949,74.1953814,,,['nature'],2,3,1.0,0.9209051724137931,0.06702777108549636,0.5793542118824744,0.939998873130649,0.6163350068207484
Bhagwan Mahavir Wildlife Sanctuary Check Post,"C5MW+235, Unnamed Road, Surla, Goa 403406, India",5.0,1.0,ChIJP7q-VMynvzsRMd6RujwGemU,"point_of_interest, establishment",Ponda,15.4325051,74.1952426,,,['nature'],2,3,1.0,0.9209051724137931,0.06702777108549636,0.5793542118824744,0.939998873130649,0.6163350068207484
Peter Farm,"C346+F39, Kodar, Nirankal, Goa 403406, India",4.4,22.0,ChIJp-5U90ylvzsRzYhw8_Bzytw,"park, point_of_interest, establishment",Ponda,15.4061723,74.06023,,,['nature'],3,4,0.8500000000000001,0.8496439280359821,0.3353932469931373,0.6439436556188441,0.9195891177403319,0.7002514962347316
"Biodiversity Park, Mollem Goa","9672+H4R, NH748, Mollem, Goa 403410, India",4.2,152.0,ChIJgRxLwR4HvzsRLLg5CxlKB4M,"park, point_of_interest, establishment",Ponda,15.3639855,74.2002537,,,['nature'],2,3,0.8,0.8002732702276314,0.48644653099866736,0.6747425745360458,0.939998873130649,0.7178121100175663
GOI - Glimpses Of India,"Talewada, Betora, Ponda, Goa 403409, India",5.0,4.0,ChIJAQAAALy6vzsRtmA7M6-XUpg,"museum, point_of_interest, establishment",Ponda,15.3820842,74.015019,,,['historical'],3,4,1.0,0.9683620689655172,0.17215614831717066,0.6498797007061786,0.9195891177403319,0.7067066020780031
Raj Durga Heritage,"9XRX+JF6, Ponda - Panaji Rd, Khadpabandh, Vasco Da Gama, Ponda, Goa 403401, India",4.2,29.0,ChIJnxH9bpq6vzsRJP3xxIOYu6c,"point_of_interest, establishment",Ponda,15.3915265,73.998641,,,['historical'],3,4,0.8,0.8013936781609197,0.36381461898573103,0.6263620544908441,0.9195891177403319,0.6811325214786986
Karmale Waterfall,"C2R8+XR, Keri",5.0,1.0,ChIJF5SFRQC7vzsRAFNKsVhgl8s,"tourist_attraction, point_of_interest, establishment",Ponda,15.4424787,74.0170052,,,['nature'],3,4,1.0,0.9209051724137931,0.07414361740841162,0.5822005504116405,0.9195891177403319,0.6331094389658043
Spice Plant Forest,"F227+FF, Keri",4.5,2.0,ChIJI3qDYQC7vzsRdn7tvSCwJrw,"tourist_attraction, point_of_interest, establishment",Ponda,15.4511875,74.0136875,,,"['food', 'nature']",3,4,0.875,0.8639367816091953,0.11751485326014874,0.5653680102695766,0.9195891177403319,0.6148050247254251
Khareban Sunset & Fishing Point,"PQGP+3J, Pernem, Pernam Municipal Area, Goa 403512, India",4.5,45.0,ChIJf6_1wj_tvzsRsCAWdsRpk_Y,"tourist_attraction, park, point_of_interest, establishment",Pernem,15.7251585,73.7865024,,,['nature'],0,1,0.875,0.8742784857571214,0.3307225866740438,0.6568561261238903,0.9084657038498933,0.7230389912797669
Arambol Mountain,"MMVX+9QV, near beach, Arambol, Goa 403524, India",4.6,1062.0,ChIJm4dSXLPvvzsRL6X7fFMDKVI,"tourist_attraction, point_of_interest, establishment",Pernem,15.6934972,73.6994326,,,['beaches'],0,1,0.8999999999999999,0.8999452590261783,0.6019775645175659,0.7807581812227333,0.9084657038498933,0.859425048093768
Marjoram beach,"JPPC+3QF, Pernem, Gawde Vaddo, Morjim, Goa 403512, India",4.4,22.0,ChIJC6KWU_jvvzsRvpDEHPyr5-w,"tourist_attraction, point_of_interest, establishment",Pernem,15.634123,73.722051,,,['beaches'],0,1,0.8500000000000001,0.8496439280359821,0.27084771076876296,0.6181254411290944,0.9084657038498933,0.6804059179224975
Morjhim Beach,"Morjhim Beach, Morjim, Goa 403512, India",4.6,2050.0,ChIJFUx4sUjpvzsRODyBpvAASV0,"natural_feature, establishment",Pernem,15.6246696,73.7292137,,,['beaches'],0,1,0.8999999999999999,0.8999716286420416,0.6587500773127597,0.8034830081103288,0.9084657038498933,0.8844395607950095
Thalassa Beach Boutique Resort,"251/4 Village Mandrem, Taluka, Pernem, Ashvem, Goa 403512, India",4.4,1181.0,ChIJ35vRwdrvvzsRO2pDE6PEySM,"lodging, restaurant, food, point_of_interest, establishment",Pernem,15.6416115,73.7192854,,,"['beaches', 'food']",0,1,0.8500000000000001,0.8499930713577223,0.611143715784054,0.754453329128255,0.9084657038498933,0.8304697975179854
Boho By The Beach,"Boho By The Beach, 1384/A, Teamwaddo Pernem, Morjim, Goa 403512, India",4.5,263.0,ChIJ22z3Yi7pvzsRZdq92PiJDlw,"lodging, health, point_of_interest, establishment",Pernem,15.6234773,73.732984,,,['beaches'],0,1,0.875,0.8748742816091954,0.4816570996297581,0.7175874088174204,0.9084657038498933,0.7898893769753009
La Cabana Beach & Spa,"Ashvem Beach, Ashvem Wada, Mandrem, Goa 403527, India",4.3,4568.0,ChIJPw4jycjuvzsRB9S1HRzbLZ8,"lodging, point_of_interest, establishment",Pernem,15.6428474,73.7203813,,,['beaches'],0,1,0.825,0.8250036792175153,0.7279385470898638,0.7861776263664547,0.9084657038498933,0.8653905403746046
Palm Grove Beach Resort,"Ashvem Beach, Mandrem, Goa 403527, India",4.4,890.0,ChIJAQAAAIzuvzsRl0tqGeguwkc,"lodging, point_of_interest, establishment",Pernem,15.647245,73.7169639,,,['beaches'],0,1,0.8500000000000001,0.84999080846782,0.586730771049524,0.7446867935005016,0.9084657038498933,0.8197192148747829
S2 Beach Shack and Cottages,"Gawde Wada, Morjim, Ashvem Loto Beach, Goa 403512, India",4.4,1001.0,ChIJoV4QxcruvzsRCcyTzd4SrPE,"lodging, restaurant, food, point_of_interest, establishment",Pernem,15.6341112,73.7223019,,,"['beaches', 'food']",0,1,0.8500000000000001,0.8499918266914447,0.5968726871836567,0.7487441708883296,0.9084657038498933,0.8241854015130166
Morgim Beach,"Morgim Beach, Morjim, Goa 403512, India",4.6,648.0,ChIJLcOVXEPpvzsRI3q63F4VEf0,"natural_feature, establishment",Pernem,15.6154449,73.7363853,,,['beaches'],0,1,0.8999999999999999,0.8999103395143722,0.5593555614443159,0.7636884282863496,0.9084657038498933,0.8406353977370781
Anjuna Beach Sandsite,"monteiro wado, Anjuna, Goa 403509, India",4.4,181.0,ChIJD8n3tKjpvzsRcIZe_ycntKI,"lodging, point_of_interest, establishment",Pernem,15.5738534,73.7407517,,,['beaches'],0,1,0.8500000000000001,0.8499550018946572,0.4495282724042293,0.6897843100984861,0.9084657038498933,0.7592849209115106
Ashvem Beach,"Ashvem Beach, Goa, India",4.6,2570.0,ChIJx3JytMXuvzsRl1R6ni18FbY,"natural_feature, establishment",Pernem,15.6437966,73.7174025,,,['beaches'],0,1,0.8999999999999999,0.8999773669174748,0.6782694136940524,0.8112941856281057,0.9084657038498933,0.893037769274069
Turtle Beach Morjim,"JP7P+WRQ, Kannaikwada, Morjim, Goa 403512, India",4.6,172.0,ChIJwy5iUwvpvzsRbT4ZrrFPizk,"tourist_attraction, point_of_interest, establishment",Pernem,15.6148324,73.7371049,,,['beaches'],0,1,0.8999999999999999,0.89966364361172,0.44514744253164673,0.7178571631796907,0.9084657038498933,0.7901863109829658
Querim Dam,"J38G+5V4, Querim, Querim VP, Goa 403505, India",4.2,176.0,ChIJLRp601SYvzsR4wD72-oMXMY,"tourist_attraction, point_of_interest, establishment",Pernem,15.615381,74.0772171,,,['nature'],2,3,0.8,0.800236216637444,0.5005369553677452,0.6803565121295645,0.939998873130649,0.7237843912127784
SuryaPrabha (सूर्यप्रभा) Top View Point,"PWWP+RXG, Banda - Dodamarg Road, Banda",4.5,18.0,ChIJodvw02OPvzsRqQN4TTfSNvw,"tourist_attraction, point_of_interest, establishment",Pernem,15.7470574,73.9374502,,,['nature'],0,1,0.875,0.8732531760435571,0.25434413272206274,0.6256895587149593,0.9084657038498933,0.6887321734474003
Konkan Vihar,"Dodamarg Teacher Colony, Road, Sawantwadi",5.0,16.0,ChIJKXwUpoaRvzsR3DkW7TGLCPM,"tourist_attraction, point_of_interest, establishment",Pernem,15.683735,73.969832,,,['nature'],0,1,1.0,0.9906947261663286,0.2447363303873106,0.6923113678547214,0.9084657038498933,0.7620665974740116
Koni Kade Artificial Waterfall,"MXC8+HFH, Koni Kade ,Kharpal, Kasai",3.7,41.0,ChIJiTSH7ByRvzsR-yXq5MPVls8,"tourist_attraction, point_of_interest, establishment",Pernem,15.6714474,73.9662376,,,['nature'],0,1,0.675,0.6789716748768473,0.3228643365307619,0.5365287395384131,0.9084657038498933,0.5905877759223195
DONGARPAL WATERFALL,"QVHW+XMW, Dongarpal",4.6,22.0,ChIJS72uZq-NvzsRT4aeUdjuuH0,"tourist_attraction, point_of_interest, establishment",Pernem,15.7799988,73.8967091,,,['nature'],0,1,0.8999999999999999,0.8974700149925037,0.27084771076876296,0.6468210933030073,0.9084657038498933,0.711992858466655
Bicholim Municipal Garden,"HWQW+2HR, Dicholi, Goa 403504, India",3.5,108.0,ChIJ3-0W9XGWvzsRvjnQXdqZ9QQ,"park, point_of_interest, establishment",Bicholim,15.5876232,73.9463755,,,['nature'],0,1,0.625,0.6269890857323632,0.40524419655008526,0.538291130059452,0.9084657038498933,0.592527739658507
Anjunem Dam,"Anjunem Dam, Ghonteli, Gulle, Goa 403506, India",4.4,167.0,ChIJwzyVywKZvzsRudibcMiJqo0,"tourist_attraction, point_of_interest, establishment",Bicholim,15.6168114,74.088487,,,['nature'],2,3,0.8500000000000001,0.8499512520525453,0.4954905600053412,0.7081669752336637,0.939998873130649,0.7533700257268677
The Our Lady On The Mount Chapel,"GW3F+R9, Old Goa, Goa 403110, India",4.0,129.0,ChIJOZ0xvOS_vzsRwQVuIXvcIxo,"tourist_attraction, point_of_interest, establishment",Bicholim,15.5044718,73.9233285,,,"['historical', 'religious']",0,1,0.75,0.7507062334217507,0.4204634013663169,0.6186091005995772,0.9084657038498933,0.6809383094794194
BICHOLIM WALKING PARK,"Bicholim bustand, Dicholi, Goa 403529, India",3.9,155.0,ChIJV4BUh26WvzsRXytfhfdOgAA,"park, point_of_interest, establishment",Bicholim,15.5872037,73.9507301,,,['nature'],0,1,0.725,0.7257487842617153,0.4362125537744346,0.6099342920668029,0.9084657038498933,0.6713894530988073
Bicholim Municipal Park 2,"HWWW+RJC, Bhaili Peth, Sudha Colony, Borden, Dicholi, Goa 403504, India",3.6,152.0,ChIJH0M8PHuWvzsRSQDMUCC-zU0,"park, point_of_interest, establishment",Bicholim,15.597054,73.946528,,,['nature'],0,1,0.65,0.6512536623844941,0.43453519647771616,0.5645662760217829,0.9084657038498933,0.621450291000822
Mathwada river dam,"H2F9+P7H, State Highway 4, Pariye",3.5,10.0,ChIJhRTNIiuXvzsRnsnVT-Q1vqw,"tourist_attraction, point_of_interest, establishment",Bicholim,15.574307,74.018225,,,['nature'],2,3,0.625,0.6447100313479623,0.23187799061994893,0.47957721505675693,0.939998873130649,0.5101891382694256
Ghogal waterfall,"HX8P+VHJ, Karapur",5.0,2.0,ChIJV_zNYgCXvzsRlMvG5NmzRAU,"tourist_attraction, point_of_interest, establishment",Bicholim,15.5672137,73.9863965,,,['nature'],0,1,1.0,0.9472701149425287,0.09489943304520278,0.6063218421835983,0.9084657038498933,0.6674130235342175
Three waterfall morlem,"Ground Floor, opposite LIC Office, Gokulwadi, Morle",4.2,11.0,ChIJ_cRUhCOZvzsR2sAUSi7_kqY,"tourist_attraction, point_of_interest, establishment",Bicholim,15.5845151,74.0593872,,,['nature'],2,3,0.8,0.8034841954022989,0.24029204584842626,0.5782073355807498,0.939998873130649,0.6151149241860694
Sonshe mine mini beach,"G3J5+5F3, Pissurle",4.3,3.0,ChIJKaWgLgCjvzsR4uNz22DJObw,"tourist_attraction, point_of_interest, establishment",Bicholim,15.5303923,74.0586595,,,['beaches'],2,3,0.825,0.8292025862068965,0.13405554217099272,0.551143768592535,0.939998873130649,0.5863238609605571
Dabem vaircho trek waterfall,"H456+P3V, Dabem, Jarma, Goa 403506, India",5.0,1.0,ChIJT9LKYACjvzsRJqvn73XzNrE,"tourist_attraction, point_of_interest, establishment",Sattari (Valpoi),15.5593564,74.1101854,,,"['adventure', 'nature']",2,3,1.0,0.9209051724137931,0.06702777108549636,0.5793542118824744,0.939998873130649,0.6163350068207484
Massorde spring,"G4GV+3J, Valpoy, Massorde, Goa 403506, India",5.0,4.0,ChIJV1l3DMahvzsR_WKW_p-ZeeA,"tourist_attraction, point_of_interest, establishment",Sattari (Valpoi),15.5227656,74.143643,,,['nature'],2,3,1.0,0.9683620689655172,0.15563366482109278,0.6432707073077475,0.939998873130649,0.684331360063599
Saleli spring waterfall,"H38Q+544, Salili, Goa 403530, India",4.4,37.0,ChIJQScdwgOjvzsRR2-xVLKMFbY,"park, point_of_interest, establishment",Sattari (Valpoi),15.5653789,74.0878173,,,['nature'],2,3,0.8500000000000001,0.8497844827586207,0.3517568840443748,0.6505734432729224,0.939998873130649,0.6921002374249657
Satrem Second Waterfall,"J6MV+2XP, Nagargaon, Goa 403506, India",4.6,11.0,ChIJtxLV4vh1vzsRgfmn086OG64,"park, point_of_interest, establishment",Sattari (Valpoi),15.6325999,74.2449393,,,['nature'],2,3,0.8999999999999999,0.8951508620689653,0.24029204584842626,0.6332073355807496,0.939998873130649,0.6736256326264138
WaterFall Gho Gho,"G4WJ+P2R, Koparde, Goa 403506, India",3.5,31.0,ChIJPfdYY-ihvzsRhjO27of2siA,"tourist_attraction, point_of_interest, establishment",Sattari (Valpoi),15.5468551,74.1300143,,,['nature'],2,3,0.625,0.631775323275862,0.33513885542748184,0.51312073613651,0.939998873130649,0.5458737779414254
Kudnem Important Bird and Biodiversity Area,"Kudne, Goa 403505, India",4.9,8.0,ChIJGUzc3We9vzsR0jH48u3EoiM,"park, point_of_interest, establishment",Sattari (Valpoi),15.5360625,74.0025625,,,['nature'],2,3,0.9750000000000001,0.9602011494252873,0.21247300735486707,0.6611098925971193,0.939998873130649,0.7033092395050484
"Mangrove Boating & Wildlife Tour: Crocodiles, Birdwatching & Fishing by GoaSay","Vanxim Island, Panaji, Goa 403403, India",5.0,187.0,ChIJ8xU_9vG_vzsR70nvInd_y4w,"tourist_attraction, point_of_interest, establishment",Sattari (Valpoi),15.5418446,73.9067666,,,['nature'],0,1,1.0,0.9991585656639765,0.4523300700096164,0.7804271674022325,0.9084657038498933,0.8590606823074779
Salvador Do Mundo - Wetlands,"GVH4+3JF, Betim–Penha de Franca–Pomburpa, Aldona Soddo Rd, Quitula, Salvador du Mundu, Goa 403101, India",4.6,45.0,ChIJj9u39x2_vzsRlV6-GyV6fYM,"park, point_of_interest, establishment",Sattari (Valpoi),15.5276975,73.8565467,,,['nature'],0,1,0.8999999999999999,0.8987350074962518,0.3307225866740438,0.6715300391673685,0.9084657038498933,0.7391914040580293
Narve-Tikhazan Marsh (Birdwatching),"HW36+GVC, Narva, Maem, Goa 403504, India",4.5,4.0,ChIJVboGXea_vzsRbF6l5TBDG7Q,"park, point_of_interest, establishment",Sattari (Valpoi),15.5538125,73.9121406,,,['nature'],0,1,0.875,0.8683620689655174,0.1390251565423659,0.5766273039962567,0.9084657038498933,0.6347265521996341
Mhadei Wildlife Forest Rangers Office,"H5PQ+VXX, Nagargaon, Maloli, Goa 403506, India",4.1,10.0,ChIJD4wk642fvzsR9nUMoeMrCaM,"point_of_interest, establishment",Sattari (Valpoi),15.5872272,74.1899858,,,['nature'],2,3,0.7749999999999999,0.7810736677115987,0.23187799061994893,0.5613953968749388,0.939998873130649,0.597229861569112
St. Cruz Wetlands,"FRCQ+J24, Santa Cruz, Goa 403005, India",4.2,81.0,ChIJk9d499_BvzsRB3I4JZwMnZI,"park, point_of_interest, establishment",Sattari (Valpoi),15.4715066,73.8375808,,,['nature'],0,1,0.8,0.800509882253995,0.38065763733787705,0.6325689842875478,0.9084657038498933,0.6963047494328611
Valpoi,"G4H4+8W, Pissurle, Valpoy, Goa 403506, India",4.6,27.0,ChIJrxosfsKjvzsRH8AQ3XdfQZc,"park, point_of_interest, establishment",Sattari (Valpoi),15.5283597,74.1072846,,,['nature'],2,3,0.8999999999999999,0.8979217980295565,0.3222262852424113,0.6676435929146984,0.939998873130649,0.7102599928562933
Bird Watching Spot,"8WJ2+9QP, Arossim, Goa 403712, India",4.2,219.0,ChIJQefFIx23vzsRa9tEtr74_Y0,"park, point_of_interest, establishment",Sattari (Valpoi),15.3309671,73.9019438,,,['nature'],3,4,0.8,0.8001900470219436,0.5769381575167999,0.7108892912198861,0.9195891177403319,0.7730510045255046
Chatrapati Shivaji Maharaj Park Valpoi.,"G4HP+X94, Massorde, Goa 403506, India",3.8,5.0,ChIJN4o807OhvzsRRlmeXNfnCTA,"park, point_of_interest, establishment",Sattari (Valpoi),15.5298909,74.1359564,,,['nature'],2,3,0.7,0.7236350574712644,0.17326427476292988,0.5034867443879306,0.939998873130649,0.5356248382629196
Tajbi Gardens,"G4G9+XHP, Naguem, Goa 403506, India",4.0,21.0,ChIJqVlCQyuivzsRxpl1zsOBV9Q,"park, point_of_interest, establishment",Sattari (Valpoi),15.5274508,74.1189413,,,['nature'],2,3,0.75,0.754173197492163,0.2989057617054453,0.5720662231774759,0.939998873130649,0.608581818052845
Siranguli Waterfall,"F5VP+34F, Siranguli, Shelpi Khurd, Goa 403506, India",4.3,15.0,ChIJAQBezUChvzsRjuFltXoRB0g,"park, point_of_interest, establishment",Sattari (Valpoi),15.4926771,74.1853027,,,['nature'],2,3,0.825,0.8260506465517241,0.26811108434198544,0.6028748216678286,0.939998873130649,0.6413569621205663
Mhadai River New Dam,"F39W+RW, Pale, Mastakwada, Goa 403105, India",4.3,53.0,ChIJLa0Fy2GlvzsR3tBpNwwS_vk,"tourist_attraction, point_of_interest, establishment",Sattari (Valpoi),15.4692702,74.0921429,,,['nature'],2,3,0.825,0.8253113026819924,0.38573728211779695,0.6494816944563142,0.939998873130649,0.6909388011213539
Spring Valley,"Advai Desaiwada, Birondem VP, Goa 403530, India",5.0,5.0,ChIJhWohAACjvzsRWf1N3RjmvO4,"park, point_of_interest, establishment",Sattari (Valpoi),15.4966217,74.1005419,,,['nature'],2,3,1.0,0.9736350574712644,0.17326427476292988,0.6534867443879305,0.939998873130649,0.6951994976456779
Chorlagundi Waterfalls || Karnataka,"M45G+J2, Sada",4.5,140.0,ChIJKR7eRVmfvzsRBB_fqZZ58sc,"tourist_attraction, point_of_interest, establishment",Sattari (Valpoi),15.65909,74.125062,,,['nature'],2,3,0.875,0.8747646123746637,0.47854821370173234,0.7162780529054912,0.939998873130649,0.7619988421049275
Vazra Sakla Waterfalls (Karnataka),"M454+CV, Sada",4.7,146.0,ChIJw9Xdk1eZvzsRym4wkFNdRUM,"tourist_attraction, point_of_interest, establishment",Sattari (Valpoi),15.6585625,74.1071875,,,['nature'],2,3,0.925,0.924434083978419,0.48257798982027067,0.7476916463151596,0.939998873130649,0.7954175985605029
Gulambe waterfall chorla,"M46C+4H, Sada",5.0,3.0,ChIJMTH1LACZvzsRN7gDri_NMLM,"tourist_attraction, point_of_interest, establishment",Sattari (Valpoi),15.660319,74.121424,,,['nature'],2,3,1.0,0.9604525862068966,0.13405554217099272,0.629893768592535,0.939998873130649,0.6701005571365052
Bāndalagange Waterfalls || Karnataka,"M487+3PV, Sada",5.0,4.0,ChIJL4qt6bGbvzsRuZpoEqv1_3Y,"tourist_attraction, point_of_interest, establishment",Sattari (Valpoi),15.6652373,74.1142822,,,['nature'],2,3,1.0,0.9683620689655172,0.15563366482109278,0.6432707073077475,0.939998873130649,0.684331360063599
Sādagundi Waterfalls || Karnataka,Sada,4.7,151.0,ChIJ0dIqx2qbvzsRfCxx1v1EE_Y,"tourist_attraction, point_of_interest, establishment",Sattari (Valpoi),15.6628497,74.1006311,,,['nature'],2,3,0.925,0.9244526996370237,0.4858124262153675,0.7489965902683613,0.939998873130649,0.7968058384728078
Goali Waterfall,"M53G+24, Goali",3.5,4.0,ChIJAzN2SgCfvzsRA_oJEf6HgfI,"tourist_attraction, point_of_interest, establishment",Sattari (Valpoi),15.6526236,74.1753413,,,['nature'],2,3,0.625,0.6683620689655172,0.15563366482109278,0.46327070730774744,0.939998873130649,0.4928417688042889
Ustem Dam,"H654+CH5, nagargoan dhave,ustem toad",4.5,72.0,ChIJZ-amTOGhvzsRAZtAXuBPtok,"tourist_attraction, point_of_interest, establishment",Sattari (Valpoi),15.5585012,74.2064777,,,['nature'],2,3,0.875,0.8745453471894189,0.4148901435919933,0.6906832657504486,0.939998873130649,0.7347703124899934
Dolphin Boat trip and kayaking,"beach, Palolem, Canacona, Goa 403702, India",4.0,52.0,ChIJ7RmQzOFFvjsRij98A3qs2rA,"tourist_attraction, point_of_interest, establishment",Canacona,15.0114217,74.0213312,,,"['adventure', 'beaches']",1,2,0.75,0.7517322706571243,0.38646608832958756,0.6056257977261096,0.9399987939967839,0.6442835901427568
Praia da Luis e Cris / beach,"House No: 270, Neptune Point Colomb Beach, via, Palolem, Canacona, Goa 403702, India",4.5,6.0,ChIJ41Yv36dFvjsRXFiUkgGKvvw,"tourist_attraction, point_of_interest, establishment",Canacona,15.0022031,74.0283995,,,['beaches'],1,2,0.875,0.8702586206896552,0.18941385165642152,0.5979207130763616,0.9399987939967839,0.6360866810627072
PALOLEM BEACH MANGROVE FOREST,"2289+82, Canacona, Goa, India",4.4,28.0,ChIJdZbyNbFFvjsR_c8vzqieQL0,"tourist_attraction, point_of_interest, establishment",Canacona,15.0158338,74.0175332,,,"['beaches', 'nature']",1,2,0.8500000000000001,0.849717598097503,0.3277707725271825,0.6409388678693748,0.9399987939967839,0.6818507342378226
Mitansh_boat_trip,"End of palolem beach, end of road, Palolem, Canacona, Goa 403702, India",5.0,5.0,ChIJF0dLRrFFvjsRdCulOZjvCM8,"tourist_attraction, point_of_interest, establishment",Canacona,15.0136087,74.0160597,,,['beaches'],1,2,1.0,0.9736350574712644,0.17440890704697395,0.6539445973015482,0.9399987939967839,0.6956866343636879
Dragonfly Beach,"2294+8Q, Canacona, Chauri, Goa 403702, India",4.5,22.0,ChIJZ74AN0FFvjsRzdj0wEYZ5c4,"tourist_attraction, point_of_interest, establishment",Canacona,15.0182525,74.0069794,,,['beaches'],1,2,0.875,0.8735569715142429,0.3052073275705443,0.6462171139367635,0.9399987939967839,0.687465896832815
Way To Palolem Beach,"226P+CG2, MDR49, Nagorcem, Canacona, Goa 403702, India",4.5,389.0,ChIJhaL1c65avjsRRD7QuD02P7w,"tourist_attraction, point_of_interest, establishment",Canacona,15.0110003,74.0362607,,,['beaches'],1,2,0.875,0.8749148983200707,0.5807415280471387,0.7572455502108979,0.9399987939967839,0.8055814061113452
Beach Viewpoint,"224G+2R4, Ourem Rd, south end, Palolem, Canacona, Goa 403702, India",4.8,16.0,ChIJ3SiDDgBFvjsRHoWQyxC7GvU,"tourist_attraction, point_of_interest, establishment",Canacona,15.005029,74.0268043,,,['beaches'],1,2,0.95,0.9436359026369168,0.27578346940766363,0.6764949293452155,0.9399987939967839,0.7196763800821749
Pathway to Beach,"227F+39J, Dr Pundlik Gaitonde Rd, Palolem, Canacona, Goa 403702, India",4.8,4.0,ChIJCZ77HmNFvjsR7r5jIYFwtnA,"tourist_attraction, point_of_interest, establishment",Canacona,15.0127021,74.0233801,,,['beaches'],1,2,0.95,0.9283620689655172,0.15666182436224496,0.6196819711242083,0.9399987939967839,0.6592369852831199
Kolz Bon Beach Wedding,"81/5, Palolem, Canacona, Goa 403702, India",5.0,2.0,ChIJsdnjfXRFvjsR2vumsP9H730,"tourist_attraction, point_of_interest, establishment",Canacona,15.0038117,74.0265002,,,['beaches'],1,2,1.0,0.9472701149425287,0.10693833174914388,0.6111374016651747,0.9399987939967839,0.6501470061112288
Palolem beach Mr Lucky Boat service,"Palolem, Canacona, Goa 403702, India",4.6,5.0,ChIJE5JEvypFvjsRkHpy_9BiESo,"tourist_attraction, point_of_interest, establishment",Canacona,15.010524,74.0225425,,,['beaches'],1,2,0.8999999999999999,0.890301724137931,0.17440890704697395,0.6039445973015481,0.9399987939967839,0.6424950767581671
Palolem Kayaking Spot,"10, Ourem Rd, Mohanbagh, Palolem, Canacona, Goa 403702, India",4.6,18.0,ChIJzdM4Sz9FvjsRgR61wBTungc,"tourist_attraction, point_of_interest, establishment",Canacona,15.0076952,74.0261434,,,['adventure'],1,2,0.8999999999999999,0.8969373865698729,0.2866101131555196,0.6528064772041315,0.9399987939967839,0.6944758667492131
Palolem boat kayaking backwater,"Beach, near st.cruz chapel, Palolem, Canacona, Goa 403702, India",4.9,107.0,ChIJRwiKArBFvjsRWln8gzgJsjU,"tourist_attraction, point_of_interest, establishment",Canacona,15.0130747,74.0159922,,,"['adventure', 'beaches', 'religious']",1,2,0.9750000000000001,0.9737667624521072,0.4557561458430918,0.766562515808501,0.9399987939967839,0.8154930843572165
Rudra Boat Trip Talpona,"Jetty, Talpona, beach, Poingunin, Goa 403702, India",5.0,48.0,ChIJkX24D9ZbvjsRYzJ62aS4hP8,"tourist_attraction, point_of_interest, establishment",Canacona,14.9829136,74.0398425,,,['beaches'],1,2,1.0,0.9967716396903589,0.37882770331284304,0.7495940651393526,0.9399987939967839,0.7974415179323275
Palolem,"226C+VG5, Inside of Palolem Beach Resort, Palolem, Canacona - Goa Cancona, Palolem, Canacona, Goa 403702, India",4.3,7.0,ChIJJafqPTlFvjsR6D6gcWgoETM,"tourist_attraction, point_of_interest, establishment",Canacona,15.012134,74.02137,,,['beaches'],1,2,0.825,0.8271012931034483,0.2024117258934903,0.5772254662194651,0.9399987939967839,0.6140704327557255
Sahil Boat Trips,"Patnem canacona goa, South goa ,403702 Patnem beach, Canacona, Goa 403702, India",5.0,58.0,ChIJ471hdIlbvjsR_MMjI3PVPuE,"tourist_attraction, travel_agency, point_of_interest, establishment",Canacona,14.9991402,74.0321115,,,['beaches'],1,2,1.0,0.9973188194038575,0.396905310812225,0.7571534159672044,0.9399987939967839,0.805483390832728
Hidden Lotus Cave Patnem,"X2VP+Q35 patnem beach Patnem, Palolem, Canacona, Goa 403702, India",3.4,16.0,ChIJG9Sszt5bvjsRNsEFXe9XoU0,"tourist_attraction, point_of_interest, establishment",Canacona,14.9943825,74.0352404,,,['beaches'],1,2,0.6,0.6142241379310345,0.27578346940766363,0.4788478705216861,0.9399987939967839,0.5094132817827045
All day kayak adventure,"Palolem Down St, Palolem, Canacona, Goa 403702, India",4.8,13.0,ChIJ5wuzXnZFvjsRjEUe0CzKj9k,"tourist_attraction, point_of_interest, establishment",Canacona,15.0114947,74.0211434,,,['adventure'],1,2,0.95,0.9422721674876847,0.2568844269542516,0.6681170712743115,0.9399987939967839,0.7107637536783876
River queen boat trip and kayaking by Tulsidas ji,"X3V5+JFR, Canacona, Poingunin, Goa 403702, India",5.0,5.0,ChIJ9dbnRgBbvjsRy72DZZVaiWo,"tourist_attraction, point_of_interest, establishment",Canacona,14.9941098,74.0586288,,,['adventure'],1,2,1.0,0.9736350574712644,0.17440890704697395,0.6539445973015482,0.9399987939967839,0.6956866343636879
Talpona Beach,"Talpona Beach, Goa, India",4.7,469.0,ChIJrWx_htdavjsRuZH5wuHKgRA,"natural_feature, establishment",Canacona,14.9780088,74.0419464,,,['beaches'],1,2,0.925,0.9248230007336758,0.5989037050256788,0.794455282450477,0.9399987939967839,0.8451662784294968
Colomb Beach,"Colomb Beach, Goa, India",4.5,237.0,ChIJ0ROleEtFvjsRqkMyxRepPu8,"natural_feature, establishment",Canacona,15.0026499,74.0271825,,,['beaches'],1,2,0.875,0.8748605476673428,0.5326678963619152,0.7379834871451717,0.9399987939967839,0.7850898233681103
Cocos Beach Resort,"Mohan bhag, Beach, Mohanbagh, Palolem, Canacona, Goa 403702, India",4.2,682.0,ChIJL3vHrz5FvjsRi3G6CoAczGo,"lodging, point_of_interest, establishment",Canacona,15.0080706,74.0258535,,,['beaches'],1,2,0.8,0.800061215731812,0.6352855139623406,0.7341509350240234,0.9399987939967839,0.7810126350295459
Blue Lagoon Beach cola,"3X4C+RM7, Cola Beach Rd, Kola, Goa 403702, India",4.2,12.0,ChIJZ1vqOgBPvjsRklMoMVbIxCo,"tourist_attraction, point_of_interest, establishment",Canacona,15.0570292,73.9716718,,,['beaches'],1,2,0.8,0.8032161803713528,0.24967079663791977,0.5817980268779795,0.9399987939967839,0.6189348652291676
Soneca Cola Beach Resort,"Cola Beach Rd, behind cola, Canacona, Kola, Goa 403702, India",4.3,481.0,ChIJ7V_1IP1PvjsRxC9dEyeFMwQ,"lodging, restaurant, point_of_interest, food, establishment",Canacona,15.0609485,73.9701669,,,"['beaches', 'food']",1,2,0.825,0.8250348762340821,0.6013577710813306,0.7355640341729814,0.9399987939967839,0.7825159339252281
Turtle Beach,"Turtle Beach, Poingunin, Goa 403702, India",4.6,211.0,ChIJoz6KFzxbvjsR3KwmyqFf0QY,"natural_feature, establishment",Canacona,14.9599248,74.0489962,,,['beaches'],1,2,0.8999999999999999,0.8997255204944696,0.5214072389252478,0.7483982078667809,0.9399987939967839,0.796169327712288
Goa Best Beach Accommodation,"Goa Best Beach Accommodation, Palolem, Canacona, Goa 403702, India",4.2,84.0,ChIJVzFukFFFvjsRbm9h-6Jb93A,"natural_feature, establishment",Canacona,15.0095819,74.0235293,,,['beaches'],1,2,0.8,0.8004918864097363,0.4324452937699086,0.6532732493538052,0.9399987939967839,0.6949724335029734
Xandrem Beach,"Xandrem Beach, Goa, India",4.1,65.0,ChIJKUVRlVtbvjsRLyO4EGoiBWc,"natural_feature, establishment",Canacona,14.9386335,74.0459854,,,['beaches'],1,2,0.7749999999999999,0.7760122779519331,0.407818748559936,0.6287348661951342,0.9399987939967839,0.6688677370763577
Rajbag Beach,"Rajbag Beach, Goa, India",4.5,751.0,ChIJjfn2ZM5avjsRcWvuVzdlk_8,"natural_feature, establishment",Canacona,14.9850204,74.038458,,,['beaches'],1,2,0.875,0.8749558648202495,0.6446536065569242,0.7828349615149193,0.9399987939967839,0.8328042190207295
Agonda Beach,"Agonda Beach Rd, Agonda, Goa 403702, India",4.7,106.0,ChIJsZjTYDtPvjsRJSOzYdXqIjU,"tourist_attraction, point_of_interest, establishment",Canacona,15.0469828,73.9846745,,,['beaches'],1,2,0.925,0.9242225265871737,0.45485065592381435,0.73647377832183,0.9399987939967839,0.7834837480912235
Cola backwaters kayaking spot,"Cola Beach Rd, Canacona, Kola, Goa 403702, India",4.6,57.0,ChIJD4hhuDtPvjsR_Wfabyrh0oQ,"tourist_attraction, point_of_interest, establishment",Canacona,15.05696,73.9714593,,,"['adventure', 'beaches']",1,2,0.8999999999999999,0.8989967300832342,0.3952413478250126,0.6974945771799455,0.9399987939967839,0.7420164596321087
Parental Umbrage - A Boat Trip Adventure,"near Lalit Resort, Rajbag, Tarir, Canacona, Chauri, Goa 403702, India",4.9,26.0,ChIJ1WgQ57tbvjsRJWv2aHVT1J8,"tourist_attraction, point_of_interest, establishment",Canacona,14.9855084,74.0383984,,,['adventure'],1,2,0.9750000000000001,0.9700670498084291,0.3208149952474316,0.7103662279840302,0.9399987939967839,0.7557097227365811
Cola BEACH,"3X4C+FW4, Cola Beach Rd, Kola, Goa 403702, India",4.3,12.0,ChIJE5zySQBPvjsRQwQQfA_mt6I,"tourist_attraction, point_of_interest, establishment",Canacona,15.0561288,73.9723403,,,['beaches'],1,2,0.825,0.8262931034482758,0.24967079663791977,0.5956441807241334,0.9399987939967839,0.6336648350276195
Colomba Spring pond,"44XM+R46, Major District Road 36, Kolamba",4.0,4.0,ChIJLzvIN8NVvjsReliWVyBbf0E,"tourist_attraction, point_of_interest, establishment",Canacona,15.1495311,74.1327804,,,['nature'],1,2,0.75,0.7683620689655173,0.15666182436224496,0.5236819711242083,0.9399987939967839,0.55710919468052
Zariwada Spring Cortali,"647V+QGF, Kotarli",4.1,10.0,ChIJg69SJj2rvzsRKMZgKUW6HD4,"tourist_attraction, point_of_interest, establishment",Canacona,15.2147666,74.1425936,,,['nature'],1,2,0.7749999999999999,0.7810736677115987,0.23340984151296204,0.562008137232144,0.9399987939967839,0.5978817641271005
Salaulim dam,"655G+G78, Shelpe",4.4,145.0,ChIJe_8OUG1VvjsRTK5ENpqAYo8,"tourist_attraction, point_of_interest, establishment",Canacona,15.2099027,74.176029,,,['nature'],1,2,0.8500000000000001,0.8499439064714219,0.4851015992781023,0.7040069835940941,0.9399987939967839,0.7489445604506837
Don Bosco Dam,"446X+9P, Sulcorna",4.7,6.0,ChIJVyyky2pXvjsR4EMSBhEtkfQ,"tourist_attraction, point_of_interest, establishment",Canacona,15.1109173,74.1493259,,,['nature'],1,2,0.925,0.913115763546798,0.18941385165642152,0.6236349987906473,0.9399987939967839,0.6634423392598321
Quepem Dam,"636G+M5F, Quepem",4.1,385.0,ChIJAQBkkymtvzsRfsDLIjF64Gw,"tourist_attraction, point_of_interest, establishment",Canacona,15.2116832,74.0754267,,,['nature'],3,4,0.7749999999999999,0.77517308379489,0.6370758471694186,0.7199341891447015,0.9195891177403319,0.7828868080929077
Old Bridge Curpem,"45HQ+8HX, Kurpe",4.7,6.0,ChIJkW4juaNVvjsR4GJEu-QDzhM,"tourist_attraction, point_of_interest, establishment",Canacona,15.1283741,74.188976,,,['historical'],1,2,0.925,0.913115763546798,0.18941385165642152,0.6236349987906473,0.9399987939967839,0.6634423392598321
Bhati waterfall,"663C+3W3, Bati, Goa 403704, India",5.0,1.0,ChIJCQ9zHwD_vjsR610iVIUUfvI,"park, point_of_interest, establishment",Sanguem,15.2026283,74.2223068,,,['nature'],1,2,1.0,0.9209051724137931,0.0674705752978301,0.5795313335674079,0.9399987939967839,0.6165234862731013
RAJ DUDHSAGAR WATERFALLS,"Gudi, Paroda, Margao, Goa 403714, India",5.0,1.0,ChIJnQ8VZmmtvzsRHOG0_45A7Ds,"amusement_park, point_of_interest, establishment",Sanguem,15.2428627,74.0355993,,,['nature'],3,4,1.0,0.9209051724137931,0.07414361740841162,0.5822005504116405,0.9195891177403319,0.6331094389658043
Timba Falls,"C72C+5W, Mollem, Goa 403410, India",4.7,15.0,ChIJfSw8rCQHvzsRyytIOathsMs,"tourist_attraction, point_of_interest, establishment",Sanguem,15.4004647,74.2723568,,,['nature'],2,3,0.925,0.9198006465517241,0.26811108434198544,0.6591248216678286,0.939998873130649,0.7011974593891006
Dr.Sophia Waterfall pond,"964V+3Q, Kolem, Goa 403410, India",4.6,24.0,ChIJ8aHyumgHvzsRlxtGSwzs1yA,"tourist_attraction, point_of_interest, establishment",Sanguem,15.355223,74.2444893,,,['nature'],2,3,0.8999999999999999,0.8976724137931034,0.31126732964218556,0.6631103801327363,0.939998873130649,0.7054374202856853
waterfall spot,"8867+86H, Sonauli, Goa 403410, India",4.4,28.0,ChIJqywLW10DvzsRe-CytWkMWNI,"park, point_of_interest, establishment",Sanguem,15.3108179,74.3131114,,,['nature'],2,3,0.8500000000000001,0.849717598097503,0.32561963807910277,0.640078414090143,0.939998873130649,0.6809352993779382
Dragon Waterfall aka Agnela Fond,"626V+65V, Deao, Quepem, Talewada, Goa 403705, India",4.3,6.0,ChIJQ9YzN7WtvzsR74ssFkb3oXA,"tourist_attraction, point_of_interest, establishment",Sanguem,15.2106197,74.042919,,,['nature'],3,4,0.825,0.8274014778325123,0.2081474492706602,0.5796998664077715,0.9195891177403319,0.6303900896872767
Dudhsagar waterfall parking,"86PV+WXW, Kolem, Goa 403410, India",4.4,100.0,ChIJ6ZwNrMUHvzsRrs9Nnx4i9AU,"tourist_attraction, point_of_interest, establishment",Sanguem,15.3372386,74.2449805,,,['nature'],2,3,0.8500000000000001,0.8499189143052237,0.44628507510471066,0.6884653786250184,0.939998873130649,0.7324108552727272
"Devils Canyon, Dudhsagar Waterfalls Trail","8873+2WV, Sonauli, Goa 403410, India",4.2,23.0,ChIJB8JstKwGvzsR9P-DIj9isWc,"park, point_of_interest, establishment",Sanguem,15.3126009,74.3047931,,,['nature'],2,3,0.8,0.8017420977011495,0.30731981693392263,0.6039731853942587,0.939998873130649,0.6425254355707226
Cotigao Wildlife Sanctuary Entrance,"X4Q2+86M, NH 66, Poingunin, Goa 403702, India",4.1,156.0,ChIJV9uvKjZavjsRpRXYOZ88X3M,"zoo, park, point_of_interest, establishment",Sanguem,14.9883475,74.1005476,,,['nature'],1,2,0.7749999999999999,0.7754255435976278,0.4921722585072063,0.6621242295614592,0.9399987939967839,0.7043883819745886
Bhagwan mahavir national park,"96VQ+9C8, NH748, Mollem, Goa 403410, India",4.5,4.0,ChIJ2yBY5zIHvzsRieP4sYsmZEQ,"park, point_of_interest, establishment",Sanguem,15.3934028,74.2385878,,,['nature'],2,3,0.875,0.8683620689655174,0.15563366482109278,0.5832707073077474,0.939998873130649,0.6205014963104956
Natures Nest Goa,"Surla, Sakvorde, Darbandora, Goa 403406, India",4.6,842.0,ChIJIb7U4nKxvzsRLDNZYl4vVY4,"travel_agency, lodging, restaurant, point_of_interest, food, establishment",Sanguem,15.410787,74.2005296,,,"['food', 'nature']",2,3,0.8999999999999999,0.8999309731255368,0.6514689689810383,0.8005461714677373,0.939998873130649,0.8516458842142364
Badsarem hills,"25W5+HV8, Gaundongren, Goa 403702, India",4.5,6.0,ChIJs4_3_UlXvjsRKdM7oywQCSA,"park, point_of_interest, establishment",Sanguem,15.0464227,74.1597144,,,['nature'],1,2,0.875,0.8702586206896552,0.18941385165642152,0.5979207130763616,0.9399987939967839,0.6360866810627072
Strawberry Plantation,"26RX+XRM, Verlen, Goa 403704, India",4.5,191.0,ChIJpz2-MCT4vjsRIj_1cnk3YWE,"tourist_attraction, point_of_interest, establishment",Sanguem,15.0424651,74.2495537,,,"['food', 'nature']",1,2,0.875,0.8748271372126436,0.5117617835361244,0.729600995742036,0.9399987939967839,0.7761722678811567
Aqueous Spice Farm,"Tilamol – Rivona – Colomb – Curdi (Zambaulim), Kurpe, Goa 403704, India",4.7,31.0,ChIJmf2RnZdVvjsRSUKaYz2KxGE,"park, point_of_interest, establishment",Sanguem,15.1241694,74.1742121,,,"['food', 'nature']",1,2,0.925,0.9224003232758621,0.3373528764891505,0.6883813445611775,0.9399987939967839,0.7323215188758345
Dudhsagar Plantation,"Karmane Village, Mollem, Goa 403706, India",4.7,260.0,ChIJd_7s7g2pvzsR0zPOCYSiIw0,"lodging, point_of_interest, food, establishment",Sanguem,15.3296133,74.1601603,,,"['food', 'nature']",2,3,0.925,0.9246812656889946,0.5380926454339698,0.7700458175869846,0.939998873130649,0.8191986603370717
Mountain Top Ambe Forest Checkpost,"3578+7PG, Unnamed Road, Mangal, Goa 403704, India",3.8,12.0,ChIJUyqTjzRXvjsRStsomulWLSs,"tourist_attraction, point_of_interest, establishment",Sanguem,15.0631936,74.1668166,,,['nature'],1,2,0.7,0.7109084880636605,0.24967079663791977,0.5264134114933642,0.9399987939967839,0.56001498603536
Ancient Kadamba Shri Shiva Temple/ Nandi Bull,"7353+6XW, Cotta Chandor Goa, Kantivaddo Ravora, Chandor, Guirdolim, Goa 403714, India",4.3,92.0,ChIJ28ip8qKtvzsRlPcMLNDkz-E,"hindu_temple, place_of_worship, point_of_interest, establishment",Sanguem,15.258105,74.0549473,,,"['historical', 'nature', 'religious']",3,4,0.825,0.8251807563959954,0.4848368890636377,0.6890432094630523,0.9195891177403319,0.7492946536342334
Ruins of Lakshmi Narayana Swamy Temple,"452V+P96, Vichundrem, Digali, Goa 403704, India",4.6,21.0,ChIJl5gSxGpWvjsRoE1V_M81zJk,"hindu_temple, place_of_worship, point_of_interest, establishment",Sanguem,15.1017751,74.1933999,,,"['historical', 'religious']",1,2,0.8999999999999999,0.8973550156739811,0.30088041681079214,0.6587651761287054,0.9399987939967839,0.7008149162912217
Patnem Beach,"Patnem Beach, Goa, India",4.7,1796.0,ChIJI7UxkMpavjsRkdcBv7fN0QA,"natural_feature, establishment",Quepem,14.9968861,74.0335008,,,['beaches'],1,2,0.925,0.9249537063688523,0.7294496703315174,0.8467520919539184,0.9399987939967839,0.9008012535352418
Dudhsagar Watchtower,"8857+H9Q, Sonauli",4.5,59.0,ChIJCSnWIz8DvzsR5eMWjTFqWYI,"tourist_attraction, point_of_interest, establishment",Quepem,15.309264,74.3130526,,,['historical'],2,3,0.875,0.8744468390804597,0.39592571066951904,0.6830383877160835,0.939998873130649,0.7266374537676165
Dabal Nirankal kayaking ride,"9462+QFW, Nirankal, Kalsai, Goa 403706, India",4.6,5.0,ChIJOWcem4SvvzsREJPRs7F_Ryw,"tourist_attraction, point_of_interest, establishment",Dharbandora,15.3609967,74.101516,,,['adventure'],3,4,0.8999999999999999,0.890301724137931,0.19165847066856034,0.6108444227501827,0.9195891177403319,0.6642579941041334
Udear Waterfall,"8WXW+5F5 Udear Springs Waterfall, Verna, Lotli, Goa 403722, India",4.5,16.0,ChIJn4KOSACxvzsR6x_-SDeft1A,"tourist_attraction, point_of_interest, establishment",Dharbandora,15.347957,73.946223,,,['nature'],3,4,0.875,0.8730476673427991,0.3030592810727643,0.6450523128347851,0.9195891177403319,0.7014570968606559
Dudhsagar Trek,"Road, Mollem, Kolem, Goa 403410, India",4.7,12.0,ChIJxWknsiAHvzsRJLQ-TAVWxjY,"tourist_attraction, point_of_interest, establishment",Dharbandora,15.3358363,74.2434258,,,['adventure'],2,3,0.925,0.9186007957559682,0.24803222634323982,0.6503733679908767,0.939998873130649,0.6918873911250768
Hidden Waterfall,"25XG+WVJ, Mangal, Goa 403702, India",5.0,1.0,ChIJQY6pAgBXvjsRZFGL41GIuXo,"park, point_of_interest, establishment",Dharbandora,15.0498253,74.1771558,,,['nature'],1,2,1.0,0.9209051724137931,0.0674705752978301,0.5795313335674079,0.9399987939967839,0.6165234862731013
Ravna Dongar,"26R9+QRM, Cotigao, Goa 403704, India",4.4,7.0,ChIJ2dEzQ0P5vjsRtr_GXnNtIvo,"park, point_of_interest, establishment",Dharbandora,15.0419619,74.2195388,,,['nature'],1,2,0.8500000000000001,0.8489762931034484,0.2024117258934903,0.5903504662194652,0.9399987939967839,0.6280332166271747
