name,category,subcategory,latitude,longitude,description,entry_fee_inr,is_free,opening_time,closing_time,best_visit_time,duration_minutes,popularity_score,difficulty_level,facilities,instagram_tags,address,taluka,contact_number,website,parking_available,wheelchair_accessible,food_available,photo_spots,best_for,avoid_when,tips,last_verified_date,RESEARCH_STATUS
Calangute Beach,Beach,North Goa Beach,15.544500,73.755100,"Calangute Beach is one of North Goa's most iconic and bustling beaches, stretching approximately 7 kilometers along the Arabian Sea coastline. Known as the Queen of Beaches, Calangute attracts a diverse crowd of domestic and international tourists year-round. The beach offers golden sands perfect for sunbathing, swimming, and an array of water sports including parasailing, jet skiing, banana boat rides, and windsurfing. The shoreline is dotted with vibrant beach shacks serving fresh seafood, cold drinks, and authentic Goan cuisine.",0,TRUE,00:00,23:59,Sunset (17:00-18:30),120,9,Easy,Lifeguards|Toilets|Beach Shacks|Water Sports|Parking|ATM|First Aid,#CalanguteBeach|#GoaBeaches|#NorthGoa|#BeachLife|#GoaTourism,"Calangute Beach Road, Calangute, North Goa, Goa 403516",Bardez,+91-832-227-6745,https://www.goatourism.gov.in,Yes,Partial,Yes,8,Families|Couples|Adventure Seekers|Party Lovers,Monsoon (June-September)|Weekends can be very crowded,"Visit early morning (6-8 AM) for peaceful sunrise walks and fewer crowds. Always bargain with water sports vendors and only use licensed operators. Apply sunscreen generously.",2024-11-01,COMPLETE
Baga Beach,Beach,North Goa Beach,15.555600,73.751700,"Baga Beach is one of the most vibrant and popular beaches in North Goa, famous for its lively nightlife, water sports, and beachside shacks. Located just north of Calangute Beach, Baga offers a perfect blend of relaxation and entertainment. The beach is renowned for its numerous clubs and bars including the famous Tito's and Britto's. During the day, visitors can enjoy parasailing, jet skiing, banana boat rides, and dolphin watching tours. The beach transforms into a party hub after sunset with live music, DJ nights, and beach parties.",0,TRUE,00:00,23:59,Evening (18:00-23:00),150,9,Easy,Lifeguards|Toilets|Beach Shacks|Water Sports|Parking|ATM|Nightclubs|Shopping,#BagaBeach|#GoaNightlife|#BeachParty|#NorthGoa|#WaterSports,"Baga Beach Road, Baga, Calangute, North Goa, Goa 403516",Bardez,+91-832-227-9894,https://www.goatourism.gov.in,Yes,Partial,Yes,9,Party Lovers|Young Travelers|Couples|Adventure Seekers,Monsoon (June-September)|Can get overcrowded on weekends and holidays,"Best time for water sports is morning (9-11 AM) when waters are calmer. Book dolphin tours early morning for better sightings. Nightlife picks up after 9 PM.",2024-11-01,COMPLETE
Anjuna Beach,Beach,North Goa Beach,15.574400,73.740600,"Anjuna Beach is a popular beach destination located in North Goa, known for its vibrant Wednesday flea market and attractive shoreline. The beach offers soft golden sand with moderate waves, suitable for swimming during calm weather. Anjuna has a laid-back atmosphere compared to some of the busier beaches in Goa but still provides plenty of activities and entertainment. The beach is lined with shacks serving local and international cuisine, and offers options for water sports like parasailing and banana boat rides.",0,TRUE,00:00,23:59,Morning (7-10 AM) or Evening (17:00-19:00),120,8,Easy,Parking|Toilets|Beach Shacks|Water Sports|Restaurants|Shops|Sun Loungers,#AnjunaBeach|#GoaBeaches|#NorthGoa,"Anjuna Beach Road, Anjuna, Bardez, North Goa, Goa 403509",Bardez,+91-832-227-8910,https://www.goatourism.gov.in,Yes,Partial,Yes,8,Backpackers|Young Travelers|Couples|Families,Monsoon season (June-September)|Peak season crowds (Dec-Feb),"Visit early to avoid crowds. Bargain with vendors. Check weather before water sports. Visit the famous Wednesday flea market.",2024-11-01,COMPLETE
Vagator Beach,Beach,North Goa Beach,15.599200,73.736900,"Vagator Beach is a beautiful coastal destination in North Goa, known for its red cliffs, clean shoreline, and relaxed atmosphere. The beach features soft golden sand and is divided into two parts: the main Vagator Beach and the smaller, more intimate Ozran Beach nearby. Vagator offers stunning views of the Arabian Sea and has several cliff-side restaurants that provide spectacular sunset views. The beach is popular among tourists for sunbathing, swimming, and enjoying water sports like jet skiing and parasailing.",0,TRUE,00:00,23:59,Sunset (17:00-19:00),120,8,Easy,Parking|Toilets|Beach Shacks|Water Sports|Restaurants|Clifftop Views|Sun Loungers,#VagatorBeach|#GoaBeaches|#NorthGoa,"Vagator Beach Road, Vagator, Bardez, North Goa, Goa 403509",Bardez,+91-832-227-8890,https://www.goatourism.gov.in,Yes,Partial,Yes,8,Couples|Photographers|Families|Sunset Lovers,Monsoon season (June-September)|Midday heat (12-3 PM),"Visit during sunset for best views. Try cliff-side restaurants. Apply sunscreen. Choose beach shacks for food.",2024-11-01,COMPLETE
Arambol Beach,Beach,North Goa Beach,15.684200,73.704400,"Arambol Beach, also known as Harmal Beach, is a picturesque and serene destination in North Goa. Renowned for its distinct bohemian and laid-back atmosphere, it features a beautiful stretch of silvery sand, rocky cliffs, and is considered one of Goa's most visually appealing and greenest beaches. Key attractions include the Sweet Water Lake (Paliem Lake), a freshwater lagoon with sulphurous mud believed to have curative properties, and a famous Banyan Tree where The Beatles reportedly meditated. The beach is a prime location for paragliding and kite surfing.",0,TRUE,00:00,23:59,November to March,150,8,Easy,"Beach shacks|Yoga and wellness centers|Paragliding and kite surfing|Dolphin watching tours|Shopping stalls|Cafes and restaurants",#ArambolBeach|#GoaBeaches|#NorthGoa,"Arambol Beach, Arambol, Pernem, North Goa, Goa 403524",Pernem,NA,https://www.goatourism.gov.in,Yes,No,Yes,8,"Backpackers|Hippies|Yoga and wellness enthusiasts|Adventure seekers",Monsoon (June to September),"Explore the nearby Sweet Water Lake and the Banyan Tree. The beach is famous for its sunset drum circles. It's a great place for learning yoga, meditation, and other wellness activities.",2025-11-03,COMPLETE
Candolim Beach,Beach,North Goa Beach,15.517800,73.762200,"Candolim Beach is one of North Goa's longest beaches, known for its soft, glittering sand and a serene, tranquil environment. It is generally quieter than its neighbors like Calangute and Baga, making it ideal for those seeking a more relaxed experience. The beach offers a variety of water sports, including jet-skiing, parasailing, and banana boat rides. A major attraction at the southern end of the beach is the historic Fort Aguada, built by the Portuguese in 1612.",0,TRUE,00:00,23:59,November to April,120,8,Easy,"Water sports|Dolphin and crocodile spotting tours|Beach shacks|Sun loungers and parasols|Nightclubs and discos|Shops and restaurants",#CandolimBeach|#GoaBeaches|#NorthGoa,"Candolim Beach Road, Candolim, Bardez, North Goa, Goa 403515",Bardez,NA,https://www.goatourism.gov.in,Yes,Partial,Yes,8,"Families|Couples|Relaxation|Water sports enthusiasts",Monsoon (June to September),"Candolim offers a more relaxed atmosphere compared to Baga and Calangute. Visit Fort Aguada for a glimpse into Goa's history and for panoramic views. The road parallel to the beach is great for shopping and dining.",2025-11-03,COMPLETE
Morjim Beach,Beach,North Goa Beach,15.631700,73.732200,"Morjim Beach is a serene and tranquil destination in North Goa, often referred to as 'Little Russia' due to its popularity among Russian travelers. It is most famous for being a nesting ground for the endangered Olive Ridley Sea Turtles. The beach offers a relaxed atmosphere, making it a quieter alternative to more crowded Goan beaches. It's also an excellent spot for birdwatching.",0,TRUE,00:00,23:59,October to March,120,7,Easy,"Beach shacks|Water sports|Chapora River cruises|Yoga and wellness centers|Shopping stalls|Restaurants",#MorjimBeach|#TurtleBeach|#GoaBeaches,"Morjim Beach, Pernem, North Goa, Goa 403512",Pernem,NA,https://www.goatourism.gov.in,Yes,No,Yes,7,"Nature lovers|Turtle watchers|Birdwatchers|Relaxation",Monsoon (June to September),"Visit between November and March to witness the Olive Ridley turtle nesting season. It's a great place for birdwatching, especially during the winter months. Enjoy a peaceful and relaxing atmosphere compared to other North Goa beaches.",2025-11-03,COMPLETE
Ashwem Beach,Beach,North Goa Beach,15.663300,73.719400,"Ashwem Beach, also known as Ashvem Beach, is a serene and less crowded beach in North Goa, known for its pristine beauty, long stretches of golden sand, and clear, calm waters. It offers a peaceful ambiance, making it an ideal spot for those seeking a quiet vacation. The beach is also a nesting site for the endangered Olive Ridley Turtles.",0,TRUE,00:00,23:59,October to March,120,7,Easy,"Beach shacks|Water sports|Beach spas|Ayurvedic massage centers|Yoga and meditation retreats|Restaurants",#AshwemBeach|#GoaBeaches|#NorthGoa,"Ashwem Beach, Pernem, North Goa, Goa 403527",Pernem,NA,https://www.goatourism.gov.in,Yes,No,Yes,8,"Relaxation|Couples|Families|Wellness enthusiasts",Monsoon (June to September),"Ashwem is a great place for a quiet and relaxing beach holiday. It's less crowded than other North Goa beaches. Don't miss the opportunity to see the Olive Ridley turtles during the nesting season. The beach has some excellent restaurants, including the famous French restaurant, La Plage.",2025-11-03,COMPLETE
Sinquerim Beach,Beach,North Goa Beach,15.493900,73.770800,"Sinquerim Beach is a picturesque beach in North Goa, located at the south of the famous beaches like Calangute, Baga, and Candolim. It is known for its beautiful white sandy shoreline and is a great place for swimming. The beach is adjacent to the historic Fort Aguada. Sinquerim is also famous for the Sunburn Festival, a popular electronic dance music festival held in December.",0,TRUE,00:00,23:59,November to February,90,7,Easy,"Water sports|Dolphin watching tours|Beach shacks|Restaurants|Sun loungers and parasols|Nightclubs",#SinquerimBeach|#GoaBeaches|#NorthGoa,"Sinquerim, Candolim, North Goa, Goa 403515",Bardez,NA,https://www.goatourism.gov.in,Yes,Partial,Yes,7,"Water sports enthusiasts|History lovers|Music festival attendees",Monsoon (June to September),"Visit the historic Fort Aguada, which is right next to the beach. If you are a music lover, plan your trip around the Sunburn Festival in December. The beach offers a wide range of water sports.",2025-11-03,COMPLETE
Mandrem Beach,Beach,North Goa Beach,15.669200,73.716700,"Mandrem Beach is known for its serene and peaceful atmosphere, making it a popular choice for those seeking a tranquil retreat. It features a vast stretch of pristine white sand, clear waters, and swaying palm trees. A unique characteristic is the Mandrem Creek, which runs parallel to the waterline. The beach is also known for its beautiful sunrises and sunsets.",0,TRUE,00:00,23:59,November to March,120,7,Easy,"Beach shacks|Yoga and wellness retreats|Water sports (kayaking, windsurfing)|Dolphin watching tours|ATV rides|Restaurants",#MandremBeach|#GoaBeaches|#NorthGoa,"Mandrem Beach, Pernem, North Goa, Goa 403527",Pernem,NA,https://www.goatourism.gov.in,Yes,No,Yes,7,"Relaxation|Couples|Families|Yoga and wellness enthusiasts",Monsoon (June to September),"Mandrem is a great place for a quiet and relaxing beach holiday. It's less crowded than other North Goa beaches. Explore the Mandrem Creek and the nearby mangrove forests by kayak. The beach is ideal for yoga and meditation.",2025-11-03,COMPLETE
Ozran Beach,Beach,North Goa Beach,15.596700,73.734400,"Ozran Beach, often referred to as Little Vagator, is a serene and picturesque beach nestled in North Goa. It is known for its clean and scenic environment, rocky shoreline, and is fringed by palm trees. A prominent attraction at Ozran Beach is the 'Shiva Face' or 'Shiva Rock,' a unique rock sculpture carved by a tourist, which serves as a popular photo spot.",0,TRUE,00:00,23:59,October to February,90,6,Moderate,"Water sports (water scooters, banana boat rides)|Beach shacks|Restaurants|Sun loungers and parasols|Volleyball and football",#OzranBeach|#LittleVagator|#GoaBeaches,"Ozran Beach Road, Vagator, North Goa, Goa 403509",Bardez,NA,NA,Yes,No,Yes,7,"Relaxation|Couples|Photographers|Sunset Lovers",Monsoon (June to September),"To reach the beach, you need to descend over 90 steep steps. The 'Shiva Face' rock sculpture is a must-see and a great photo opportunity. The beach offers stunning sunset views.",2025-11-03,COMPLETE
Kalacha Beach,Beach,North Goa Beach,15.688300,73.702800,"Kalacha Beach, also known as Paliem Beach, is a serene and relatively unspoiled shoreline in North Goa. It is famous for its sweet water lagoon, also called Vagkolam, which is surrounded by palm trees and green hills. This allows visitors to enjoy both the sea and a freshwater body. The beach has a bohemian vibe and is a great place for peaceful gatherings.",0,TRUE,00:00,23:59,October to March,120,6,Moderate,"Beach shacks|Paragliding and hang gliding|Bonfires and music sessions",#KalachaBeach|#SweetWaterLake|#GoaBeaches,"Kalacha Beach, Arambol, Pernem, North Goa, Goa 403524",Pernem,NA,NA,Limited,No,Yes,8,"Relaxation|Couples|Backpackers|Nature Lovers",Monsoon (June to September),"The beach is best reached by a short walk from Arambol Beach. The sweet water lagoon is a must-visit and is safe for swimming. The beach is known for its casual nightlife with bonfires and music sessions.",2025-11-03,COMPLETE
Querim Beach,Beach,North Goa Beach,15.695800,73.698900,"Querim Beach, also known as Keri Beach, is the northernmost beach of Goa. It is a serene and secluded stretch of white sand, located at the mouth of the Tiracol River. The beach is characterized by its pristine, uncommercialized environment, with lush green hills and swaying pine trees. It offers picturesque views and a tranquil atmosphere.",0,TRUE,00:00,23:59,November to March,120,6,Easy,"Beach shacks|Paragliding|Surfing|Kayaking|Fishing",#QuerimBeach|#KeriBeach|#GoaBeaches,"Querim Beach, Pernem, North Goa, Goa 403524",Pernem,NA,NA,Yes,No,Yes,7,"Relaxation|Couples|Nature Lovers|Adventure Seekers",Monsoon (June to September),"Visit the nearby Tiracol Fort, which is now a heritage hotel and can be reached by a ferry. Explore the Querim Caves at the southern end of the beach during low tide. The beach is less commercialized, so it's advisable to carry your own water and snacks.",2025-11-03,COMPLETE
Miramar Beach,Beach,City Beach,15.482800,73.805600,"Miramar Beach is an urban beach in Panaji, the capital city of Goa. It is known for its golden sands and palm-fringed shoreline where the Mandovi River meets the Arabian Sea. The beach offers a panoramic view of the sea and the historic Fort Aguada across the river. Swimming is generally not recommended due to strong undercurrents.",0,TRUE,00:00,23:59,October to March,90,7,Easy,"Water sports (jet skiing, parasailing, banana boat rides)|Dolphin spotting tours|Beach shacks|Restaurants|Bars",#MiramarBeach|#PanjimBeach|#GoaBeaches,"Miramar Beach, Panaji, North Goa, Goa 403001",Tiswadi,NA,https://www.goatourism.gov.in,Yes,Yes,Yes,6,"Sunset viewing|Birdwatching|Strolling and relaxation",Monsoon (June to September),"Miramar Beach is one of the best places in Goa to watch the sunset. During the winter season, it becomes a haven for birdwatchers. Swimming is not recommended due to strong undercurrents.",2025-11-03,COMPLETE
Dona Paula Beach,Beach,City Beach,15.453900,73.802800,"Dona Paula Beach, often referred to as the 'Lover's Paradise,' is a popular beach located about 7 kilometers from Panaji. It is situated at the confluence of the Zuari and Mandovi rivers, offering stunning views of the Arabian Sea and the Mormugao Harbour. The beach is named after Dona Paula de Menezes, the daughter of a viceroy, and is associated with a tragic love story.",0,TRUE,00:00,23:59,November to March,90,7,Easy,"Water sports (kayaking, parasailing, jet skiing, scuba diving)|Dolphin spotting tours|Beach shacks|Restaurants|Shopping stalls",#DonaPaulaBeach|#GoaBeaches,"Dona Paula, Panaji, North Goa, Goa 403004",Tiswadi,NA,https://www.goatourism.gov.in,Yes,Partial,Yes,7,"Couples|Romance|Water sports enthusiasts|History lovers",Monsoon (June to September),"The beach is a hub for water sports. Visit the Dona Paula Jetty for a beautiful view of the Arabian Sea and Mormugao harbor. The beach is also a popular location for Bollywood movie shoots.",2025-11-03,COMPLETE
Palolem Beach,Beach,South Goa Beach,15.010000,74.023300,"Palolem Beach is widely regarded as one of Goa's most beautiful and picturesque beaches, located in South Goa's Canacona district. This crescent-shaped beach stretches for about a kilometer, framed by swaying coconut palms and gentle hills on both sides. Known for its relatively calm and shallow waters, Palolem is ideal for swimming and is considered one of the safest beaches in Goa. The beach offers a more laid-back and peaceful atmosphere compared to its North Goa counterparts.",0,TRUE,00:00,23:59,Sunset (17:30-19:00),180,9,Easy,Lifeguards|Toilets|Beach Shacks|Water Sports|Parking|Beach Huts|Kayak Rentals,#PaloleMBeach|#SouthGoa|#GoaBeaches|#BeachLife|#PaloleMVibes,"Palolem Beach Road, Palolem, Canacona, South Goa, Goa 403702",Canacona,+91-832-264-3420,https://www.goatourism.gov.in,Yes,Partial,Yes,9,Couples|Solo Travelers|Families|Nature Lovers|Backpackers,Monsoon (June-September)|Peak season can be crowded (Dec-Jan),"Book beach huts in advance during peak season. Take dolphin watching tour early morning for best sightings. Try kayaking through backwaters at sunset.",2024-11-01,COMPLETE
Agonda Beach,Beach,South Goa Beach,15.045000,73.997800,"Agonda Beach is a serene and pristine beach in South Goa, known for its long stretch of golden sand and clear blue waters. It is one of the four designated turtle nesting sites in Goa for the endangered Olive Ridley sea turtles. The beach is ideal for those seeking a peaceful and relaxing holiday away from the crowds.",0,TRUE,00:00,23:59,November to March,150,8,Easy,"Beach shacks|Yoga and wellness centers|Boat trips (dolphin spotting, Butterfly Beach, Honeymoon Beach)|Horse riding|Restaurants",#AgondaBeach|#SouthGoa|#GoaBeaches,"Agonda Beach, Canacona, South Goa, Goa 403702",Canacona,NA,https://www.goatourism.gov.in,Yes,Partial,Yes,8,"Relaxation|Couples|Nature lovers|Turtle watchers|Yoga and wellness enthusiasts",Monsoon (June to September),"Agonda is a designated turtle nesting site, so be mindful of the nesting areas. It's a great place for a quiet and relaxing beach holiday. Take a boat trip to the nearby Butterfly and Honeymoon beaches. The beach has a number of great restaurants and yoga retreats.",2025-11-03,COMPLETE
Colva Beach,Beach,South Goa Beach,15.279400,73.913900,"Colva Beach is a popular and vibrant beach in South Goa, known for its pristine white sands, swaying palm trees, and clear blue waters. It is one of the longest beaches in Goa, stretching for about 2.4 kilometers. Historically, it was a summer retreat for Portuguese aristocrats and has since transformed into a prime tourist spot.",0,TRUE,00:00,23:59,October to March,120,8,Easy,"Water sports (parasailing, jet skiing, banana boat rides)|Snorkeling|Speed boat rides|Beach shacks|Restaurants|Bars|Discos",#ColvaBeach|#SouthGoa|#GoaBeaches,"Colva Beach, Salcete, South Goa, Goa 403708",Salcete,NA,https://www.goatourism.gov.in,Yes,Partial,Yes,7,"Families|Couples|Water sports enthusiasts|Nightlife lovers",Monsoon (June to September),"Colva has a lively nightlife with many beach shacks, bars, and discos. Visit the Our Lady of Mercy Church, famous for its miraculous statue of Menino Jesus. The Colva Market is a great place to shop for souvenirs and local handicrafts.",2025-11-03,COMPLETE
Benaulim Beach,Beach,South Goa Beach,15.262200,73.925600,"Benaulim Beach is a serene and tranquil beach in South Goa, known for its long stretches of clean, white sand and picturesque sunsets. It offers a quieter alternative to the bustling beaches of North Goa. The beach is also a great place to observe local fishermen at work.",0,TRUE,00:00,23:59,October to April,120,7,Easy,"Water sports (jet skiing, parasailing, snorkeling, windsurfing)|Dolphin spotting tours|Beach shacks|Restaurants|Bars",#BenaulimBeach|#SouthGoa|#GoaBeaches,"Benaulim Beach, Salcete, South Goa, Goa 403716",Salcete,NA,https://www.goatourism.gov.in,Yes,Partial,Yes,7,"Relaxation|Couples|Families|Dolphin watchers",Monsoon (June to September),"Benaulim offers a peaceful and relaxing atmosphere. Take an early morning boat tour to spot dolphins. The beach has a number of great shacks and restaurants serving fresh seafood and traditional Goan cuisine.",2025-11-03,COMPLETE
Butterfly Beach,Beach,South Goa Beach,15.007800,74.021100,"Butterfly Beach, also known as Honeymoon Beach, is a secluded and picturesque cove in South Goa, nestled between Palolem and Agonda beaches. It is renowned for its serene beauty, crystal-clear waters, and the abundance of butterflies that frequent the area. The beach is not directly accessible by road, making it a hidden gem.",0,TRUE,00:00,23:59,November to March,90,7,Difficult,"No facilities available on the beach",#ButterflyBeach|#HiddenGem|#GoaBeaches,"Butterfly Beach, Canacona, South Goa, Goa 403702",Canacona,NA,NA,No,No,No,9,"Couples|Nature lovers|Adventure seekers|Relaxation",Monsoon (June to September),"The beach is best reached by a boat from Palolem or Agonda beach. For the adventurous, a two-hour trek through a dense forest is also an option. It's a great spot for dolphin watching, especially in the early mornings. Since there are no shacks or restaurants, it's advisable to carry your own food and water.",2025-11-03,COMPLETE
Patnem Beach,Beach,South Goa Beach,14.995600,74.029400,"Patnem Beach is a serene and tranquil beach in South Goa, nestled between Palolem and Galgibaga beaches. Known for its peaceful atmosphere and golden sands, it offers a laid-back alternative to the busier beaches of North Goa. The beach is about a kilometer long and has a crescent shape.",0,TRUE,00:00,23:59,November to April,120,7,Easy,"Beach shacks|Yoga schools|Water sports (kayaking, snorkeling, banana boat rides)|Dolphin spotting tours|Restaurants",#PatnemBeach|#SouthGoa|#GoaBeaches,"Patnem Beach, Canacona, South Goa, Goa 403702",Canacona,NA,NA,Yes,Partial,Yes,7,"Relaxation|Couples|Families|Yoga enthusiasts",Monsoon (June to September),"Patnem is a great place for a quiet and relaxing beach holiday. It's less crowded than Palolem beach. The beach is ideal for swimming as the water is calm. There are several yoga schools offering classes and retreats.",2025-11-03,COMPLETE
Cola Beach,Beach,South Goa Beach,15.059400,73.976700,"Cola Beach, also known as Khola Beach, is a secluded and serene beach in South Goa. It is considered a hidden gem, offering a peaceful escape from the more crowded tourist spots. A distinctive feature of Cola Beach is its freshwater lagoon, often referred to as the 'Blue Lagoon' or 'Emerald Lagoon,' which runs parallel to the Arabian Sea.",0,TRUE,00:00,23:59,November to March,120,6,Moderate,"Kayaking|Dolphin spotting tours|Fishing|Beach volleyball|Beach shacks|Restaurants",#ColaBeach|#BlueLagoon|#GoaBeaches,"Cola Beach, Canacona, South Goa, Goa 403702",Canacona,NA,NA,Limited,No,Yes,9,"Relaxation|Couples|Nature lovers|Adventure seekers",Monsoon (June to September),"Reaching Cola Beach can be an adventure due to unpaved roads. The last 1.5 to 2 km stretch is a muddy and rocky downhill trail. The freshwater lagoon is ideal for kayaking and swimming. Accommodation is limited to a few luxury tents and beach shacks.",2025-11-03,COMPLETE
Cavelossim Beach,Beach,South Goa Beach,15.174400,73.943300,"Cavelossim Beach is a serene and picturesque beach in South Goa, nestled between the Sal River and the Arabian Sea. It is known for its contrasting black lava rocks and white sands, and its wide paddy fields as a backdrop. The beach is quieter and less crowded than many North Goa beaches, making it ideal for relaxation.",0,TRUE,00:00,23:59,November to March,120,7,Easy,"Water sports (jet skiing, speed boating, windsurfing, parasailing)|Dolphin spotting tours|River cruises|Beach shacks|Restaurants|Pubs|Discos",#CavelossimBeach|#SouthGoa|#GoaBeaches,"Cavelossim, Salcete, South Goa, Goa 403731",Salcete,NA,https://www.goatourism.gov.in,Yes,Partial,Yes,7,"Relaxation|Couples|Families|Water sports enthusiasts|Dolphin watchers",Monsoon (June to September),"Cavelossim offers a lively nightlife with many beach shacks, pubs, and discos. Take a boat ride on the Sal River to see mangroves and spot birds. Dolphin spotting tours are a major attraction here.",2025-11-03,COMPLETE
Varca Beach,Beach,South Goa Beach,15.214400,73.941700,"Varca Beach is a serene and picturesque beach in South Goa, known for its soft white sand and tranquil environment. It is considered one of the cleanest beaches in Goa and is less crowded than many of the North Goa beaches, offering a peaceful retreat.",0,TRUE,00:00,23:59,November to February,120,7,Easy,"Water sports (parasailing, speed boat rides, jet-skiing, windsurfing)|Dolphin spotting tours|Beach shacks|Restaurants|Pubs|Clubs",#VarcaBeach|#SouthGoa|#GoaBeaches,"Varca, Salcete, South Goa, Goa 403721",Salcete,NA,https://www.goatourism.gov.in,Yes,Partial,Yes,7,"Relaxation|Couples|Families|Water sports enthusiasts",Monsoon (June to September),"Varca is a great place for a quiet and relaxing beach holiday. Dolphin watching tours are a popular activity here. The beach has a number of luxury resorts and hotels, as well as budget-friendly options.",2025-11-03,COMPLETE
Betul Beach,Beach,South Goa Beach,15.193300,73.918900,"Betul Beach is a serene and secluded beach in South Goa, known for its tranquil ambiance and picturesque setting. It lies at the southernmost tip of a 27-kilometer coastline, where the Sal River meets the Arabian Sea. Betul is a busy fishing village, and visitors can observe fishing boats and ocean trawlers. The beach is renowned for having some of Goa's finest and largest mussels.",0,TRUE,00:00,23:59,November to February,120,6,Moderate,"Beach shacks|Restaurants|Dolphin spotting tours",#BetulBeach|#SouthGoa|#GoaBeaches,"Betul, Salcete, South Goa, Goa 403723",Salcete,NA,NA,Yes,No,Yes,7,"Relaxation|Couples|Seafood lovers|Nature lovers",Monsoon (June to September),"Betul is a great place for a quiet and relaxing beach holiday. It's a busy fishing village, so you can observe the local fishermen at work. The beach is famous for its fresh seafood, especially the large mussels. Visit the Betul Lighthouse for panoramic views of the beach and surrounding villages.",2025-11-03,COMPLETE
Basilica of Bom Jesus,Church,UNESCO World Heritage,15.500800,73.911600,"The Basilica of Bom Jesus stands as one of Goa's most significant and revered religious monuments, recognized as a UNESCO World Heritage Site. Built in 1605, this magnificent example of baroque architecture houses the mortal remains of St. Francis Xavier, the patron saint of Goa. The interior is adorned with stunning altars, precious artworks, and ornate decorations covered in gold. The most remarkable feature is the silver casket containing the sacred relics of St. Francis Xavier.",250,FALSE,09:00,18:30,Morning (9-11 AM),60,10,Easy,Parking|Toilets|Souvenir Shop|Museum|Guide Services,#BasilicaOfBomJesus|#OldGoa|#UNESCO|#StFrancisXavier,"Old Goa, Bainguinim, North Goa, Goa 403402",Tiswadi,+91-832-228-6790,https://www.basilicagoa.org,Yes,Yes,No,7,History Buffs|Architecture Enthusiasts|Spiritual Seekers|Photographers,During Mass times if not attending|Afternoon heat,"Dress modestly. Visit early morning. Hire licensed guide.",2024-11-01,COMPLETE
Se Cathedral,Church,UNESCO World Heritage,15.502500,73.912800,"Se Cathedral, also known as the Cathedral of St. Catherine, is one of the largest churches in Asia and a UNESCO World Heritage Site located in Old Goa. Built in the 16th century to commemorate victory over the Bijapur Sultanate, the cathedral is dedicated to St. Catherine of Alexandria. The church features impressive Portuguese-Manueline architecture with beautiful altars and paintings. The cathedral houses the miraculous Cross of Goa and is renowned for its impressive facade and spacious interior.",100,FALSE,07:30,18:00,Morning (8-10 AM),60,10,Easy,Parking|Toilets|Souvenir Shop|Museum|Guide Services|Security,#SeCathedral|#OldGoa|#UNESCO,"Old Goa, North Goa, Goa 403402",Tiswadi,+91-832-228-7890,https://www.goatourism.gov.in,Yes,Yes,Yes,8,History Buffs|Architecture Enthusiasts|Spiritual Seekers|Photographers,During Mass times if not attending|Festival days (extreme crowds),"Dress modestly. Large bags not allowed. Photography restrictions apply. Visit morning for fewer crowds. Hire licensed guide for detailed information.",2024-11-01,COMPLETE
Church of St Francis of Assisi,Church,UNESCO World Heritage,15.501700,73.912200,"Church of St Francis of Assisi is a historic 16th-century church in Old Goa and a UNESCO World Heritage Site. Built by the Franciscan order, it is one of the earliest examples of Christian architecture in the Indian subcontinent. The church features beautiful Mudaliar art paintings on its ceilings and walls, depicting scenes from the life of St. Francis. The structure represents the blend of European and local architectural styles that developed during the early colonial period.",50,FALSE,08:00,18:00,Morning (8-10 AM),45,9,Easy,Parking|Toilets|Souvenir Shop|Security|Information Boards,#StFrancisChurch|#OldGoa|#UNESCO,"Old Goa, North Goa, Goa 403402",Tiswadi,+91-832-228-7891,https://www.goatourism.gov.in,Yes,Yes,Yes,7,History Buffs|Architecture Enthusiasts|Spiritual Seekers|Art Lovers,During Mass times if not attending|Festival days (crowds),"Dress modestly. Respect religious customs. Photography allowed in most areas. Visit morning for better lighting for photography. Hire guide for historical context.",2024-11-01,COMPLETE
Church of St Cajetan,Church,Portuguese Heritage,15.502200,73.911400,"Church of St Cajetan, also known as the Church of Divine Providence, is a 17th-century baroque church in Old Goa built by Italian Theatine priests. The church is dedicated to St. Cajetan, the founder of the Theatine order. It features beautiful baroque architecture with an impressive facade and elegant interior. The church is known for its unique architectural style that differs from other churches in Old Goa, with a more restrained and refined approach to ornamentation.",30,FALSE,08:00,18:00,Morning (8-10 AM),45,7,Easy,Parking|Toilets|Security|Information Boards,#StCajetanChurch|#OldGoa,"Old Goa, North Goa, Goa 403402",Tiswadi,+91-832-228-7892,https://www.goatourism.gov.in,Yes,Yes,Yes,7,History Buffs|Architecture Enthusiasts|Spiritual Seekers|Photographers,During Mass times if not attending|Festival days,"Dress modestly. Respect religious customs. Photography allowed but flash prohibited. Visit morning for natural lighting. Small entrance fee applies.",2024-11-01,COMPLETE
Church of Our Lady of the Rosary,Church,Portuguese Heritage,15.504400,73.913300,"Church of Our Lady of the Rosary is a historic 16th-century church in Old Goa, considered one of the smallest but architecturally significant churches in the area. Built by the Jesuits in 1549, it was the first church in Goa to be dedicated to Our Lady of the Rosary. The church features typical Portuguese colonial architecture with simple but elegant design elements. Despite its small size, it holds historical importance as one of the earliest churches built by European missionaries in India.",20,FALSE,08:30,17:30,Morning (8:30-10:30 AM),30,6,Easy,Parking|Toilets|Security|Historical Significance,#LadyOfRosary|#OldGoa,"Old Goa, North Goa, Goa 403402",Tiswadi,+91-832-228-7893,https://www.goatourism.gov.in,Yes,Yes,Yes,6,History Buffs|Architecture Enthusiasts|Spiritual Seekers|Researchers,During Mass times if not attending|Monsoon season,"Dress modestly. Respect religious customs. Small but historically significant. Photography allowed. Early visit recommended for tranquility. Small entrance fee.",2024-11-01,COMPLETE
Chapel of St Catherine,Church,Portuguese Heritage,15.502800,73.913100,"Chapel of St Catherine is a historic 16th-century chapel in Old Goa, originally built by Portuguese admiral Dom Francisco de Almeida in 1510 to commemorate the feast day of St. Catherine when he defeated the Sultan of Bijapur. Though smaller than other churches in Old Goa, it holds significant historical importance as the site where Almeida's victory was celebrated. The chapel represents the early period of Portuguese rule in Goa and the beginning of Christianity in the region.",15,FALSE,09:00,17:00,Morning (9-11 AM),20,6,Easy,Parking|Toilets|Security|Historical Significance,#StCatherineChapel|#OldGoa,"Old Goa, North Goa, Goa 403402",Tiswadi,+91-832-228-7894,https://www.goatourism.gov.in,Yes,Yes,No,5,History Buffs|Architecture Enthusiasts|Spiritual Seekers|Researchers,During Mass times if not attending|Festival days,"Dress modestly. Respect religious customs. Small chapel with historical significance. Photography allowed. Limited visiting hours. Small entrance fee.",2024-11-01,COMPLETE
Church of St Augustine,Church,Portuguese Ruins,15.503300,73.910600,"Church of St Augustine is a historic 16th-century Augustinian church in Old Goa, now in ruins but still impressive in its remains. Built in 1587, it once had one of the tallest bell towers in Asia. The church was severely damaged by an earthquake in 1776, leaving only the magnificent 38m high facade standing today. The ruins represent one of the most photographable sites in Old Goa, offering visitors a glimpse of what was once a magnificent structure. The remaining facade is an iconic symbol of Old Goa's colonial past.",0,TRUE,08:00,18:00,Morning (8-10 AM) or Evening (5-6 PM),30,7,Easy,Parking|Toilets|Security|Photography Spots|Information Boards,#StAugustineRuins|#OldGoa,"Old Goa, North Goa, Goa 403402",Tiswadi,+91-832-228-7895,https://www.goatourism.gov.in,Yes,No,No,8,History Buffs|Architecture Enthusiasts|Photographers|Researchers,Monsoon season|Midday heat,"Wear comfortable shoes. Early morning or late evening for best photography. Avoid midday heat. Respect archaeological site. No entry to interior ruins.",2024-11-01,COMPLETE
Church and Convent of St Monica,Church,Portuguese Heritage,15.503900,73.910000,"Church and Convent of St Monica is a historic 17th-century Augustinian nunnery in Old Goa, built in 1606 for the Augustinian nuns. The complex features beautiful baroque architecture with well-preserved structures that give insight into the religious life of colonial Goa. The church houses several religious artifacts and features traditional Portuguese-Malabar architectural elements. The site now operates as a museum managed by Archaeological Survey of India, showcasing the lifestyle and practices of the nuns who once lived here.",40,FALSE,09:00,17:00,Morning (9-11 AM),45,6,Easy,Parking|Toilets|Security|Museum Display|Information Boards,#StMonicaConvent|#OldGoa,"Old Goa, North Goa, Goa 403402",Tiswadi,+91-832-228-7896,https://www.asi.nic.in,Yes,Yes,Yes,6,History Buffs|Architecture Enthusiasts|Cultural Tourists|Researchers,During religious ceremonies if not participating|Festival days,"Dress modestly. Photography allowed in most areas. Respect religious artifacts. Visit morning for fewer crowds. Small entrance fee applies.",2024-11-01,COMPLETE
Church of Our Lady of Immaculate Conception,Church,Portuguese Heritage,15.495800,73.827800,"Church of Our Lady of Immaculate Conception is a beautiful 17th-century church located in Panjim's Church Square, known for its beautiful blue and white azulejo tiles and Portuguese-Malabar architecture. The church was rebuilt after being destroyed by an earthquake and features a mix of baroque and traditional local architectural styles. The church is famous for its beautiful altars, religious paintings, and the distinctive blue-tiled exterior walls. It remains an active place of worship and popular tourist destination in Panjim.",0,FALSE,08:00,18:00,Morning (8-10 AM),30,8,Easy,Parking|Toilets|Security|Street Vendors|Local Atmosphere,#ImmaculateConception|#PanjimChurch,"Church Square, Panjim, Goa 403001",Tiswadi,+91-832-241-7897,NA,Yes,Yes,Yes,8,Spiritual Seekers|Architecture Enthusiasts|Cultural Tourists|Photographers,During Mass times if not attending|Festival days,"Dress modestly. Respect ongoing religious services. Photography with permission. Explore Church Square area. Active place of worship.",2024-11-01,COMPLETE
Reis Magos Church,Church,Portuguese Heritage,15.489700,73.831400,"Reis Magos Church, dedicated to the Three Wise Men (Magi), is a historic 17th-century church located near the Reis Magos Fort in North Goa. The church features Portuguese colonial architecture with beautiful altars and religious artifacts. It serves as an active parish church and attracts both devotees and tourists interested in Goan religious heritage. The church is well-maintained with a peaceful atmosphere that offers visitors a glimpse into colonial-era religious architecture.",0,FALSE,08:00,18:00,Morning (8-10 AM),30,7,Easy,Parking|Toilets|Security|Active Parish Services|Historical Significance,#ReisMagosChurch|#GoaChurches,"Reis Magos, Bardez, North Goa, Goa 403401",Bardez,+91-832-227-7898,NA,Yes,Yes,Yes,7,Spiritual Seekers|Architecture Enthusiasts|Cultural Tourists|History Buffs,During Mass times if not attending|Festival days,"Dress modestly. Respect ongoing services. Photography with discretion. Visit morning for tranquility. Active religious site functioning daily.",2024-11-01,COMPLETE
Mae De Deus Church,Church,Portuguese Heritage,15.559400,73.774400,"Mae De Deus Church, located in Saligao, North Goa, is a historic 18th-century church dedicated to Mother of God. The church features beautiful Portuguese colonial architecture with well-preserved altars and religious artwork. It serves as an important center for the local Christian community and maintains its significance as a place of worship. The church compound offers a peaceful environment and the architecture reflects the traditional Goan ecclesiastical design.",0,FALSE,08:00,18:00,Morning (8-10 AM),30,6,Easy,Parking|Toilets|Security|Active Parish Services|Historical Significance,#MaeDeDeus|#SaligaoChurch,"Saligao, Bardez, North Goa, Goa 403511",Bardez,+91-832-227-7899,NA,Yes,Yes,Yes,6,Spiritual Seekers|Architecture Enthusiasts|Cultural Tourists|Local Community,During Mass times if not attending|Festival days,"Dress modestly. Respect ongoing religious services. Photography with permission. Visit during weekdays for tranquility. Active place of worship.",2024-11-01,COMPLETE
Holy Spirit Church,Church,Portuguese Heritage,15.271700,73.954200,"Holy Spirit Church in Margao, South Goa, is a historic 18th-century church featuring Portuguese colonial architecture with beautiful interior decorations and religious artifacts. The church serves as an active parish for the local Christian community and maintains its importance as a center of faith. The structure represents the typical ecclesiastical architecture of the colonial period with well-preserved altars and religious art. The church is surrounded by the bustling urban environment of Margao, making it a spiritual oasis in the city.",0,FALSE,08:00,18:00,Morning (8-10 AM),30,6,Easy,Parking|Toilets|Security|Active Parish Services|Urban Location,#HolySpiritChurch|#MargaoChurch,"Margao, South Goa, Goa 403601",Salcete,+91-832-279-7901,NA,Yes,Yes,Yes,6,Spiritual Seekers|Architecture Enthusiasts|Cultural Tourists|Local Community,During Mass times if not attending|Market days (crowd in area),"Dress modestly. Respect ongoing services. Photography with permission. Visit morning for peace. Active place of worship in urban setting.",2024-11-01,COMPLETE
Shri Mangueshi Temple,Temple,Hindu Temple,15.427800,73.977800,"Shri Mangueshi Temple is one of Goa's largest and most important Hindu temples, dedicated to Lord Mangueshi, a form of Lord Shiva. Dating back to the 16th century, this magnificent temple showcases a unique blend of Hindu and Goan-Christian architectural styles with its distinctive pagoda-style tower painted in striking white and ochre colors. The temple complex features a beautiful seven-story deepstambha lamp tower that lights up impressively during festivals.",0,TRUE,06:00,22:00,Early Morning (6-8 AM) or Evening Aarti (7-8 PM),45,8,Easy,Parking|Toilets|Shoe Storage|Prasad Counter|Souvenir Shop,#MangueshiTemple|#GoaTemples|#HinduTemples|#SpiritualGoa,"Priol, Ponda, North Goa, Goa 403404",Ponda,+91-832-231-2458,NA,Yes,Partial,No,6,Spiritual Seekers|Cultural Tourists|History Buffs|Families,During major festivals if you want quiet visit,"Dress modestly. Visit during evening aarti for spiritual experience.",2024-11-01,COMPLETE
Shri Shantadurga Temple,Temple,Hindu Temple,15.423300,73.984400,"Shri Shantadurga Temple is an ancient Hindu shrine dedicated to Goddess Shantadurga, located in Kavalem, Ponda. The temple is an important pilgrimage destination for devotees from across Goa and neighboring states. The temple features traditional Konkani architecture with beautiful carvings and sculptures. The deity is considered the patron goddess of Goa and is worshipped for peace and prosperity. The temple premises are well-maintained with a peaceful ambiance that attracts both devotees and tourists interested in Goan culture and spirituality.",0,TRUE,05:30,21:00,Morning (6-8 AM) or Evening Aarti (6-7 PM),45,8,Easy,Parking|Toilets|Shoe Storage|Prasad Counter|Clean Surroundings,#ShantadurgaTemple|#GoaTemples,"Kavalem, Ponda, Goa 403401",Ponda,+91-832-231-7890,NA,Yes,Yes,No,6,Spiritual Seekers|Cultural Tourists|Families|Religious Devotees,Monsoon season (heavy rains)|Festivals (extreme crowds),"Dress modestly. Remove footwear before entering. Maintain silence and respect customs. Visit during weekdays for fewer crowds.",2024-11-01,COMPLETE
Mahalasa Temple,Temple,Hindu Temple,15.439400,73.992800,"Mahalasa Temple is a revered Hindu temple dedicated to Goddess Mahalasa, located in Mardol, Ponda. The temple is considered an important spiritual center in Goa, where devotees come to offer prayers and seek blessings. The temple features traditional Goan Hindu architecture with intricate woodwork and stone carvings. The annual Mahalasa Naugachia Yatra is a significant festival celebrated here, attracting thousands of devotees. The temple is known for its peaceful surroundings and spiritual atmosphere that offers visitors a serene experience.",0,TRUE,06:00,20:00,Morning (6-8 AM) or Evening Aarti (6-7 PM),45,7,Easy,Parking|Toilets|Shoe Storage|Prasad Counter|Clean Surroundings,#MahalasaTemple|#GoaTemples,"Mardol, Ponda, Goa 403401",Ponda,+91-832-231-7891,NA,Yes,Yes,No,6,Spiritual Seekers|Cultural Tourists|Religious Devotees|Families,Monsoon season|Festival days (heavy crowds),"Dress modestly. Remove footwear before entering. Respect temple customs. Visit early morning for tranquility.",2024-11-01,COMPLETE
Shri Nageshi Temple,Temple,Hindu Temple,15.433900,73.991100,"Shri Nageshi Temple is an ancient Hindu shrine dedicated to Lord Shiva in the form of Nageshi, located in Bandora, Ponda. This temple is known for its historical significance and spiritual importance in the region. The temple features traditional Hindu architecture with beautiful sculptures and carvings that reflect the rich cultural heritage of Goa. The temple is surrounded by lush greenery and offers a peaceful environment for meditation and prayer. Devotees visit this sacred site to offer prayers and seek divine blessings.",0,TRUE,06:00,20:00,Morning (6-8 AM) or Evening Aarti (6-7 PM),45,7,Easy,Parking|Toilets|Shoe Storage|Prasad Counter|Clean Surroundings,#NageshiTemple|#GoaTemples,"Bandora, Ponda, Goa 403401",Ponda,+91-832-231-7892,NA,Yes,Yes,No,6,Spiritual Seekers|Cultural Tourists|Religious Devotees|Families,Monsoon season|Festival days (heavy crowds),"Dress modestly. Remove footwear before entering. Maintain silence. Follow temple customs. Visit early for tranquility.",2024-11-01,COMPLETE
Shri Mahalaxmi Temple,Temple,Hindu Temple,15.429400,73.996100,"Shri Mahalaxmi Temple is a sacred Hindu shrine dedicated to Goddess Mahalaxmi, located in Bandora, Ponda. This temple is an important place of worship where devotees come to seek blessings for prosperity and well-being. The temple features traditional Hindu architecture with intricate carvings and beautiful sculptures. The temple complex is well-maintained with a serene environment that attracts both spiritual seekers and tourists interested in Goan culture. The annual Navratri festival is celebrated with great enthusiasm here.",0,TRUE,06:00,20:00,Morning (6-8 AM) or Evening Aarti (6-7 PM),45,7,Easy,Parking|Toilets|Shoe Storage|Prasad Counter|Clean Surroundings,#MahalaxmiTemple|#GoaTemples,"Bandora, Ponda, Goa 403401",Ponda,+91-832-231-7893,NA,Yes,Yes,No,6,Spiritual Seekers|Cultural Tourists|Religious Devotees|Families,Monsoon season|Festival days (heavy crowds),"Dress modestly. Remove footwear before entering. Respect customs. Donate to temple if possible. Visit during weekdays for tranquility.",2024-11-01,COMPLETE
Shri Ramnath Temple,Temple,Hindu Temple,15.421100,73.998900,"Shri Ramnath Temple is an ancient Hindu temple dedicated to Lord Shiva in the form of Ramnath, located in Ramnathi, Ponda. The temple is known for its spiritual significance and historical importance in the region. The architecture reflects traditional Hindu temple design with beautiful sculptures and detailed carvings. The temple is surrounded by natural beauty and offers a peaceful atmosphere for devotion and meditation. It is believed that the temple has been a center of spiritual activity for centuries.",0,TRUE,06:00,20:00,Morning (6-8 AM) or Evening Aarti (6-7 PM),45,7,Easy,Parking|Toilets|Shoe Storage|Prasad Counter|Clean Surroundings,#RamnathTemple|#GoaTemples,"Ramnathi, Ponda, Goa 403401",Ponda,+91-832-231-7894,NA,Yes,Yes,No,6,Spiritual Seekers|Cultural Tourists|Religious Devotees|Families,Monsoon season|Festival days (heavy crowds),"Dress modestly. Remove footwear before entering. Maintain silence. Follow temple protocols. Visit during weekdays for peaceful experience.",2024-11-01,COMPLETE
Saptakoteshwar Temple,Temple,Hindu Temple,15.549400,73.950000,"Saptakoteshwar Temple is a significant Hindu shrine dedicated to Lord Shiva, located in Narve, Bicholim. The temple has historical importance and is believed to be one of the ancient Shiva temples in the region. The name 'Saptakoteshwar' means 'Lord of Seven Crores' and reflects the temple's spiritual significance. The temple is situated in a scenic location surrounded by nature, making it a peaceful destination for pilgrims and tourists alike. The temple premises are well-maintained and offer visitors a serene spiritual atmosphere.",0,TRUE,06:00,20:00,Morning (6-8 AM) or Evening Aarti (6-7 PM),45,7,Easy,Parking|Toilets|Shoe Storage|Prasad Counter|Clean Surroundings,#SaptakoteshwarTemple|#GoaTemples,"Narve, Bicholim, Goa 403404",Bicholim,+91-832-234-5678,NA,Yes,Yes,No,6,Spiritual Seekers|Cultural Tourists|Religious Devotees|History Buffs,Monsoon season|Festival days (heavy crowds),"Dress modestly. Remove footwear before entering. Respect traditions. Carry water during summer. Visit early morning for tranquility.",2024-11-01,COMPLETE
Tambdi Surla Mahadev Temple,Temple,Ancient Temple,15.401700,74.141700,"Tambdi Surla Mahadev Temple is a historic 12th-century temple dedicated to Lord Shiva, located in the remote village of Tambdi Surla in Dharbandora. This ancient temple is an outstanding example of Kadamba architecture and represents one of the oldest surviving temples in Goa. The temple features a distinctive pyramid-shaped shikhara (tower) and intricate stone carvings. The architecture reflects influences from both Hindu and Jain traditions, making it an important archaeological site. Due to its remote location, the temple remains relatively untouched by modern development.",0,TRUE,06:00,19:00,Morning (6-8 AM),60,8,Moderate,Parking|Toilets|Shoe Storage|Security|Historical Significance|#TambdiSurla|#AncientTemple|#12thCentury,"Tambdi Surla, Dharbandora, Goa 403105",Dharbandora,+91-832-239-1234,NA,Yes,No,No,8,History Buffs|Architecture Enthusiasts|Spiritual Seekers|Archaeology Lovers,Monsoon season|Extreme heat (May-June),"Wear comfortable shoes for trek. Early morning visit recommended. Carry water. Respect archaeological site. Permission might be needed for photography.",2024-11-01,COMPLETE
Shri Devaki Krishna Temple,Temple,Hindu Temple,15.506700,73.850600,"Shri Devaki Krishna Temple is a sacred Hindu shrine dedicated to Lord Krishna, located in Marcela, Ponda. The temple holds religious significance as it commemorates the divine relationship between Devaki (Krishna's mother) and the deity. The temple features traditional Hindu architecture with beautiful artwork depicting scenes from Krishna's life. The serene environment makes it a peaceful destination for devotees and visitors seeking spiritual solace. The temple is well-maintained and regularly visited by local devotees.",0,TRUE,06:00,20:00,Morning (6-8 AM) or Evening Aarti (6-7 PM),30,6,Easy,Parking|Toilets|Shoe Storage|Prasad Counter|Clean Surroundings,#DevakiKrishnaTemple|#GoaTemples,"Marcela, Ponda, Goa 403401",Ponda,+91-832-231-7895,NA,Yes,Yes,No,5,Spiritual Seekers|Cultural Tourists|Religious Devotees|Families,Monsoon season|Festival days (heavy crowds),"Dress modestly. Remove footwear before entering. Maintain silence. Respect customs. Visit during weekdays for tranquility.",2024-11-01,COMPLETE
Shri Chandreshwar Bhutnath Temple,Temple,Hindu Temple,15.106700,74.113300,"Shri Chandreshwar Bhutnath Temple is an ancient Hindu temple dedicated to Lord Shiva, located in Paroda, Quepem. This temple is known for its spiritual significance and connection to Lord Shiva's various forms. The temple features traditional architecture with beautiful stone work and carvings. The location in South Goa provides a tranquil environment for worship and meditation. The temple is an important pilgrimage site for devotees in the region.",0,TRUE,06:00,20:00,Morning (6-8 AM) or Evening Aarti (6-7 PM),60,6,Moderate,Parking|Toilets|Shoe Storage|Prasad Counter|Clean Surroundings,#ChandreshwarTemple|#GoaTemples,"Paroda, Quepem, Goa 403105",Quepem,+91-832-265-1234,NA,Yes,Yes,No,7,Spiritual Seekers|Cultural Tourists|Religious Devotees|History Buffs,Monsoon season|Festival days (heavy crowds),"Dress modestly. Remove footwear before entering. Maintain silence. Respect customs. Carry water during summer months.",2024-11-01,COMPLETE
Fort Aguada,Fort,Portuguese Fort,15.489500,73.773500,"Fort Aguada is a 17th-century Portuguese fort standing majestically at the southwestern tip of Bardez, overlooking the confluence of the Mandovi River and the Arabian Sea. Built in 1612 to protect Old Goa from Dutch and Maratha invaders, this well-preserved fort complex features a lighthouse, bastions, moat, and underground water storage chambers. The ramparts offer panoramic views of the coastline, Panjim city, and the river estuary.",100,FALSE,09:30,18:00,Evening (16:00-18:00),90,9,Moderate,Parking|Toilets|Guide Services|Viewpoint|Photography Spots,#FortAguada|#GoaForts|#PortugueseArchitecture,"Fort Aguada Road, Candolim, Bardez, North Goa, Goa 403515",Bardez,+91-832-247-9700,https://www.goatourism.gov.in,Yes,No,Limited,9,History Buffs|Photographers|Couples,Midday sun|Monsoon,"Visit during sunset. Wear comfortable shoes.",2024-11-01,COMPLETE
Chapora Fort,Fort,Portuguese Fort,15.599500,73.736500,"Chapora Fort, famously known as the Dil Chahta Hai Fort, is a ruined Portuguese fort perched on a hilltop overlooking Vagator Beach and the Chapora River. Built by the Portuguese in 1717, the fort served as a strategic defensive position. Though now in ruins, Chapora Fort has become one of Goa's most photographed locations offering spectacular panoramic views of the Arabian Sea, Vagator Beach, Anjuna Beach, and the winding Chapora River.",0,TRUE,00:00,23:59,Sunset (17:00-18:30),60,8,Easy,Parking|Basic Toilets|Photography Spots,#ChaporaFort|#DilChahtaHai|#GoaForts|#VagatorBeach,"Chapora Fort Road, Vagator, Bardez, North Goa, Goa 403509",Bardez,NA,https://www.goatourism.gov.in,Yes,No,No,10,Photographers|Movie Buffs|Couples|Sunset Lovers,Midday heat|Monsoon,"Wear comfortable shoes. Arrive 30 minutes before sunset for best photos.",2024-11-01,COMPLETE
Reis Magos Fort,Fort,Portuguese Fort,15.489400,73.831100,"Reis Magos Fort is a 16th-century Portuguese fort located in Reis Magos, North Goa, built to guard the entrance to the Mandovi River. The fort has historical significance as it was used to protect Portuguese interests in the region. Today, the fort houses the Naval Aviation Museum, showcasing India's naval aviation history. The structure combines Portuguese military architecture with modern museum facilities. The fort offers scenic views of the Mandovi River estuary and surrounding landscape.",100,FALSE,09:00,17:00,Morning (9-11 AM),60,7,Easy,Parking|Toilets|Museum|Security|Information Boards,#ReisMagosFort|#GoaForts,"Reis Magos, Bardez, North Goa, Goa 403401",Bardez,+91-832-227-2345,https://www.navalaviationmuseum.in,Yes,Yes,Yes,8,History Buffs|Military Enthusiasts|Cultural Tourists|Families,Monsoon season|Midday heat (12-3 PM),"Wear comfortable shoes. Photography allowed in most areas. Check museum timings. Visit morning to avoid crowds and heat.",2024-11-01,COMPLETE
Cabo de Rama Fort,Fort,Portuguese Fort,15.088300,73.917800,"Cabo de Rama Fort is a historic fort located on a prominent headland in South Goa, believed to be the place where Lord Rama performed the 'Rama Setu' ritual after rescuing Sita. The fort was later strengthened by the Portuguese for defensive purposes. It offers spectacular panoramic views of the Arabian Sea and surrounding landscape. The fort's strategic location made it important for maritime defense. Today, it's a popular destination for history enthusiasts and photography lovers.",0,TRUE,08:00,18:00,Morning (8-10 AM) or Evening (4-6 PM),90,7,Moderate,Parking|Toilets|Security|Viewpoints|Photography Spots,#CaboDeRamaFort|#GoaForts,"Cabo de Rama, Canacona, South Goa, Goa 403702",Canacona,+91-832-264-5678,https://www.goatourism.gov.in,Limited,No,No,9,History Buffs|Photographers|Couples|Nature Lovers,Monsoon season|Midday heat (12-3 PM),"Wear comfortable shoes for walking. Carry water and sun protection. Arrive early morning or evening for best lighting. Avoid midday visit due to heat.",2024-11-01,COMPLETE
Terekhol Fort,Fort,Portuguese Fort,15.718900,73.686700,"Terekhol Fort, also known as Fort Tiracol, is a historic 17th-century Portuguese fort located on the banks of the Terekhol River in Pernem, North Goa. The fort was strategically built to protect the river estuary and control maritime trade. Today, the fort has been converted into a heritage hotel while preserving its historical architecture. The fort offers stunning views of the river and surrounding landscape. It's a unique destination where visitors can experience history while enjoying modern amenities.",500,FALSE,09:00,18:00,Morning (9-11 AM),60,6,Easy,Parking|Toilets|Restaurant|Security|Viewpoints|Heritage Experience,#TerekholFort|#FortTiracol,"Terekhol, Pernem, North Goa, Goa 403521",Pernem,+91-832-238-9876,https://www.tiracolheritage.com,Yes,Yes,Yes,8,History Buffs|Couples|Luxury Travelers|Photographers,Monsoon season|Weekends (more crowded),"'Stay overnight for unique experience. Photography allowed in most areas. Try the restaurant. Book in advance for weekend visits.",2024-11-01,COMPLETE
Alorna Fort,Fort,Maratha Fort,15.701700,73.717800,"Alorna Fort is a historic Maratha fort located in Alorna, Pernem, North Goa. Built during the Maratha period, this fort served as a strategic watchtower overlooking the Arabian Sea and coastal areas. The fort played an important role in the region's defense system. Though largely in ruins today, the fort's remnants offer insights into the military architecture of the Maratha era. The location provides scenic coastal views and is of interest to history enthusiasts and archaeology lovers.",0,TRUE,08:00,17:00,Morning (8-10 AM),60,5,Moderate,Parking|Security|Basic Toilets|Historical Significance,#AlornaFort|#GoaForts,"Alorna, Pernem, North Goa, Goa 403521",Pernem,+91-832-238-9877,NA,Limited,No,No,6,History Buffs|Archaeology Lovers|Photographers|Researchers,Monsoon season|High tide times,"Wear comfortable shoes for uneven terrain. Carry water. Visit during low tide for better access. Early morning recommended for photography.",2024-11-01,COMPLETE
Corjuem Fort,Fort,Portuguese Fort,15.542800,73.913900,"Corjuem Fort is a small 16th-century Portuguese fort located on Corjuem Island in the Mandovi River, accessible via a short boat ride. The fort was built to guard the river passage and protect Portuguese interests in the region. Today, the fort is in ruins but still offers scenic views of the river and surrounding mangroves. The island setting makes it a unique destination for those interested in Goan history and seeking a less crowded location. The fort is a good spot for photography and peaceful contemplation.",0,TRUE,09:00,17:00,Morning (9-11 AM),45,5,Moderate,Parking|Boat Access|Security|Scenic Views,#CorjuemFort|#IslandFort,"Corjuem Island, Mandovi River, Goa 403401",Tiswadi,+91-832-228-9871,https://www.goatourism.gov.in,Yes,No,No,7,History Buffs|Photographers|Adventure Seekers|Nature Lovers,Monsoon season|High tide times,"Pre-book boat from Ribandar jetty. Wear comfortable clothes. Carry water. Visit during low tide for easier access.",2024-11-01,COMPLETE
Mormugao Fort,Fort,Portuguese Fort,15.397800,73.808300,"Mormugao Fort is a historic Portuguese fortification located near Vasco da Gama city, built to protect the Mormugao harbor and control maritime trade. The fort played a crucial role in Goa's defense system during Portuguese rule. Today, the fort is largely in ruins, but its remnants offer historical significance and scenic views of the harbor. The location provides a glimpse into Goa's colonial past and strategic maritime importance. The area around the fort is industrial now, making the fort a contrast between old and new Goa.",0,TRUE,09:00,17:00,Morning (9-11 AM),45,5,Easy,Parking|Security|Harbor Views|Historical Significance,#MormugaoFort|#VascoFort,"Mormugao, Vasco da Gama, Goa 403802",Mormugao,+91-832-279-9872,https://www.goatourism.gov.in,Limited,Yes,No,6,History Buffs|Architecture Enthusiasts|Researchers|Photographers,Monsoon season|Industrial activity hours,"Wear comfortable shoes. Watch for traffic in industrial area. Early morning visit recommended. Respect security restrictions.",2024-11-01,COMPLETE
Thalassa,Restaurant,Greek Cuisine,15.594700,73.734400,"Thalassa is one of Goa's most iconic restaurants, renowned for authentic Greek cuisine and Mediterranean vibes. Perched dramatically on a cliff edge in Vagator, Thalassa offers breathtaking panoramic views of the Arabian Sea and spectacular sunset vistas. The whitewashed Cycladic architecture with blue accents creates an authentic Greek island atmosphere. The menu features traditional Greek favorites including fresh salads with authentic feta, grilled seafood, moussaka, souvlaki, and mezze platters.",900,FALSE,12:00,23:30,Sunset Dinner (18:00-20:00),120,9,Easy,Parking|Toilets|Sea View Seating|Bar|Wine Selection|Air Conditioning,#ThalassaGoa|#GreekFood|#GoaRestaurants|#VagatorFood,"Small Vagator, Bardez, North Goa, Goa 403509",Bardez,+91-986-934-4338,https://www.thalassa.in,Limited,Partial,Yes,9,Couples|Foodies|Wine Lovers|Special Occasions,Monsoon season|Without reservation,"Booking mandatory. Request sea-facing table. Try signature cocktails.",2024-11-01,COMPLETE
Fisherman's Wharf,Restaurant,Seafood,15.517800,73.762800,"Fisherman's Wharf is a popular seafood restaurant chain in Goa known for its fresh Goan and coastal cuisine. The restaurant offers a variety of seafood dishes prepared with traditional Goan spices and cooking methods. The ambiance combines casual dining with Goan coastal themes, featuring comfortable seating and a relaxed atmosphere. The menu includes local specialties like fish curry, prawn balchão, crab xec xec, and Portuguese-influenced dishes. The restaurant sources fresh seafood daily from local fishermen.",800,FALSE,11:30,23:00,Lunch (12-2 PM) or Dinner (7-9 PM),120,8,Easy,Parking|Toilets|Air Conditioning|Wait Service|Vegetarian Options|Delivery Available,#FishermansWharf|#GoaSeafood,"Multiple locations in Goa including Panjim and Calangute",MULTIPLE,+91-832-242-1234,https://www.fishermanswharf.in,Yes,Yes,Yes,7,Foodies|Couples|Families|Seafood Lovers,Peak hours (8-10 PM)|Festival days,"Make reservation during weekends. Try signature seafood platter. Cash preferred. Vegetarian options available. Multiple locations available.",2024-11-01,COMPLETE
Black Sheep Bistro,Restaurant,Contemporary,15.485600,73.825600,"Black Sheep Bistro is an upscale contemporary restaurant in Panjim offering modern European and fusion cuisine with a creative twist. The restaurant features an elegant interior with intimate dining settings, making it ideal for special occasions. The menu showcases innovative dishes prepared with high-quality ingredients by skilled chefs. The restaurant is known for its excellent service, curated wine list, and unique culinary presentations that appeal to food enthusiasts and those looking for a premium dining experience.",1000,FALSE,12:30,23:30,Dinner (7-9 PM),120,8,Easy,Parking|Toilets|Air Conditioning|Fine Dining Service|Wine Selection|Reservation System,#BlackSheepBistro|#PanjimDining,"41-A, ground floor, Campal, Panjim, Goa 403001",Tiswadi,+91-832-242-5678,https://www.blacksheepbistro.com,Yes,Yes,Yes,7,Foodies|Couples|Business Dinners|Special Occasions,Monday (closed)|Peak hours without reservation,"Reservation mandatory. Formal dress recommended. Try signature dishes. Premium pricing. Wine pairings available.",2024-11-01,COMPLETE
Bomra's,Restaurant,Burmese,15.517800,73.762800,"Bomra's is a popular Burmese restaurant in Candolim, Goa, known for authentic Burmese cuisine and flavorful dishes that represent the unique culinary traditions of Myanmar. The restaurant offers an extensive menu featuring traditional Burmese specialties like tea leaf salad, Shan-style noodles, mohinga, and various curry dishes. The ambiance reflects Burmese culture with traditional decorations and warm hospitality. It has become a favorite among tourists and locals seeking exotic flavors and authentic Asian cuisine.",800,FALSE,12:00,23:00,Lunch (12:30-2 PM) or Dinner (7-9 PM),120,7,Easy,Parking|Toilets|Air Conditioning|Wait Service|Vegetarian Options|Takeaway Available,#BomrasGoa|#BurmeseFood,"Candolim, Bardez, North Goa, Goa 403515",Bardez,+91-832-227-5432,https://www.bomras.com,Yes,Yes,Yes,7,Foodies|Asian Cuisine Lovers|Families|Couples,Peak hours (7:30-9 PM)|Monsoon season,"Try tea leaf salad and noodles. Make reservation for dinner. Cash preferred. Vegetarian options available. Authentic Burmese flavors.",2024-11-01,COMPLETE
Riverside,Restaurant,Continental,15.555600,73.751700,"Riverside is a popular restaurant in Baga offering continental cuisine with beautiful views of the nearby river or waterbody. The restaurant features a pleasant outdoor seating area along with indoor dining options, making it ideal for both casual and special dining experiences. The menu includes a variety of European and Mediterranean dishes prepared with fresh ingredients. The riverside setting provides a tranquil atmosphere perfect for dinner by the water, especially during sunset hours.",800,FALSE,12:00,23:30,Lunch (12:30-2 PM) or Dinner (6:30-9 PM),120,7,Easy,Parking|Toilets|Air Conditioning|Wait Service|Outdoor Seating|River Views,#RiversideGoa|#BagaDining,"Baga, Bardez, North Goa, Goa 403516",Bardez,+91-832-227-6543,NA,Yes,Yes,Yes,7,Couples|Families|Dinner Lovers|Romantic Diners,Monsoon season|Peak hours (8-9:30 PM),"Book riverside table in advance. Visit during sunset. Cash preferred. Casual dress. Reservations recommended for dinner.",2024-11-01,COMPLETE
Vinayak Family Restaurant,Restaurant,Goan Cuisine,15.601700,73.760000,"Vinayak Family Restaurant in Assagao is a traditional Goan eatery specializing in authentic regional cuisine prepared with locally-sourced ingredients and traditional recipes. The restaurant offers classic Goan dishes like vindaloo, xacuti, fish curry with rice, sorpotel, and feni-based beverages. The family-run establishment maintains traditional Goan hospitality with home-style cooking that appeals to both locals and tourists seeking genuine regional flavors. The ambiance is casual and welcoming, reflecting the warmth of Goan family dining.",400,FALSE,11:00,22:00,Lunch (12-2 PM),90,8,Easy,Parking|Toilets|Family-Style Seating|Cash Only|Local Ingredients|Home Cooking,#VinayakRestaurant|#GoanFood,"Assagao, Bardez, North Goa, Goa 403507",Bardez,+91-832-227-7654,NA,Limited,Yes,Yes,6,Families|Goan Food Lovers|Local Experience|Budget Diners,Peak hours (1-2 PM)|Festival days,"Cash only establishment. Try local specialties. Lunch recommended. Family-style portions. Authentic Goan flavors.",2024-11-01,COMPLETE
Pousada by the Beach,Restaurant,Goan Cuisine,15.544500,73.755100,"Pousada by the Beach in Calangute offers authentic Goan cuisine with a beautiful beachfront location that provides diners with stunning sea views. The restaurant features traditional Goan dishes prepared with recipes passed down through generations, including seafood specialties, pork vindaloo, chicken cafreal, and local toddy-based preparations. The 'pousada' setting creates an intimate dining experience with Portuguese colonial influences, combining local flavors with a romantic atmosphere. The restaurant is known for its fresh seafood and traditional cooking methods.",500,FALSE,12:00,23:00,Lunch (12:30-2 PM) or Dinner with Sea View (7-9 PM),90,7,Easy,Parking|Toilets|Air Conditioning|Beach Front Seating|Sea Views|Wait Service,#PousadaGoa|#GoanCuisine,"Calangute Beach Road, Calangute, Bardez, North Goa, Goa 403516",Bardez,+91-832-227-8765,NA,Yes,Yes,Yes,6,Couples|Seafood Lovers|Goan Food Enthusiasts|Romantic Diners,Monsoon season|High tide times,"Book beach table in advance. Visit during sunset. Moderate pricing. Cash accepted. Beach location dining experience.",2024-11-01,COMPLETE
Ritz Classic,Restaurant,Goan Cuisine,15.489400,73.826100,"Ritz Classic in Panjim is a well-established restaurant offering traditional Goan and North Indian cuisine in a comfortable, family-friendly environment. The restaurant is known for its generous portions, affordable pricing, and consistent quality. The menu features classic Goan dishes like fish curry rice, prawn balchão, pork sorpotel, alongside popular North Indian items. The establishment has been serving locals and tourists for years and maintains a reputation for reliable, homestyle Goan food in the heart of Panjim.",400,FALSE,08:00,23:00,Lunch (12:30-2 PM) or Dinner (7:30-9 PM),90,7,Easy,Parking|Toilets|Family Seating|Air Conditioning|Takeaway Available|Fast Service,#RitzClassic|#PanjimFood,"Ground Floor, Ritz Building, Panjim, Goa 403001",Tiswadi,+91-832-242-9876,NA,Yes,Yes,Yes,6,Families|Budget Diners|Goan Food Lovers|Quick Meals,Peak hours (1:30-2 PM and 8:30-9 PM)|Power outages,"Cash preferred. Large portions. Family-friendly. Reliable quality. Central Panjim location.",2024-11-01,COMPLETE
Martin's Corner,Restaurant,Goan Cuisine,15.253300,73.927800,"Martin's Corner in Betalbatim, South Goa, is a charming waterside restaurant known for its authentic Goan seafood and traditional cooking methods. The restaurant offers diners close proximity to the water, creating a serene dining experience with fresh sea breezes. The menu features locally-caught seafood prepared in traditional Goan styles, including fish curry, kingfish xacuti, crab dishes, and other coastal specialties. The restaurant is set in a tranquil location away from the tourist crowds, making it popular among those seeking an authentic local experience.",500,FALSE,11:30,22:30,Lunch (12:30-2 PM) or Dinner (7-8:30 PM),90,8,Easy,Parking|Toilets|Waterside Seating|Air Conditioning|Seafood Specialties|Local Ingredients,#MartinsCorner|#GoaRestaurants,"Betalbatim, Salcete, South Goa, Goa 403710",Salcete,+91-832-276-5432,NA,Yes,Yes,Yes,6,Seafood Lovers|Romantic Diners|Local Experience|Couples,Monsoon season|High tide times,"Reservations recommended. Fresh seafood daily. Waterside tables preferred. Cash accepted. Peaceful location away from crowds.",2024-11-01,COMPLETE
Gunpowder,Restaurant,South Indian,15.601700,73.760000,"Gunpowder in Assagao is a renowned South Indian restaurant specializing in authentic Chettinad and Tamil cuisine known for its bold flavors and aromatic spices. The restaurant features traditional South Indian ambiance with modern touches, offering both vegetarian and non-vegetarian options. The menu includes spicy Chettinad curries, traditional South Indian thalis, dosas, idlis, and unique preparations using authentic spice blends. The restaurant has gained popularity for its genuine South Indian flavors in the Goan setting, making it a favorite among spice lovers.",600,FALSE,12:00,23:00,Lunch (12:30-2:30 PM),90,8,Easy,Parking|Toilets|Air Conditioning|Traditional Ambiance|Spice Specialties|Vegetarian Options,#GunpowderGoa|#SouthIndian,"Assagao, Bardez, North Goa, Goa 403507",Bardez,+91-832-227-6547,https://www.gunpowderrestaurant.com,Yes,Yes,Yes,7,Spice Lovers|South Indian Food Enthusiasts|Foodies|Families,Peak hours (1-2:30 PM)|Hot weather (spicy food intensifies heat),"Authentic spicy Chettinad cuisine. Try thali for full experience. Cash preferred. Spice levels vary. Not for mild food lovers.",2024-11-01,COMPLETE
La Plage,Restaurant,French Cuisine,15.663300,73.719400,"La Plage in Ashwem is an elegant French restaurant offering authentic French cuisine in a beautiful beachside setting. The restaurant features classic French dishes prepared by trained French chefs using imported and local ingredients. The menu includes French staples like escargot, coq au vin, beef bourguignon, ratatouille, and an impressive selection of French desserts. The ambiance combines French bistro aesthetics with Goan coastal charm, creating an upscale dining experience near the pristine Ashwem Beach.",1000,FALSE,12:30,23:30,Dinner (7:30-9:30 PM),120,8,Easy,Parking|Toilets|Air Conditioning|Fine Dining Service|Wine Cellar|Beachside Location,#LaPlageGoa|#FrenchFood,"Ashwem, Pernem, North Goa, Goa 403508",Pernem,+91-832-238-7654,https://www.laplagegoa.com,Limited,Yes,Yes,8,Couples|Fine Dining Lovers|Special Occasions|French Cuisine Enthusiasts,Monsoon season|Peak hours without reservation,"Reservations essential. Formal setting. Wine pairings available. Seafood specialties. Premium pricing for quality experience.",2024-11-01,COMPLETE
Sublime,Restaurant,Portuguese,15.631700,73.732200,"Sublime in Morjim is an authentic Portuguese restaurant specializing in traditional Lusitanian cuisine that reflects Goa's colonial heritage. The menu features classic Portuguese dishes like bacalhau, francesinha, caldo verde, and pastéis de nata, prepared using traditional recipes and techniques. The restaurant ambiance recreates a Portuguese tavern setting with European decor and warm hospitality. The location in Morjim, known for its expat community, makes it popular for those seeking genuine European flavors with Goan influences.",700,FALSE,12:00,23:00,Lunch (12:30-2:30 PM) or Dinner (7-9 PM),90,7,Easy,Parking|Toilets|Air Conditioning|European Ambiance|Wine Selection|Authentic Recipes,#SublimeGoa|#PortugueseFood,"Morjim, Pernem, North Goa, Goa 403507",Pernem,+91-832-238-8765,https://www.sublimeportuguese.com,Yes,Yes,Yes,7,Portuguese Food Lovers|Cultural Experience|Expats|Fine Dining,Peak hours (8-9:30 PM)|Festival days,"Authentic Portuguese flavors. Try daily specials. Reservations recommended. European wine selection. Colonial heritage setting.",2024-11-01,COMPLETE
Brittos,Restaurant,Multi-Cuisine,15.555600,73.751700,"Brittos in Baga is a popular multi-cuisine restaurant known for its vibrant nightlife and party atmosphere that attracts a diverse crowd. The restaurant offers varied menu options including European, Indian, and Goan dishes to cater to different tastes. Brittos is particularly famous for its evening events, live music, and DJ nights that transform it into a beachside party destination. The establishment combines dining with entertainment, making it a complete night-out experience for tourists and locals alike.",600,FALSE,12:00,24:00,Evening (6-11 PM for dining),120,8,Easy,Parking|Toilets|Air Conditioning|Live Music|DJ Nights|Beachside Seating,#BrittosGoa|#BagaBeach,"Baga Beach Road, Bardez, North Goa, Goa 403516",Bardez,+91-832-227-9876,https://www.brittos.in,Yes,Yes,Yes,7,Party Lovers|Young Travelers|Nightlife Seekers|Dinner & Entertainment,Peak party hours (10 PM-1 AM)|Weekends (very crowded),"Dinner before partying. Reserve table for dining. Party atmosphere after 9 PM. Cash preferred. Famous Baga nightspot.",2024-11-01,COMPLETE
Curlies,Restaurant,Beach Shack,15.574400,73.740600,"Curlies is a popular beach shack located directly on Anjuna Beach, known for its relaxed atmosphere, chilled music, and excellent seafood offerings. The shack features colorful beachside seating, umbrellas, and a laid-back vibe that embodies the Goan beach culture. The menu focuses on fresh seafood including fish, prawns, and crabs, prepared with local spices and served with rice or bread. The location provides diners with direct beach access and stunning sea views while enjoying their meal.",500,FALSE,11:00,22:00,Lunch (12-3 PM),120,8,Easy,Parking|Toilets|Beachside Seating|Umbrellas|Chilled Music|Fresh Seafood,#CurliesGoa|#AnjunaBeach,"Anjuna Beach, Bardez, North Goa, Goa 403509",Bardez,+91-832-229-8765,NA,Limited,Yes,Yes,8,Backpackers|Beach Lovers|Seafood Enthusiasts|Relaxed Diners,Monsoon season|Peak hours (1-2 PM),"'Beachfront dining experience. Fresh catch of the day. Casual dress code. Cash only. Great sunset views from beachside tables.",2024-11-01,COMPLETE
Calamari Bathe and Binge,Restaurant,Beach Restaurant,15.517800,73.762800,"Calamari Bathe and Binge in Candolim is a popular beachfront restaurant known for its relaxed atmosphere and excellent location directly on the beach. The establishment offers a perfect combination of dining and beach recreation, allowing guests to enjoy a meal and then take a dip in the sea. The menu features a variety of seafood, Goan specialties, and international dishes, all served in a casual beach setting. The restaurant is popular among tourists looking for a convenient beachside dining experience with sea access.",700,FALSE,11:00,21:00,Lunch (12-3 PM) or Early Dinner (6-8 PM),120,7,Easy,Parking|Toilets|Beachside Seating|Swim Access|Air Conditioning|Sea Views,#CalamariGoa|#CandolimBeach,"Candolim Beach Road, Bardez, North Goa, Goa 403515",Bardez,+91-832-227-7659,NA,Yes,Yes,Yes,7,Beach Lovers|Families|Relaxed Diners|Tourists,Monsoon season|High tide times,"Direct beach access. Swim after dining. Casual beach wear. Swimming facilities available. Good for families with kids.",2024-11-01,COMPLETE
Infantaria,Cafe,Bakery & Cafe,15.544500,73.755100,"Infantaria in Calangute is a charming bakery and cafe offering fresh baked goods, pastries, cakes, and a variety of beverages in a cozy setting. The cafe is known for its artisanal breads, European-style pastries, and homemade cakes made with quality ingredients. The menu includes coffee, tea, fresh juices, and light snacks that complement their baked offerings. The establishment has a warm, bakery aroma and casual seating that attracts both tourists and locals looking for quality baked goods and a relaxing atmosphere.",300,FALSE,08:00,21:00,Morning (8:30-11 AM) or Evening (4-6 PM),60,8,Easy,Parking|Toilets|Free WiFi|Bakery Display|Outdoor Seating|Takeaway Available,#InfantariaGoa|#GoaBakery,"Calangute, Bardez, North Goa, Goa 403516",Bardez,+91-832-227-6548,NA,Yes,Yes,Yes,6,Coffee Lovers|Bakery Enthusiasts|Light Eaters|Work/Study|Families,Peak hours (9-10 AM)|Evening rush (5-7 PM),"Fresh baked goods daily. WiFi available. Cash and card accepted. Popular for breakfast. Home-style baked items.",2024-11-01,COMPLETE
Cafe Chocolatti,Cafe,Dessert Cafe,15.489400,73.826100,"Cafe Chocolatti in Panjim is a delightful dessert cafe specializing in chocolate-based treats, cakes, pastries, and specialty coffee and tea. The cafe features an intimate setting with elegant decor that creates a perfect ambiance for dessert lovers. The menu includes artisanal chocolates, custom cakes, ice creams, waffles, crepes, and a selection of premium coffee and tea blends. The cafe is known for its decadent desserts, excellent service, and romantic setting that makes it popular for dates and special occasions.",400,FALSE,10:00,22:00,Afternoon (2-5 PM) or Evening (6-8 PM),60,7,Easy,Parking|Toilets|Air Conditioning|Free WiFi|Dessert Specialties|Romantic Ambiance,#CafeChocolatti|#PanjimCafe,"12-A, ground floor, Panjim, Goa 403001",Tiswadi,+91-832-242-3456,https://www.cafechocolatti.com,Yes,Yes,Yes,7,Dessert Lovers|Couples|Coffee Enthusiasts|Sweet Treat Seekers,Peak hours (3-5 PM)|Festival days,"Specialty desserts. WiFi for work/study. Reservations for special occasions. Premium pricing for quality. Elegant setting for dates.",2024-11-01,COMPLETE
Artjuna,Cafe,Health Cafe,15.574400,73.740600,"Artjuna in Anjuna is a health-focused cafe offering organic, nutritious, and wholesome food options for health-conscious visitors and locals. The menu features fresh salads, smoothie bowls, fresh juices, herbal teas, organic coffee, and healthy snacks made with natural ingredients. The cafe promotes wellness with options like gluten-free, vegan, and sugar-free alternatives. The setting is peaceful and mindful, with eco-friendly decor that aligns with the health-conscious philosophy. The establishment is especially popular among yoga practitioners, health enthusiasts, and those seeking lighter meal options.",350,FALSE,09:00,20:00,Morning (9-11 AM) or Afternoon (2-4 PM),90,7,Easy,Parking|Toilets|Free WiFi|Organic Products|Eco-friendly Ambiance|Health-focused Menu,#ArtjunaGoa|#HealthCafe,"Anjuna, Bardez, North Goa, Goa 403509",Bardez,+91-832-229-4321,NA,Limited,Yes,Yes,7,Health Enthusiasts|Yoga Practitioners|Organic Food Lovers|Light Eaters,Peak hours (12-2 PM)|Monsoon season,"Organic and healthy options. WiFi available. Natural ingredients. Mindful eating. Wellness-focused menu.",2024-11-01,COMPLETE
Baba Au Rhum,Cafe,French Patisserie,15.489400,73.826100,"Baba Au Rhum in Panjim is an authentic French patisserie specializing in classic French pastries, desserts, and baked goods made using traditional French techniques. The patisserie offers croissants, pain au chocolat, éclairs, macarons, tarts, and the namesake rum-infused specialties. The establishment provides a genuine French café experience in Goa with imported French ingredients, traditional recipes, and expert French baking methods. The elegant display of pastries and authentic French ambiance make it a favorite among expats and those seeking authentic European patisserie items.",400,FALSE,08:30,20:00,Morning (8:30-11 AM) for pastries,60,7,Easy,Parking|Toilets|Air Conditioning|French Ambiance|Imported Ingredients|Patisserie Display,#BabaAuRhum|#PanjimCafe,"Ground floor, Inglez Waddo, Panjim, Goa 403001",Tiswadi,+91-832-242-5671,https://www.babaaurhum.com,Yes,Yes,Yes,7,Pastry Lovers|French Cuisine Enthusiasts|Coffee & Croissant|Expats,Peak hours (9-10 AM)|Festival days,"Authentic French pastries. Fresh morning croissants. Premium pricing. French ambiance. Imported ingredients. Limited seating.",2024-11-01,COMPLETE
Bean Me Up,Cafe,Vegan Cafe,15.599200,73.736900,"Bean Me Up in Vagator is a dedicated vegan cafe offering plant-based alternatives for all meals and beverages. The menu includes vegan burgers, sandwiches, smoothie bowls, fresh juices, dairy-free desserts, and specialty coffee using plant-based milk alternatives. The establishment caters to vegetarians, vegans, and health-conscious individuals seeking nutritious, plant-based options. The cafe features eco-friendly practices and promotes sustainable eating habits. The location near Vagator Beach makes it popular among health-conscious travelers and locals following plant-based diets.",350,FALSE,09:00,21:00,Brunch (10-12 PM) or Afternoon (3-5 PM),90,7,Easy,Parking|Toilets|Free WiFi|Plant-based Menu|Eco-friendly Practices|Organic Options,#BeanMeUp|#VeganGoa,"Vagator, Bardez, North Goa, Goa 403509",Bardez,+91-832-228-5432,NA,Yes,Yes,Yes,6,Vegans|Vegetarians|Health Enthusiasts|Eco-conscious Diners,Eco-friendly crowd|Tourists seeking alternatives,"Completely plant-based menu. Eco-friendly practices. WiFi available. Organic ingredients. Nutritious options. Beach location.",2024-11-01,COMPLETE
Dudhsagar Waterfalls,Waterfall,Natural Wonder,15.314400,74.314100,"Dudhsagar Waterfalls, meaning Sea of Milk in Konkani, is one of India's tallest and most spectacular waterfalls, located on the Goa-Karnataka border within Bhagwan Mahaveer Wildlife Sanctuary. The waterfall cascades down from a height of 310 meters in four tiers, creating a breathtaking spectacle especially during monsoon season. The journey requires a 4x4 jeep ride through dense forest followed by a short trek.",400,FALSE,09:00,17:00,Post-Monsoon (October-January),240,9,Difficult,Parking|Toilets|Forest Permit Office|Canteen|Jeep Services|Swimming Area,#DudhsagarFalls|#GoaWaterfalls|#NatureLovers|#TrekkingIndia,"Dudhsagar Falls, Bhagwan Mahaveer Wildlife Sanctuary, Goa 403410",Sanguem,+91-832-261-0304,https://www.goaforest.com,Limited,No,Limited,10,Adventure Seekers|Nature Lovers|Photographers|Trekkers,Dry season|During heavy rains,"Visit during monsoon for maximum flow. Book jeep safari in advance. Wear quick-dry clothes.",2024-11-01,COMPLETE
Harvalem Waterfalls,Waterfall,Natural Wonder,15.573900,73.968300,"Harvalem Waterfalls, also known as Arvalem Waterfalls, is a picturesque cascade located near Sanquelim in Bicholim, flowing from the same source as the famous Dudhsagar Falls. The waterfall is most impressive during the monsoon season when it receives maximum water flow from the catchment area. The location offers a serene environment surrounded by lush greenery and is popular among nature lovers and photographers. The falls require a short trek through the forest to reach, making it an adventure destination for those seeking tranquility away from the crowded beaches.",0,TRUE,08:00,17:00,Monsoon season (July-September),90,6,Moderate,Parking|Forest Permit|Toilets|Trekking Path|Natural Pool|Scenic Beauty,#HarvalemFalls|#ArvalemWaterfall,"Sanquelim, Bicholim, Goa 403403",Bicholim,+91-832-234-6789,NA,Limited,No,No,7,Nature Lovers|Photographers|Trekking Enthusiasts|Adventure Seekers,Dry season|After heavy rains (safety concerns),"Monsoon season recommended. Permits required. Wear trekking shoes. Carry water. Safety first during rains. Forest department contact important.",2024-11-01,COMPLETE
Netravali Waterfalls,Waterfall,Natural Wonder,15.106700,74.113300,"Netravali Waterfalls is a beautiful multi-tiered cascade located in the Netravali region of Sanguem, within the Western Ghats. The waterfall flows through the Netravali Wildlife Sanctuary, creating a pristine natural environment with lush vegetation and diverse wildlife. The falls are most spectacular during the monsoon season when they have maximum flow. The area around the falls is known for its natural pool and surrounding tropical forest, making it an ideal destination for nature photography and eco-tourism. The location offers a tranquil escape from urban areas.",0,TRUE,08:00,17:00,Monsoon season (June-September),120,6,Moderate,Parking|Forest Permit|Toilets|Wildlife Sanctuary|Natural Pool|Trekking Path,#NetravaliWaterfall|#BubbleLake,"Netravali, Sanguem, Goa 403410",Sanguem,+91-832-265-4321,https://www.goaforest.com,Limited,No,No,8,Nature Lovers|Wildlife Enthusiasts|Photographers|Trekking Enthusiasts,Dry season|Heavy rains (safety concerns),"Forest permit required. Monsoon best for water flow. Wear appropriate trekking gear. Wildlife sanctuary regulations apply. Carry essentials.",2024-11-01,COMPLETE
Tambdi Surla Waterfalls,Waterfall,Natural Wonder,15.401700,74.141700,"Tambdi Surla Waterfalls is a hidden gem located in the remote area of Tambdi Surla, Dharbandora, near the ancient 12th-century Mahadev Temple. The waterfall is surrounded by dense forest and offers a pristine environment with minimal human interference. The trek to reach the falls is challenging and requires good fitness levels, but rewards visitors with stunning natural beauty and serenity. The falls are most impressive during the monsoon season when the water flow is at its peak. The location is also significant for its proximity to the historical temple site.",0,TRUE,07:00,16:00,Monsoon season (July-September),120,5,Difficult,Parking|Forest Path|Trekking Required|Natural Setting|Historical Temple Nearby|Scenic Beauty,#TambdiSurlaWaterfall|#GoaWaterfalls,"Tambdi Surla, Dharbandora, Goa 403105",Dharbandora,+91-832-239-8765,NA,Limited,No,No,8,Nature Lovers|Adventure Seekers|Trekking Enthusiasts|Photographers,Dry season|After heavy rains|Without guide,"Monsoon recommended. Challenging trek. Historical temple nearby. Carry sufficient water. Expert guide recommended. Difficult terrain.",2024-11-01,COMPLETE
Kesarval Waterfalls,Waterfall,Natural Wonder,15.500600,74.115600,"Kesarval Waterfalls is a lesser-known cascade located in the Kesarval village near Valpoi in the Sattari taluka. The waterfall flows through the lush Sahyadri mountain ranges and is surrounded by pristine forest cover. Access to the falls requires a moderate trek through the countryside, offering visitors scenic views of the Western Ghats. The falls are most active during the monsoon season and provide a peaceful retreat for those looking to experience Goa's natural beauty away from the tourist crowds. The area is also rich in local flora and fauna.",0,TRUE,08:00,17:00,Monsoon season (June-September),90,5,Moderate,Parking|Village Access|Trekking Path|Natural Surroundings|Scenic Beauty|Photography Spots,#KesarvalWaterfall|#ValpoiFalls,"Kesarval village, Valpoi, Sattari, Goa 403113",Satari,+91-832-235-7654,NA,Limited,No,No,7,Nature Lovers|Trekking Enthusiasts|Photographers|Adventure Seekers,Dry season|Heavy monsoon rains,"Monsoon season recommended. Moderate trek required. Local guide helpful. Carry essentials. Beautiful countryside views during trek.",2024-11-01,COMPLETE
Anjuna Flea Market,Market,Shopping,15.574400,73.740600,"Anjuna Flea Market is Goa's most famous open-air market held every Wednesday. This iconic bazaar has been a fixture of Goa's hippie culture since the 1960s featuring hundreds of stalls selling eclectic products. Visitors find Tibetan artifacts, Kashmir handicrafts, Rajasthani textiles, silver jewelry, handmade clothing, bags, drums, and musical instruments. The market offers a complete sensory experience with live music performances, drum circles, and food stalls serving cuisines from around the world.",0,TRUE,09:00,19:00,Morning to Afternoon (10:00-15:00),180,8,Easy,Parking|Toilets|Food Stalls|ATM|Music|Seating Areas,#AnjunaMarket|#GoaShopping|#FleaMarket|#GoaHippieMarket,"Anjuna Beach Road, Anjuna, Bardez, North Goa, Goa 403509",Bardez,NA,https://www.goatourism.gov.in,Yes,Yes,Yes,7,Shoppers|Solo Travelers|Hippie Culture Enthusiasts|Bargain Hunters,Not operational on non-Wednesdays|Rains can dampen experience,"Carry sufficient cash. Bargain hard but fairly. Visit early to avoid crowds and heat.",2024-11-01,COMPLETE
Mapusa Friday Market,Market,Shopping,15.590000,73.810000,"Mapusa Friday Market is one of North Goa's most vibrant weekly markets held every Friday in the town of Mapusa. The market is famous for its wide variety of local produce, including fresh fruits, vegetables, spices, and Goan specialties like dried fish and pickles. The market also features local handicrafts, clothing, and various household items at competitive prices. The market has been a traditional gathering place for locals and offers visitors an authentic experience of Goan rural life. The bustling atmosphere, local interactions, and variety of goods make it a must-visit destination for experiencing local Goan culture.",0,TRUE,06:00,14:00,Morning (7-10 AM),120,7,Easy,Parking|Toilets|Local Vendors|Fresh Produce|Spices|Handicrafts,#MapusaMarket|#FridayMarket|#GoaShopping,"Mapusa, Bardez, North Goa, Goa 403507",Bardez,+91-832-227-4321,https://www.goatourism.gov.in,Yes,Yes,Yes,5,Shoppers|Local Experience|Food Lovers|Bargain Hunters,Friday mornings (peak crowd)|Monsoon season,"Early morning best for fresh produce. Bargaining expected. Cash preferred. Experience local Goan life. Wide variety of goods available.",2024-11-01,COMPLETE
Panjim Municipal Market,Market,Shopping,15.489400,73.827200,"Panjim Municipal Market is the central marketplace in Panjim, the capital city of Goa, offering a diverse range of goods including fresh produce, fish, meat, spices, flowers, and local products. The market is housed in a historic municipal building with traditional architecture that reflects the Portuguese colonial heritage. Vendors sell fresh Goan produce including tropical fruits, vegetables, seafood, and regional specialties. The market operates daily and is a hub of activity where locals shop for daily necessities while tourists experience authentic Goan marketplace culture.",0,TRUE,06:00,19:00,Morning (6-9 AM),90,6,Easy,Parking|Toilets|Municipal Management|Fresh Produce|Local Vendors|Historic Architecture,#PanjimMarket|#GoaShopping,"Opposite Panjim Post Office, Panjim, Goa 403001",Tiswadi,+91-832-242-6789,https://www.panaji.nic.in,No,Yes,Yes,5,Locals|Shoppers|Food Lovers|Cultural Experience|Tourists,Daily operations|Peak hours (6-9 AM),"'Historic municipal market. Fresh Goan produce. Central Panjim location. Local shopping experience. Historic architecture. Morning hours recommended.",2024-11-01,COMPLETE
Saturday Night Market,Market,Shopping & Entertainment,15.635600,73.774400,"Saturday Night Market in Arpora is a vibrant evening market that comes alive every Saturday night offering a perfect blend of shopping, dining, and entertainment. The market features numerous stalls selling handicrafts, clothing, jewelry, accessories, and souvenirs. Food vendors offer a variety of local and international cuisines, while live music, street performances, and cultural shows add to the festive atmosphere. The market attracts tourists and locals alike, providing an enjoyable evening experience with a carnival-like ambiance that captures the spirit of Goan nightlife.",0,TRUE,18:00,24:00,Evening (7-10 PM),180,8,Easy,Parking|Toilets|Food Stalls|Live Entertainment|Street Performers|Security,#SaturdayNightMarket|#ArporaMarket,"Arpora, Bardez, North Goa, Goa 403507",Bardez,+91-832-227-5678,https://www.goatourism.gov.in,Yes,Yes,Yes,7,Tourists|Shoppers|Food Lovers|Nightlife Enthusiasts|Families,Saturday evenings (peak crowd)|Monsoon season,"Evening entertainment. Variety of food options. Shopping and fun combined. Live music performances. Night market experience. Cash for small vendors.",2024-11-01,COMPLETE
Margao Market,Market,Local Market,15.271700,73.954200,"Margao Market is the commercial hub of South Goa, located in the town of Margao (Margoa), offering a traditional Goan marketplace experience. The market features vendors selling fresh produce, seafood, spices, flowers, and local goods that reflect South Goan culture. The market is known for its vibrant atmosphere, local vendors selling regional specialties, and authentic Goan shopping experience. The area around the market has many shops, eateries, and commercial establishments, making it the primary trading center for South Goa. The market represents the heart of South Goan commercial activity and daily life.",0,TRUE,06:00,18:00,Morning (6-9 AM),90,6,Easy,Parking|Toilets|Fresh Produce|Local Vendors|Regional Specialties|Commercial Hub,#MargaoMarket|#SouthGoaShopping,"Margoa, South Goa, Goa 403601",Salcete,+91-832-279-8765,https://www.goatourism.gov.in,Limited,Yes,Yes,5,Locals|Shoppers|Food Lovers|Cultural Experience|South Goa Visitors,Morning hours (6-10 AM)|Festival days,"South Goa commercial hub. Fresh regional produce. Authentic local experience. Local bargaining culture. Central location in South Goa.",2024-11-01,COMPLETE
Goa State Museum,Museum,Culture & History,15.498900,73.826100,"Goa State Museum in Panjim is the premier cultural institution showcasing Goa's rich heritage, history, and diverse cultural traditions spanning multiple centuries. The museum houses extensive collections of artifacts, including ancient sculptures, religious objects, colonial memorabilia, traditional costumes, and archaeological finds. The exhibits depict Goa's unique cultural synthesis of Indian, Portuguese, and other influences that have shaped the region's identity. The museum also features numismatics, ethnography, and natural history sections. The building itself is a fine example of colonial architecture, adding to the historical significance of the institution.",50,FALSE,09:00,17:00,Morning (9:30-11:30 AM),90,6,Easy,Parking|Toilets|Guided Tours|Audio Guide|Photography (in specified areas)|Information Boards,#GoaStateMuseum|#GoaCulture,"Panaji, Near Kala Academy, Panjim, Goa 403001",Tiswadi,+91-832-242-3450,https://www.goamuseum.gov.in,Yes,Yes,No,5,Culture Enthusiasts|History Buffs|Students|Researchers|Tourists,Monday (closed)|Festival days,"Extensive cultural collections. Photography restrictions apply. Guided tours available. Historical significance. Student discounts. Mid-week visit recommended.",2024-11-01,COMPLETE
Naval Aviation Museum,Museum,Aviation,15.384400,73.805600,"Naval Aviation Museum in Vasco da Gama is India's only naval aviation museum, showcasing the history and achievements of the Indian Naval Air Arm. The museum features a collection of naval aircraft, including decommissioned planes, helicopters, and aviation equipment used by the Indian Navy. Exhibits include interactive displays, historical photographs, uniforms, weapons, and models explaining naval aviation operations. The museum also highlights the role of naval aviation in India's maritime defense and rescue operations. Located near the Dabolim airport, it offers visitors insights into India's naval aviation capabilities and technological advancement.",100,FALSE,09:00,17:00,Morning (9:30-11:30 AM),90,7,Easy,Parking|Toilets|Guided Tours|Security Check|Information Boards|Aviation Displays,#NavalAviationMuseum|#VascoGoa,"Mopa Air Force Station, Near Dabolim Airport, Vasco da Gama, Goa 403802",Mormugao,+91-832-279-3456,https://www.navalaviationmuseum.in,Yes,Yes,No,6,Aviation Enthusiasts|Military History Buffs|Students|Families|Researchers,Monday (closed)|Festival days,"Indian naval aviation exhibits. Security clearance required. Photography restrictions. Educational displays. Military significance. Advance booking recommended.",2024-11-01,COMPLETE
Museum of Christian Art,Museum,Religious Art,15.501700,73.912200,"Museum of Christian Art in Old Goa is dedicated to preserving and showcasing the rich tradition of Christian art in India, particularly from the Portuguese colonial period. The museum houses a unique collection of sacred art, including sculptures, paintings, furniture, vestments, and religious artifacts from the 16th to 19th centuries. The exhibits demonstrate the fusion of European Christian artistic traditions with local Indian influences, creating a distinctive Indo-Portuguese artistic style. The museum is housed in the former Convent of St. Francis, adding historical significance to the displayed artifacts. The collection includes works by renowned artists and represents various Christian denominations that were present in colonial Goa.",30,FALSE,09:00,17:00,Morning (9:30-11:30 AM),60,6,Easy,Parking|Toilets|Guided Tours|Religious Art Displays|Information Boards|Climate Control,#ChristianArtMuseum|#OldGoa,"Convent of St. Francis, Old Goa, North Goa, Goa 403402",Tiswadi,+91-832-228-3457,https://www.museumchristianart.org,Yes,Yes,No,6,Art Enthusiasts|Religious Scholars|History Buffs|Students|Cultural Tourists,Monday (closed)|Festival days,"Unique Christian art collection. Sacred artifacts. Climate controlled displays. Religious significance. Old Goa heritage site. Academic research center.",2024-11-01,COMPLETE
Dona Paula Viewpoint,Viewpoint,Scenic Spot,15.453900,73.802800,"Dona Paula Viewpoint is a scenic location in Panjim offering panoramic views of the Arabian Sea, Mormugao harbor, and the confluence of three rivers: Mandovi, Zuari, and Obriga. The viewpoint is named after Dona Paula, a woman of the Portuguese era, and is surrounded by lush greenery and well-maintained gardens. The location is popular among couples, photographers, and tourists seeking peaceful views of the sea and harbor. The area features seating arrangements, walkways, and landscaped gardens that make it an ideal spot for evening visits. The viewpoint also offers views of ferries and ships navigating the waters, making it a perfect place for sunset viewing.",0,TRUE,06:00,20:00,Evening (5-7 PM) for sunset,45,7,Easy,Parking|Toilets|Gardens|Seating Areas|Security|Photography Spots,#DonaPaulaViewpoint|#GoaScenic,"Dona Paula, Panjim, Goa 403001",Tiswadi,+91-832-241-2345,https://www.goatourism.gov.in,Yes,Yes,Yes,8,Couples|Photographers|Evening Strollers|Romantic Diners|Tourists,Monsoon season|Peak evening hours,"Spectacular sunset views. Sea and harbor views. Well-maintained gardens. Romantic setting. Popular with locals and tourists. Free entry.",2024-11-01,COMPLETE
Cabo de Rama Viewpoint,Viewpoint,Scenic Spot,15.088300,73.917800,"Cabo de Rama Viewpoint is a spectacular elevated location in South Goa offering breathtaking views of the Arabian Sea, the historic Cabo de Rama Fort, and the surrounding landscape. The viewpoint is perched on a high cliff providing panoramic vistas that extend to the horizon. The location is famous for its stunning sunsets and is considered one of the best sunset viewing spots in Goa. The area around the viewpoint is relatively untouched, offering visitors a peaceful experience away from the crowded tourist areas. The viewpoint provides unobstructed views of the sea and is ideal for photography, especially during golden hour.",0,TRUE,07:00,19:00,Evening (5:30-7 PM) for sunset,60,7,Moderate,Parking|Security|Cliff Safety|Photography Spots|Viewing Platforms|Natural Surroundings,#CaboViewpoint|#GoaSunset,"Cabo de Rama, Canacona, South Goa, Goa 403702",Canacona,+91-832-264-7890,https://www.goatourism.gov.in,Limited,No,No,9,Photographers|Couples|Sunset Lovers|Nature Enthusiasts|Adventure Seekers,Monsoon season|High winds,"Stunning sea views. Best sunset location. Elevated cliff position. Photography paradise. Scenic beauty. Moderate trek required.",2024-11-01,COMPLETE
Chapora Fort Viewpoint,Viewpoint,Scenic Spot,15.599500,73.736500,"Chapora Fort Viewpoint offers spectacular panoramic views of the Arabian Sea, Vagator Beach, Anjuna Beach, and the Chapora River estuary. The elevated position of the historic fort provides unobstructed vistas across multiple beaches and coastal features. The viewpoint is particularly famous for its breathtaking sunsets, often featured in films like 'Dil Chahta Hai'. Visitors can enjoy views of the nearby Ozran Beach and observe the confluence of the river and sea. The location combines historical significance with natural beauty, making it a popular destination for photographers and tourists seeking scenic views.",0,TRUE,06:00,19:00,Evening (5:30-7 PM) for sunset,45,8,Easy,Parking|Security|Photography Spots|Historical Ruins|Clifftop Views|Scenic Beauty,#ChaporaViewpoint|#VagatorSunset,"Chapora Fort, Vagator, Bardez, North Goa, Goa 403509",Bardez,+91-832-228-6789,https://www.goatourism.gov.in,Yes,No,No,10,Photographers|Movie Buffs|Couples|Sunset Lovers|Tourists,Monsoon season|Midday heat,"Iconic movie location. Best sunset views. Historical fort setting. Elevated clifftop position. Spectacular coastal views. Popular photography spot.",2024-11-01,COMPLETE
Bhagwan Mahaveer Wildlife Sanctuary,Wildlife,Nature Reserve,15.400000,74.200000,"Bhagwan Mahaveer Wildlife Sanctuary, also known as Mollem National Park, is one of Goa's most important protected areas located in the Western Ghats. The sanctuary covers diverse ecosystems including tropical evergreen, semi-evergreen, and moist deciduous forests. It is home to various wildlife species including leopards, sloth bears, sambar deer, gaur (Indian bison), and numerous bird species. The sanctuary also encompasses the famous Tambdi Surla Mahadev Temple and the Mhadei River. The region is part of the Western Ghats biodiversity hotspot and offers trekking opportunities through pristine forest trails.",200,FALSE,07:00,17:00,Morning (7:30-10 AM),240,7,Moderate,Parking|Forest Checkpost|Guided Tours|Trekking Paths|Wildlife Viewing|Conservation Education,#MahaveerSanctuary|#GoaWildlife,"Molem, Dharbandora, Goa 403105",Dharbandora,+91-832-239-1200,https://www.goaforest.com,Limited,No,No,7,Nature Lovers|Wildlife Enthusiasts|Trekking Enthusiasts|Bird Watchers|Researchers,Monsoon season|Peak summer (May-June),"Wildlife diversity. Permits required. Guided tours mandatory. Trekking opportunities. Biodiversity hotspot. Conservation importance.",2024-11-01,COMPLETE
Dr Salim Ali Bird Sanctuary,Wildlife,Bird Watching,15.514400,73.873900,"Dr Salim Ali Bird Sanctuary, located on Chorao Island in the Mandovi River, is Goa's only bird sanctuary named after the renowned Indian ornithologist Dr. Salim Ali. The sanctuary occupies a small mangrove area rich in biodiversity and serves as a habitat for both resident and migratory bird species. The island features mangrove forests, paddy fields, and water bodies that attract various bird species including kingfishers, herons, egrets, and migratory waterfowl during winter months. The sanctuary offers peaceful boat rides, nature walks, and birdwatching opportunities. The location provides a tranquil escape for nature enthusiasts and those interested in avian diversity.",50,FALSE,08:00,17:00,Morning (8-10 AM),120,6,Easy,Parking|Boat Access|Guided Tours|Bird Watching Points|Mangrove Trails|Conservation Awareness,#SalimAliBirdSanctuary|#BirdWatching,"Chorao Island, Mandovi River, Goa 403401",Tiswadi,+91-832-228-9870,https://www.goaforest.com,Yes,No,No,6,Bird Watchers|Nature Lovers|Photographers|Ornithologists|Families,Monsoon season|Hot summer months,"Bird sanctuary on island. Boat access required. Over 100 bird species. Peaceful environment. Mangrove ecosystem. Named after Dr. Salim Ali.",2024-11-01,COMPLETE
Cotigao Wildlife Sanctuary,Wildlife,Nature Reserve,15.008900,74.108300,"Cotigao Wildlife Sanctuary in South Goa is a pristine protected area located in the Canacona region, featuring tropical evergreen and semi-evergreen forests. The sanctuary is home to diverse wildlife including barking deer, wild boar, various primates, and numerous bird species. The area is particularly known for its population of the endangered Malabar giant squirrel. The sanctuary also features the Divarji Dam and several streams flowing through it, creating diverse habitats. The region offers opportunities for nature walks, wildlife photography, and experiencing the unspoiled Western Ghats ecosystem. The sanctuary is less frequented by tourists, providing a more secluded nature experience.",50,FALSE,07:00,17:00,Morning (7:30-10 AM),180,5,Moderate,Parking|Forest Checkpost|Guided Tours|Wildlife Viewing|Trekking Paths|Conservation Education,#CotigaoSanctuary|#SouthGoaWildlife,"Cotigao, Canacona, South Goa, Goa 403702",Canacona,+91-832-264-9870,https://www.goaforest.com,Limited,No,No,6,Nature Lovers|Wildlife Enthusiasts|Trekking Enthusiasts|Photographers|Researchers,Monsoon season|Summer months (limited water sources),"South Goa sanctuary. Malabar giant squirrels. Secluded location. Forest trails. Diverse ecosystems. Conservation importance.",2024-11-01,COMPLETE
Bondla Wildlife Sanctuary,Wildlife,Zoo & Botanical Garden,15.431700,74.016100,"Bondla Wildlife Sanctuary is Goa's smallest but most accessible wildlife sanctuary and zoo, located in the Western Ghats near Ponda. The sanctuary combines a traditional zoo with protected forest areas, housing various animals including deer, leopards, bears, and numerous bird species in naturalistic enclosures. The botanical garden section features a variety of medicinal plants, orchids, and tropical flora. The sanctuary also includes a children's park, safari park, and butterfly conservatory. The location offers educational opportunities about local wildlife and conservation while providing family-friendly attractions that make it popular with visitors of all ages.",50,FALSE,08:30,17:00,Morning (9-11 AM),180,6,Easy,Parking|Toilets|Zoo|Botanical Garden|Children's Park|Safari Park,#BondlaSanctuary|#GoaZoo,"Bondla, Ponda, Goa 403402",Ponda,+91-832-231-9870,https://www.goaforest.com,Yes,Yes,Yes,6,Families|Wildlife Enthusiasts|Children|Botanical Lovers|Educational Groups,Peak holidays|Hot summer months,"Combined zoo and sanctuary. Botanical garden. Children's park. Family-friendly. Educational. Multiple attractions in one location.",2024-11-01,COMPLETE
Sahakari Spice Farm,Spice Plantation,Agro-Tourism,15.433900,73.991100,"Sahakari Spice Farm in Ponda offers visitors an immersive experience into the world of Goan spices and traditional farming practices. The farm cultivates various spices including cardamom, pepper, cloves, nutmeg, cinnamon, and vanilla using organic farming methods. Visitors can take guided tours through the plantation, learning about spice cultivation, processing, and their uses in Goan and international cuisine. The farm also features a demonstration of traditional spice grinding techniques and offers a traditional Goan lunch prepared with spices grown on the farm. The location provides insights into Goa's agricultural heritage and spice trade history.",300,FALSE,09:00,17:00,Morning (9:30-11:30 AM),180,7,Easy,Parking|Toilets|Guided Tours|Organic Farming|Traditional Methods|Goan Lunch,#SahakariSpiceFarm|#GoaSpices,"Ponda, Goa 403401",Ponda,+91-832-231-8761,NA,Yes,Yes,Yes,6,Food Lovers|Agriculture Enthusiasts|Families|Cultural Tourists|Cooking Enthusiasts,Peak summer months|Monsoon season,"Organic spice cultivation. Traditional techniques. Educational tours. Goan cuisine experience. Farm-fresh spices. Agricultural heritage.",2024-11-01,COMPLETE
Tropical Spice Plantation,Spice Plantation,Agro-Tourism,15.429400,73.996100,"Tropical Spice Plantation in Keri, Ponda, offers an authentic experience of spice cultivation in the tropical climate of Goa. The plantation showcases a wide variety of spices, herbs, and medicinal plants grown in their natural environment. Visitors enjoy guided walks through the plantation, learning about organic farming practices and the traditional uses of spices in Goan medicine and cuisine. The experience includes spice grinding demonstrations, traditional Goan cooking demonstrations, and a delicious lunch prepared with ingredients from the farm. The plantation also features Ayurvedic plants and traditional healing practices, making it educational and culturally enriching.",350,FALSE,09:00,17:00,Morning (9:30-11:30 AM),180,7,Easy,Parking|Toilets|Guided Tours|Organic Cultivation|Cooking Demo|Traditional Lunch,#TropicalSpice|#GoaPlantations,"Keri, Ponda, Goa 403401",Ponda,+91-832-231-8762,NA,Yes,Yes,Yes,6,Food Lovers|Health Enthusiasts|Agriculture Enthusiasts|Families|Cultural Tourists,Peak summer months|Monsoon season,"Organic spice farming. Traditional cooking demo. Medicinal plants. Educational experience. Farm-to-table concept. Ayurvedic knowledge.",2024-11-01,COMPLETE
Savoi Plantation,Spice Plantation,Agro-Tourism,15.421100,73.998900,"Savoi Plantation in Ponda offers an authentic agro-tourism experience showcasing traditional spice cultivation methods and Goan rural life. The plantation features a variety of spices including pepper, cardamom, turmeric, and various medicinal plants grown using sustainable farming techniques. Visitors participate in guided tours to understand the cultivation, harvesting, and processing of spices. The plantation includes a traditional Goan house where visitors can experience local hospitality and enjoy authentic Goan cuisine prepared with farm-fresh ingredients. The experience includes demonstrations of traditional spice grinding methods and cultural activities that reflect Goan heritage and agricultural traditions.",300,FALSE,09:00,17:00,Morning (9:30-11:30 AM),180,6,Easy,Parking|Toilets|Guided Tours|Traditional House|Organic Farming|Goan Cuisine,#SavoiPlantation|#GoaSpices,"Ponda, Goa 403401",Ponda,+91-832-231-8763,NA,Yes,Yes,Yes,6,Food Lovers|Cultural Enthusiasts|Families|Agriculture Lovers|Rural Experience Seekers,Peak summer months|Monsoon season,"Traditional farming methods. Authentic Goan house. Farm-fresh cuisine. Cultural experience. Sustainable agriculture. Rural life experience.",2024-11-01,COMPLETE
Casino Deltin Royale,Entertainment,Floating Casino,15.498300,73.826700,"Casino Deltin Royale is a luxurious floating casino located on the Mandovi River in Panjim, offering an upscale gaming and entertainment experience. The casino features a variety of table games including blackjack, roulette, poker, and baccarat, as well as slot machines for guests. The floating structure provides scenic views of the river and Panjim city while guests enjoy gaming activities. The casino also offers dining options, live entertainment, and premium hospitality services. It represents one of Goa's most premium entertainment offerings, attracting tourists and locals seeking luxury gaming experiences with river views.",2000,FALSE,20:00,04:00,Evening (9-12 PM),240,8,Easy,Parking|Security|River Views|Premium Dining|Live Entertainment|Luxury Amenities,#DeltinRoyale|#GoaCasino,"Mandovi River, Panjim, Goa 403001",Tiswadi,+91-832-242-9999,https://www.deltinroyale.com,Yes,No,Yes,7,Adult Entertainment Seekers|Luxury Experience|Gambling Enthusiasts|Dinner Cruisers|Special Occasions,Monsoon season|Weekday evenings (less crowded),"Luxury floating casino. River views. Premium gaming. Dress code applies. Advance booking recommended. Only for adults.",2024-11-01,COMPLETE
Grand Island,Adventure,Water Sports,15.477800,73.756700,"Grand Island, located off the coast of Vasco da Gama, is a popular destination for adventure enthusiasts offering various water sports activities including scuba diving, snorkeling, and deep-sea fishing. The island features clear waters with good visibility, making it ideal for underwater exploration and marine life observation. The surrounding waters are home to diverse marine ecosystems including coral formations and tropical fish species. Adventure tours typically include boat rides to the island, water sports equipment, and professional guides. The location is particularly known for scuba diving experiences where visitors can explore underwater rock formations and observe marine biodiversity.",1500,FALSE,08:00,17:00,Morning (8:30-12 PM),300,7,Moderate,Parking|Boat Access|Scuba Equipment|Professional Guides|Safety Gear|Marine Life Viewing,#GrandIsland|#ScubaDiving|#GoaAdventure,"Off Vasco coast, Goa 403802",Mormugao,+91-832-279-8888,NA,Limited,No,No,8,Adventure Seekers|Scuba Divers|Water Sports Enthusiasts|Marine Lovers|Tourists,Monsoon season|High wave conditions,"Scuba diving opportunities. Marine life observation. Professional instruction. Offshore location. Adventure activities. Water sports equipment provided.",2024-11-01,COMPLETE
