name,address,rating,user_ratings_total,place_id,types,taluka,latitude,longitude,Unnamed: 9,Unnamed: 10,categories
Kalimata Temple,"GQ4V+J2G Kalimata Temple, Nerul, Goa 403114, India",5.0,43.0,ChIJod_l4qPBvzsREhr_w9NrCyM,"hindu_temple, place_of_worship, point_of_interest, establishment",Tiswadi (Panaji),15.5066216,73.7926002,,,['religious']
Bible Church Goa,"406, 4th Floor, Gera Imperium 2, above Ritz Classic Restaurant, Patto Centre, Panaji, Goa 403001, India",5.0,31.0,ChIJA03QsezAvzsRpCtFdbh5sOE,"church, place_of_worship, health, point_of_interest, establishment",Tiswadi (Panaji),15.4933117,73.8362419,,,"['food', 'religious']"
Grace And Truth Baptist Church,"The International Centre Goa, Dr E Borges Rd, Dona Paula, Durgavado, Goa 403004, India",5.0,31.0,ChIJ16nFvo7AvzsRLORxlM-jylM,"church, place_of_worship, point_of_interest, establishment",Tiswadi (Panaji),15.4585576,73.8205986,,,['religious']
Laxmi Narayan Temple,"HWPW+7RJ, Auchitwada, Dicholi, Goa 403504, India",5.0,20.0,ChIJ8R1W-Q-XvzsRT32O5D7_5Lg,"hindu_temple, place_of_worship, point_of_interest, establishment",Bicholim,15.5856935,73.9470159,,,['religious']
Prabhupad Bhavan Iskcon,"H23J+2JX, Dinkarnagar, Rudreshwar Colony, Harvale, Goa 403505, India",5.0,12.0,ChIJCc6DOtujvzsR5ySYMANc41s,"hindu_temple, place_of_worship, point_of_interest, establishment",Sattari (Valpoi),15.5526135,74.0316081,,,['religious']
Shivde Dharbandora Goa (घोडकाआजो प्रसन्न),"C48V+RRQ, MDR33, Darbandora, Conquirem Shivade, Goa 403406, India",5.0,7.0,ChIJqVYZDACnvzsRrLH7fqCoz4w,"hindu_temple, place_of_worship, point_of_interest, establishment",Dharbandora,15.4170784,74.1446069,,,['religious']
Shree Sateri Pachapuris Temple,"6662+7FW, Salavli, Goa 403704, India",5.0,6.0,ChIJg7JfPPFVvjsROW1w24_OvtU,"hindu_temple, place_of_worship, point_of_interest, establishment",Sanguem,15.210737,74.201206,,,['religious']
Mahadev Temple,"949R+QRG, Thatodi, Darbandora, Goa 403406, India",5.0,6.0,ChIJbVsfkLmpvzsRQvvdRZSZ96Y,"hindu_temple, place_of_worship, point_of_interest, establishment",Dharbandora,15.3694294,74.1420644,,,['religious']
Nuvem Church Christmas Crib,"8W5W+5CV, Majorda-Nuvem Road, Madgaon",5.0,5.0,ChIJpybrdQCxvzsRXoafLa5gOFo,"tourist_attraction, point_of_interest, establishment",Salcete (Margao),15.3081875,73.9462052,,,['religious']
Shree Rampurush Gaudepurush Sati Devi Temple (Bandora),"CX47+46P Bandiwade- Bander, Bandoda, Bandiwada, Goa 403401, India",5.0,5.0,ChIJ49Wz0Xu7vzsR9v1Xc6bNGtI,"hindu_temple, place_of_worship, point_of_interest, establishment",Dharbandora,15.4053481,73.9630924,,,['religious']
Kalbhairav temple Gaonkarwaddo Bicholim Goa,"HWJX+JCC, Gainkarwaddo, Dicholi, Goa 403504, India",5.0,4.0,ChIJ45yRlFmXvzsRFTWZjC3BDBg,"hindu_temple, place_of_worship, point_of_interest, establishment",Bicholim,15.5815952,73.9486289,,,['religious']
"IPC Hebron Church, Panaji, Goa (Malayalam)","4th Floor, Keni's Hotel, 18th June Rd, Altinho, Panaji, Goa 403001, India",5.0,3.0,ChIJu_LRylPBvzsRKlegdAnOajE,"church, place_of_worship, point_of_interest, establishment",Tiswadi (Panaji),15.4974132,73.8255124,,,['religious']
River Of Life Church (ROLC),"Before Kadamba Tourist home, Eutico Apartments, Buttem bhat, Merces, Panaji, Mersi Tem, Goa 403005, India",5.0,3.0,ChIJRRQmBIbAvzsRZ_-RMsArvTg,"church, place_of_worship, point_of_interest, establishment",Tiswadi (Panaji),15.4865368,73.8511855,,,"['nature', 'religious']"
Shrine,"C4M5+2HM, Tisca, Goa 403406, India",5.0,3.0,ChIJtaZmhHGlvzsRi6qY1cbZYNg,"hindu_temple, place_of_worship, point_of_interest, establishment",Sattari (Valpoi),15.4325977,74.1089303,,,['religious']
Rudreshwar Mahadev Mandir,"H24G+2Q2, Rudreshwar Colony, Harvale, Goa 403505, India",5.0,3.0,ChIJwdeqFQC9vzsRHnvPUR_PAgc,"hindu_temple, place_of_worship, point_of_interest, establishment",Sattari (Valpoi),15.5550175,74.026886,,,['religious']
Sakhleshwar mandir,"H2MF+XW9, Pariye, Goa 403505, India",5.0,3.0,ChIJ5Qj37PyXvzsRbxpljeM-WNM,"hindu_temple, place_of_worship, point_of_interest, establishment",Sattari (Valpoi),15.5849149,74.0248667,,,['religious']
Satteri Devi Temple,"647X+G6, Sanguem, Goa 403704, India",5.0,2.0,ChIJlQL8cUGrvzsRe1JLBCVM950,"hindu_temple, place_of_worship, point_of_interest, establishment",Sanguem,15.2137876,74.1481576,,,['religious']
Shri Huligemma Devi Temple (Goa),"C36R+37P, Pratapnagar, Darbandora, Goa 403406, India",5.0,2.0,ChIJH4yChjalvzsROcimDp2yKiE,"hindu_temple, place_of_worship, point_of_interest, establishment",Dharbandora,15.4102185,74.0906928,,,['religious']
mhalshekar wada Poriem satari goa,"Mhalshekar wada, Pariye, Satari, Goa 403505, India",5.0,1.0,ChIJb7QSJQCZvzsREwI2iXKLFUQ,"hindu_temple, place_of_worship, point_of_interest, establishment",Sattari (Valpoi),15.5794829,74.0354899,,,['religious']
Saraswati temple vakarwada,"64PX+H4, Sanguem, Goa 403706, India",5.0,1.0,ChIJBy4eKYGrvzsRfpZ6sU6qqEw,"hindu_temple, place_of_worship, point_of_interest, establishment",Sanguem,15.2364551,74.1465475,,,['religious']
St. Anthony's Chapel,"Deusua, Devsua, Goa 403715, India",4.9,408.0,ChIJt3XxcCuzvzsRcSjhRpE0K2k,"church, place_of_worship, point_of_interest, establishment",Salcete (Margao),15.2172151,73.9692823,,,['religious']
Shree Katamgal Dada Prassan,"CX6G+73P, Bandoda, Bandiwada, Goa 403401, India",4.9,205.0,ChIJH1iSTFq6vzsRSOzyr-klavU,"hindu_temple, place_of_worship, point_of_interest, establishment",Ponda,15.4107144,73.9751878,,,['religious']
Laxmi Narasimha Temple,"CXMF+62H, Veling, Goa 403404, India",4.9,159.0,ChIJwXXrPAC7vzsRwq_gRMC53og,"hindu_temple, place_of_worship, point_of_interest, establishment",Ponda,15.4330458,73.9725648,,,['religious']
Shri Durgadatta Temple Marcel,"Chimulawada, Orgao, Goa 403107, India",4.9,60.0,ChIJu3gqnkq8vzsR485kp_j5GA0,"hindu_temple, place_of_worship, point_of_interest, establishment",Sattari (Valpoi),15.5130161,73.9595066,,,['religious']
The Tent Church,"4th Floor, Reliance Magnum Building, Kadamba Bus Stand, Madel, Madgaon, Goa 403601, India",4.9,54.0,ChIJgfDAaoaxvzsRtBMM02PIkCE,"church, tourist_attraction, place_of_worship, point_of_interest, establishment",Salcete (Margao),15.2876692,73.9548415,,,"['nature', 'religious']"
Limitless Church Goa,"Limitless Church, 4th Floor, Panjim Convention Centre, Mala, Panaji, Goa 403001, India",4.9,43.0,ChIJ4bo7-mTBvzsR9tY_0z4d7AE,"church, place_of_worship, point_of_interest, establishment",Tiswadi (Panaji),15.4876395,73.8323398,,,['religious']
Shree Kalyan Maruti Temple Kavle Ponda,"9XWQ+GVP, Donshiwado, Queula, Ponda, Goa 403401, India",4.9,41.0,ChIJkb7yuY66vzsRuhzq4YfRCmg,"hindu_temple, place_of_worship, point_of_interest, establishment",Ponda,15.3963253,73.9896906,,,['religious']
Shree Paikdev Temple,"6595+W24, Kotarli",4.9,37.0,ChIJc7LUSzCrvzsReEINfdTtYVs,"hindu_temple, tourist_attraction, place_of_worship, point_of_interest, establishment",Canacona,15.219766,74.1575717,,,['religious']
श्री शांतेरी आनी कामाक्षी देवुळ Shri Shanteri and Kamakshi Temple,"9XXJ+G9R, Unnamed Road, Agapur, Bandiwada, Goa 403401, India",4.9,32.0,ChIJfR1WQ9q7vzsRqy4CXyrAYd4,"hindu_temple, place_of_worship, point_of_interest, establishment",Ponda,15.3988599,73.9808794,,,['religious']
Shri santa sathguru balumama temple Lakherem,"JX56+4CV Shri santa sathguru balumama temple, Borden, Lakherem, Dicholi, Goa 403504, India",4.9,30.0,ChIJ5xMRTzeXvzsROyFhUOaBXV8,"hindu_temple, place_of_worship, point_of_interest, establishment",Bicholim,15.6078689,73.9610544,,,['religious']
Shyam purush devastan,"HXF8+99X, Sarvan, Dicholi, Goa 403529, India",4.9,28.0,ChIJDbSVZzuWvzsRyi-wOUJl3q4,"hindu_temple, place_of_worship, point_of_interest, establishment",Bicholim,15.573487,73.965967,,,['religious']
Vithal Mandir,"65J2+9PP, Sanguem Rd, Bamansai, Sanguem, Goa 403704, India",4.9,25.0,ChIJxWtzXT6rvzsRBRZt0Q6PdP8,"hindu_temple, place_of_worship, point_of_interest, establishment",Sanguem,15.2309646,74.1518249,,,['religious']
Shree Navadurga Devasthan,"Deulwada, 403506, Pale, Goa 403105, India",4.9,25.0,ChIJK4foqH2jvzsR2IkxLPpZrzQ,"hindu_temple, place_of_worship, point_of_interest, establishment",Dharbandora,15.4793947,74.0684853,,,['religious']
Shankar Parvati Ganesh Mandir,"Dhumre Velpe, H 113, near Shiv Parvati Mandir, Friends Colony, Khadpabandh, Ponda, Goa 403401, India",4.9,19.0,ChIJ0cxbT-C7vzsRFcNh2R1T8O4,"hindu_temple, place_of_worship, point_of_interest, establishment",Ponda,15.3963705,73.9972564,,,['religious']
Shree Kalnath Temple Marangan Mugoli sanguem Goa,"65V3+J4G, Marangan Mugoli, Sanguem, Muguli, Goa 403704, India",4.9,11.0,ChIJOZGixaWrvzsRNVPxKIycoo0,"hindu_temple, place_of_worship, point_of_interest, establishment",Sanguem,15.24406,74.1528377,,,['religious']
Shri Mahalasa Narayani Temple,"CXRF+638, Mardol, Priol, Goa 403404, India",4.8,7218.0,ChIJjwIevqS7vzsRmEMcHpIC0LA,"hindu_temple, tourist_attraction, place_of_worship, point_of_interest, establishment",Ponda,15.4405329,73.9727179,,,['religious']
"Kadamba Shri Mahadeva Temple, Tambdisurla","C7Q3+J27, Near Bhagwan Mahaveer Wildlife Sanctury, Sanguem, Surla, Goa 403406, India",4.8,5158.0,ChIJKTeIBk4IvzsRekHQksfEKkk,"hindu_temple, tourist_attraction, place_of_worship, point_of_interest, establishment,historical",Dharbandora,15.4390499,74.2525571,,,"['historical', 'nature', 'religious']"
Shri Mahalasa Narayani Devalaya,"Verna Industrial Estate, Verna, Lotli, Goa 403722, India",4.8,4719.0,ChIJsdmBW6SwvzsRdHowSm-kY-w,"hindu_temple, tourist_attraction, place_of_worship, point_of_interest, establishment",Dharbandora,15.3596731,73.9448662,,,['religious']
Shri Kamakshi Temple,"82CM+9W7, Shiroda, Goa 403103, India",4.8,3751.0,ChIJPdxPUCGuvzsRlMdO5abGa8g,"hindu_temple, tourist_attraction, place_of_worship, point_of_interest, establishment",Ponda,15.3208241,74.0348146,,,['religious']
"Shree Mahalaxmi Saunsthan, Bandora","Shree Mahalaxmi Sausthan Bandiwade, Left feom Nageshi, Bandora, Ponda, Goa 403401, India",4.8,3618.0,ChIJ0bVnNrm6vzsRbJmOx8GFSV4,"hindu_temple, tourist_attraction, place_of_worship, point_of_interest, establishment",Ponda,15.4060292,73.9798296,,,['religious']
Shri Dev Bodgeshwar Sansthan,"HRM4+V99, Calangute - Mapusa Rd, Mapusa, Goa, Mapusa, Goa 403507, India",4.8,3556.0,ChIJmXJVz_rqvzsRK_hbmAoRP2Y,"hindu_temple, tourist_attraction, place_of_worship, point_of_interest, establishment",Bardez (Mapusa),15.5846637,73.805974,,,['religious']
Birla Mandir | Radha Krishna Mandir,"9VQG+545, Pilani, Sancoale, Goa 403726, India",4.8,2813.0,ChIJdxyGcmK5vzsR13qbjATeMEk,"hindu_temple, place_of_worship, point_of_interest, establishment",Salcete (Margao),15.3879374,73.8752534,,,['religious']
"Shri Nageshi Temple,","Bandiwade, Donshiwado, Ponda, Bandiwada, Goa 403401, India",4.8,2812.0,ChIJ9Z288fW6vzsRiiAZ44P99zg,"hindu_temple, tourist_attraction, place_of_worship, point_of_interest, establishment,historical",Ponda,15.4074651,73.9837259,,,"['historical', 'religious']"
"Shri Ramnath Devasthan, Bandora","9XXJ+H8F, Ramnathim, Ponda, Bandiwada, Goa 403401, India",4.8,2763.0,ChIJAQAAALy6vzsR9lBaCux2meY,"hindu_temple, tourist_attraction, place_of_worship, point_of_interest, establishment",Ponda,15.3989676,73.9808124,,,['religious']
Shri Shantadurga Kunkallikarin Temple,"Fatarpa, Goa 403703, India",4.8,2751.0,ChIJ6yERsa9NvjsR-mdVHMVj7po,"hindu_temple, tourist_attraction, place_of_worship, point_of_interest, establishment",Salcete (Margao),15.1437754,73.9920561,,,['religious']
Shree Devi Lairaee Devasthan Temple,"JV3X+QV6, Shirgao Rd, Assonora, Shrigao, Goa 403503, India",4.8,1847.0,ChIJU-okZFKUvzsRNIFBTzjZ_sw,"hindu_temple, tourist_attraction, place_of_worship, point_of_interest, establishment",Bicholim,15.6043999,73.8996597,,,['religious']
"Shree Ramnath Damodar Sansthaan, Goa","Zambaulim, Quepem, Goa 403705, India",4.8,1595.0,ChIJdz1rKzxTvjsRwaH6hzHpmN0,"hindu_temple, place_of_worship, point_of_interest, establishment",Canacona,15.1866463,74.0949954,,,"['nature', 'religious']"
"Mallikarjun Temple, Canacona","near mallikarjun temple, Shristhal, Canacona, Mallikarjun, Goa 403702, India",4.8,1379.0,ChIJEQrqGoBavjsRh6M68FG3VnU,"hindu_temple, place_of_worship, point_of_interest, establishment",Canacona,15.0227158,74.0763636,,,"['religious', 'shopping']"
Shri Vijayadurga Temple,"FX8X+V5W, Keri, Betki, Goa 403404, India",4.8,739.0,ChIJ-RwEnmO7vzsR0ss1RXzAy4k,"hindu_temple, place_of_worship, point_of_interest, establishment",Ponda,15.4672429,73.9979551,,,['religious']
Shri Shantadurga Fatarpekarin Temple,"4XWR+6FR, Fatarpa, Cuncolim, Goa 403703, India",4.8,730.0,ChIJOWe--q5NvjsRs7KlhSfwRCs,"hindu_temple, place_of_worship, point_of_interest, establishment",Salcete (Margao),15.1455425,73.9911349,,,['religious']
Our Lady Of Pilar Church,"CVRV+QFF Church of Our Lady of Pilar, Fr. Agnel Church, Goa Velha, Goa 403203, India",4.8,674.0,ChIJc4cPWB-5vzsRB5tSVBRmjlw,"church, place_of_worship, point_of_interest, establishment",Tiswadi (Panaji),15.4419078,73.8936199,,,['religious']
Shree Navadurga Temple,"CW9V+GC6, Madkai, Goa 403404, India",4.8,625.0,ChIJZ93paSy6vzsROAzAo0uhzMM,"hindu_temple, place_of_worship, point_of_interest, establishment",Ponda,15.4187934,73.9435096,,,['religious']
Holy Cross Shrine,"FV27+VP8, Siridao, Bambolim, Goa 403202, India",4.8,588.0,ChIJK84awre4vzsRHJvfRAEHflo,"church, place_of_worship, point_of_interest, establishment",Tiswadi (Panaji),15.4521705,73.8643258,,,['religious']
"Shrimad Anant Devasthan, Savoi Verem","F2H9+9VX, Ponda - Apewal - Querim - Savoi - Verem – Betqui - Marcela, Savoi-Verem, Khandepar, Goa 403107, India",4.8,561.0,ChIJhd9aoqi8vzsRCroS9b2ppJY,"hindu_temple, tourist_attraction, place_of_worship, point_of_interest, establishment",Ponda,15.4784893,74.0197433,,,['religious']
Shree Damodar Mandir,"Dr Borges, Building nr, Childrens Park, Vaddem, Vasco Da Gama, Goa 403802, India",4.8,393.0,ChIJo02cU7zHvzsR5-DQ2RfvCHk,"hindu_temple, place_of_worship, point_of_interest, establishment",Mormugao (Vasco),15.3982086,73.815334,,,"['nature', 'religious']"
Shri Someshwara Temple,"558P+6QF, Kurdi, Goa 403704, India",4.8,298.0,ChIJk5UIF6dVvjsRTl0kyAoov1M,"hindu_temple, place_of_worship, point_of_interest, establishment",Sanguem,15.1655655,74.1869144,,,['religious']
Shree Mahalasa Devi Temple,"Madhalamaj, Mandre, Pedne, Goa, Keri to Mapusa, Goa 403527, India",4.8,227.0,ChIJ34cZKPLuvzsRd1RrGTiogQw,"hindu_temple, place_of_worship, point_of_interest, establishment",Bardez (Mapusa),15.6691965,73.7184572,,,['religious']
Shri Sharvani Devi Temple,"JWQ3+943, Advalpal, Goa 403503, India",4.8,218.0,ChIJQSma93CUvzsRHXfFhdx5Y30,"hindu_temple, place_of_worship, point_of_interest, establishment",Bicholim,15.6383919,73.9028078,,,['religious']
Kamakshi Temple Arch,"82CM+8XC, Shiroda, Goa 403103, India",4.8,200.0,ChIJyZ7-9QevvzsRFR22zt8ZYD4,"hindu_temple, place_of_worship, point_of_interest, establishment",Ponda,15.3208195,74.0348865,,,"['historical', 'religious']"
Maruti temple panjim,"FRRH+58G, Altinho, Panaji, Goa 403001, India",4.8,150.0,ChIJUao4dXzBvzsR08uyAXvqWHw,"hindu_temple, place_of_worship, point_of_interest, establishment",Tiswadi (Panaji),15.4904426,73.8283984,,,['religious']
Shri Mahamaaya Kalika Devasthan,"JWXM+PWC, Kasarpal Bicholim, Latambarcem, Goa 403503, India",4.8,150.0,ChIJ__v79f-TvzsRaQNLiR9QiIU,"hindu_temple, place_of_worship, point_of_interest, establishment",Bicholim,15.6493154,73.934776,,,"['nightlife', 'religious']"
Faith Community Church,"near Kidzee school, Altinho, Mapusa, Goa 403507, India",4.8,139.0,ChIJ41A_1XTrvzsR5J3dOH6TcGM,"point_of_interest, establishment",Bardez (Mapusa),15.5924455,73.8177769,,,['religious']
"Shri Brahmadev Ji Temple, Brahma Karmali Goa","H597+R24, Karambali Bramha, Goa 403506, India",4.8,115.0,ChIJSwsP1HyfvzsRjXhZD_cc4Yg,"hindu_temple, place_of_worship, point_of_interest, establishment",Sattari (Valpoi),15.5695168,74.1625753,,,['religious']
Holy Cross Church,"S-9, Church Building, near Verna Post office, near Central Bank of India, Verna, Lotli, Goa 403722, India",4.8,84.0,ChIJrfCcPFW3vzsRy-9VJbl6STc,"church, place_of_worship, point_of_interest, establishment",Salcete (Margao),15.3483627,73.9314132,,,['religious']
Sansthan Maruti Temple,"7444+CPW, Kakoda, Vodlemol Cacora, Kudchaden, Goa 403706, India",4.8,80.0,ChIJwatO12OsvzsRrAARh7_VnRs,"hindu_temple, place_of_worship, point_of_interest, establishment",Sanguem,15.2561103,74.1068441,,,['religious']
Shree Lakshmi Ravalnath Temple,"GX75+CV9, Orgao, Goa 403107, India",4.8,73.0,ChIJKVwjwEe9vzsRvY1YY6QAqD0,"hindu_temple, place_of_worship, point_of_interest, establishment",Bicholim,15.5135369,73.959745,,,['religious']
"Shantadurga Ravalnath Temple, Orgao, Marcel","GX4C+FXR, Marcel, Ponda, Orgao, Goa 403107, India",4.8,72.0,ChIJUcYZOlC8vzsRZLn8StwmSOo,"hindu_temple, place_of_worship, point_of_interest, establishment",Sattari (Valpoi),15.5062375,73.9723902,,,['religious']
Our Lady of Rosary Church,"FR74+4CC, Caranzalem, Taleigao, Durgavado, Goa 403004, India",4.8,69.0,ChIJDX15j0zBvzsRLRYityi0Tdo,"church, place_of_worship, point_of_interest, establishment",Tiswadi (Panaji),15.4628051,73.8060003,,,['religious']
Shri Vetal Maharudra Temple,"Shirodwadi, Mulgaon, Goa 403503, India",4.8,69.0,ChIJ5ysdXSWUvzsRSkcmckK5434,"hindu_temple, place_of_worship, point_of_interest, establishment",Bicholim,15.6149619,73.9255214,,,['religious']
Our Lady of Miracles Church,"Road, Badem, Vagator, Assagao, Goa 403517, India",4.8,61.0,ChIJk4kTx97rvzsR2hCqZctn8iI,"church, place_of_worship, point_of_interest, establishment",Bardez (Mapusa),15.6079077,73.7523874,,,['religious']
Shri Mhalsa Bhavani Temple,"H2JP+CPR, Pariye, Goa 403505, India",4.8,54.0,ChIJYyEwkhuYvzsR0BD7ureglHk,"hindu_temple, tourist_attraction, place_of_worship, point_of_interest, establishment",Bicholim,15.5811177,74.0367633,,,['religious']
Kumbhar Pottery Studio,"Industrial Estate, 91, opp. Shri Kulneshwar Temple, Dicholi, Goa 403529, India",4.8,49.0,ChIJJTxCthSWvzsRYPFUgWX43wY,"point_of_interest, establishment",Bicholim,15.5820525,73.9547889,,,['religious']
Pilar Seminary Museum,"CVVW+22W, Fr. Agnel Church, Pilar, Goa Velha, Goa 403203, India",4.8,46.0,ChIJQc3I1bm5vzsRdyf8hmJ3THs,"museum, point_of_interest, establishment",Tiswadi (Panaji),15.4425841,73.8950171,,,"['historical', 'religious']"
Siddhivinayak Temple,"HWXW+CW6, Borden, Dicholi, Goa 403504, India",4.8,45.0,ChIJNXg5UXuWvzsRZvniMqOqBRk,"hindu_temple, place_of_worship, point_of_interest, establishment",Bicholim,15.598534,73.9473257,,,['religious']
Our Lady of the Assumption Church,"6272+G2W Sarzora Church, Sarzora, Goa 403715, India",4.8,38.0,ChIJh5IG1ZGzvzsRPvLe2ZyO5nI,"church, place_of_worship, point_of_interest, establishment",Salcete (Margao),15.2138763,74.0001521,,,['religious']
Shri Sateri Kelbai Devasthan,"G2X7+2PF, Sanquelim, Goa 403505, India",4.8,34.0,ChIJBbdmJES9vzsRxCF9OCboU9Q,"hindu_temple, place_of_worship, point_of_interest, establishment",Sattari (Valpoi),15.5475172,74.014281,,,['religious']
Igreja de Nossa Senhora dos Remédios,"8W2C+F6M, Fatona, Betalbatim, Goa 403713, India",4.8,32.0,ChIJ3XY4Nea3vzsRs7qfAFAD6ko,"church, place_of_worship, point_of_interest, establishment",Salcete (Margao),15.301218,73.9206486,,,['religious']
Shri Krishna Temple,"FVX6+QGG, Ilhas, Chimbel, Goa 403006, India",4.8,25.0,ChIJRUtZt3O_vzsRR2jel1eO8B0,"hindu_temple, place_of_worship, point_of_interest, establishment",Tiswadi (Panaji),15.499444,73.8613183,,,['religious']
Shri Sateri Temple,"FXG7+395, NH 4A, Karmali, Boma, Goa 403115, India",4.8,24.0,ChIJ-b7_iXO8vzsRbfePQT-yneY,"hindu_temple, place_of_worship, point_of_interest, establishment",Sattari (Valpoi),15.4751252,73.9634888,,,['religious']
श्री राक्षस मळ्ळीकेश्वर प्रसन्न,"86XR+2GX, Metawada-Collem, Darbandora, Colem, Kolem, Goa 403410, India",4.8,19.0,ChIJ3cGvqnQHvzsRVOwGe-_3HiQ,"hindu_temple, place_of_worship, point_of_interest, establishment",Sanguem,15.3476215,74.2413703,,,['religious']
Harvest Ministries,"Sh. No. 6&7, Grace Heritage Complex, Fatorda, Madgaon, Goa 403601, India",4.8,18.0,ChIJeX_hhmGxvzsRR3f-FDZnutg,"church, place_of_worship, point_of_interest, establishment",Salcete (Margao),15.2901892,73.9652548,,,"['historical', 'religious']"
Shantadurga Math,"Dicholi, Goa 403504, India",4.8,18.0,ChIJaxVqKXKWvzsR7tY-2zO_OCE,"hindu_temple, place_of_worship, point_of_interest, establishment",Bicholim,15.5871594,73.945241,,,['religious']
"Shri Mahalaxmi Temple - Codar (kodar), Ponda, Goa.","C338+28M, Shri Mahalaxmi Temple - Codar (kodar), Ponda - Goa., Khandepar Rd, Kodar, Goa 403406, India",4.8,16.0,ChIJW6W1-3GlvzsRoEd0oeUkO2Y,"hindu_temple, place_of_worship, point_of_interest, establishment",Ponda,15.4025853,74.0658506,,,['religious']
Brahmarashtroli Temple,"Brahmarashtroli Temple, Sakhali Housing Board, Sakhali housing board Colony, Harvale, Goa 403505, India",4.8,16.0,ChIJ1QqoCVS9vzsRexye1ZAEegE,"hindu_temple, place_of_worship, point_of_interest, establishment",Sattari (Valpoi),15.55941,74.0251214,,,['religious']
Koteshwar Temple,"HWRW+8F7, Dicholi, Goa 403504, India",4.8,13.0,ChIJdQz903GWvzsRAGkAiAvNXNY,"hindu_temple, place_of_worship, point_of_interest, establishment",Bicholim,15.5907841,73.9461707,,,['religious']
Shree Chandreshwar Temple,"453W+XFM, Vichundrem, Digali, Goa 403704, India",4.8,13.0,ChIJuzQSlxRWvjsRzAZkvTWQDJ4,"hindu_temple, tourist_attraction, place_of_worship, point_of_interest, establishment",Sanguem,15.1049457,74.1961618,,,['religious']
"Shri Somnath Temple ,Codar ,Ponda ,Goa.","C328+W94, Kodar, Nirankal, Goa 403406, India",4.8,11.0,ChIJ-5xT43GlvzsRJNDKNT-ig6s,"hindu_temple, place_of_worship, point_of_interest, establishment",Dharbandora,15.4022693,74.06596,,,['religious']
Shree Mahadev Devasthan Betora,"Shree Mahadev Devasthan, Talewada, Betora, Goa 403103, India",4.8,8.0,ChIJgz2AQvqvvzsRY_W5EHoI3iY,"hindu_temple, place_of_worship, point_of_interest, establishment",Dharbandora,15.3765277,74.0403033,,,['religious']
River of Life Church,"3rd floor, Goa Chamber Building (GCCI, Opposite Azad Maidan, Panaji, Goa 403001, India",4.8,5.0,ChIJHXm8OD_BvzsRKgDDAzL7Ydk,"church, place_of_worship, point_of_interest, establishment",Tiswadi (Panaji),15.5003808,73.8265699,,,['religious']
Shree Shantadurga Temple,"Kapileswari - Kavlem Rd, Donshiwado, Ponda, Goa 403401, India",4.7,8275.0,ChIJrYu521bAvzsRMZ5n0rjkYnA,"hindu_temple, place_of_worship, point_of_interest, establishment",Ponda,15.3962235,73.9852776,,,['religious']
Tirupati Balaji Temple,"FX4F+GFH, Kumkaliem, Goa 403404, India",4.7,1896.0,ChIJfTbQ-5q7vzsRVIqwaY9pJ8E,"hindu_temple, place_of_worship, point_of_interest, establishment",Ponda,15.4563074,73.9737458,,,['religious']
Shri Chandreshwar Bhootnath Temple,"627P+5PQ, Unnamed Road, Talewada, Paroda, Goa 403705, India",4.7,1414.0,ChIJ0_uBqlCtvzsRSPxTyrAkFmM,"hindu_temple, tourist_attraction, place_of_worship, park, point_of_interest, establishment",Sanguem,15.2134237,74.0365689,,,"['nature', 'religious']"
Shree Mahalaxmi Temple,"FRWG+8J7, Dr Dada Vaidya Rd, next to Mushtifund, Situated, Saunthan, Panaji, Goa 403001, India",4.7,1114.0,ChIJO9qFUI7AvzsRwozHjNd4qpc,"hindu_temple, place_of_worship, point_of_interest, establishment",Tiswadi (Panaji),15.4957791,73.8265365,,,['religious']
Shree Saunsthan Shantadurga Chamundeshwari Kudtari Mahamaya,"63H3+CJ8, Ghudo, Aveden",4.7,811.0,ChIJ8-UvLxWtvzsRHh2_XWuMJYU,"hindu_temple, tourist_attraction, place_of_worship, point_of_interest, establishment",Salcete (Margao),15.2285273,74.0540636,,,['religious']
Our Lady of Fatima Church - Don Bosco Panjim,"Don Bosco, MG Road, Panjim, Panaji, Goa 403001, India",4.7,798.0,ChIJ68trVozAvzsRaVyUmInnBCo,"church, place_of_worship, point_of_interest, establishment,religious,historical",Tiswadi (Panaji),15.4967764,73.821457,,,"['historical', 'religious']"
Shri DevkiKrishna Ravalnath Saunsthan,"GX76+C3M, Marcel, Orgao, Goa 403107, India",4.7,756.0,ChIJ6YGmpEq8vzsRJhDNDkqk_XI,"hindu_temple, place_of_worship, point_of_interest, establishment",Bicholim,15.5135694,73.9601784,,,['religious']
"Shree Saptakoteshwar Temple, Narva","HW3P+MVJ, Temple Road, near Saptakoteshwara Temple, Narva, Maem, Goa 403504, India",4.7,686.0,ChIJ3a5sPv69vzsRhRFPt21J4yM,"hindu_temple, place_of_worship, point_of_interest, establishment",Bicholim,15.5541678,73.9371746,,,['religious']
"Shree Damodar, Temple","7XQ7+X79, Fatorda, Madgaon, Goa 403601, India",4.7,667.0,ChIJ-e0cpWGxvzsRAbBV0ZRV7LQ,"hindu_temple, tourist_attraction, place_of_worship, point_of_interest, establishment",Salcete (Margao),15.2899024,73.963249,,,"['nature', 'religious']"
Shri Dattatreya Temple,"Desai Nagar, Sanquelim, Goa 403505, India",4.7,597.0,ChIJSYhATeCXvzsR_lN7IjVpyho,"hindu_temple, tourist_attraction, place_of_worship, point_of_interest, establishment",Sattari (Valpoi),15.5658875,74.0092031,,,['religious']
Shree Vimleshwar Temple,"5474+PQX, Main Road, Rivona, Goa 403705, India",4.7,582.0,ChIJl6T5zxRTvjsRbjYb7Ha3P7I,"hindu_temple, tourist_attraction, place_of_worship, point_of_interest, establishment",Canacona,15.1643649,74.1069956,,,['religious']
Shri Devi Bhagavati Temple,"PQ9W+3MH, Pernem, Pernam Municipal Area, Goa 403512, India",4.7,533.0,ChIJgUv7kHftvzsR0ISyloIW7F0,"hindu_temple, tourist_attraction, place_of_worship, point_of_interest, establishment",Pernem,15.7176799,73.7967277,,,['religious']
Shri Navadurga Temple,"9286+FCH, Borim, Goa 403103, India",4.7,529.0,ChIJC76blBOwvzsRn03-gkLgyjI,"hindu_temple, tourist_attraction, place_of_worship, point_of_interest, establishment",Ponda,15.3661782,74.0111115,,,['religious']
Shri Shantadurga Shankhwaleshwari Devasthana,"CXJC+M37, Gothan, Veling, Mardol, Goa 403404, India",4.7,519.0,ChIJBQ9r4q27vzsRCSLDSbllqjc,"hindu_temple, place_of_worship, point_of_interest, establishment",Ponda,15.4301473,73.9724502,,,['religious']
Church of the Cross of Miracles,"FWR7+V92, Ella, Old Goa, Goa 403110, India",4.7,513.0,ChIJfU7MxZS-vzsR0AG4t-cAHE8,"tourist_attraction, church, place_of_worship, point_of_interest, establishment,religious,historical",Salcete (Margao),15.492147,73.913386,,,"['historical', 'religious']"
Morjai Temple,"JPPQ+CXG, Morjim, Goa 403512, India",4.7,508.0,ChIJ9QLB6azuvzsR6HCy9IyNjeU,"hindu_temple, tourist_attraction, place_of_worship, point_of_interest, establishment",Pernem,15.63606,73.7399396,,,['religious']
St. Thomas’ Church,"St. Thomas Church, Cottarbhat, Bardez, Aldona, Goa 403508, India",4.7,449.0,ChIJcz6PhxqVvzsRuMkNPmlkyW8,"tourist_attraction, church, place_of_worship, point_of_interest, establishment",Bicholim,15.5886702,73.8743444,,,"['nightlife', 'religious']"
Shantadurga Temple Gaonkarwada,"HWMX+XG3, Gaonkarwada, Dicholi, Goa 403504, India",4.7,375.0,ChIJyy7lnW2WvzsRfwEnkkCCFi4,"hindu_temple, tourist_attraction, place_of_worship, point_of_interest, establishment",Bicholim,15.5848897,73.9488047,,,['religious']
Shri Shantadurga Kalangutkarin Temple (Mandir),"JWMG+R3Q, SH130, Nanora, Latambarcem, Goa 403503, India",4.7,327.0,ChIJN2M3iRqUvzsR6FK9I1W8DbM,"hindu_temple, tourist_attraction, place_of_worship, point_of_interest, establishment",Bicholim,15.6345969,73.9252188,,,"['nightlife', 'religious']"
"St. Christopher's Church, Tivim","JVF4+GQQ, Paina Wadda, Opposite Panchayat, Bardez, Tivim, Goa, Tivim, Goa 403502, India",4.7,295.0,ChIJF5QmB7mUvzsRnYe4Oy9coVQ,"tourist_attraction, church, place_of_worship, point_of_interest, establishment",Pernem,15.6238293,73.8569898,,,"['nightlife', 'religious']"
Shri Ajoba Temple,"PM5V+3MF, Querim, Goa 403524, India",4.7,279.0,ChIJI4G4h87vvzsR0y6tD2OFF2E,"hindu_temple, tourist_attraction, place_of_worship, point_of_interest, establishment",Pernem,15.7076804,73.6941635,,,['religious']
Kamleshwar Temple,"PQ52+RJ9, Korgaon, Goa 403512, India",4.7,256.0,ChIJTar2S3SwvzsRbJqXvA8qDlA,"hindu_temple, tourist_attraction, place_of_worship, point_of_interest, establishment",Pernem,15.7095413,73.7516027,,,['religious']
Shri Damodar Sal,"7XJ4+4Q9, Comba, Madgaon, Goa 403601, India",4.7,254.0,ChIJYfYxUuazvzsR1ADZVfi4QtA,"hindu_temple, tourist_attraction, place_of_worship, point_of_interest, establishment",Salcete (Margao),15.2802765,73.9570518,,,"['nature', 'religious']"
Shri Ravalnath Mahalaxmi Temple,"Ravalnath Mahalaxmi, Mapusa - Bicholim Rd, Mulgaon, Goa 403503, India",4.7,246.0,ChIJd8blfiWUvzsRPY8neQb6F-E,"hindu_temple, tourist_attraction, place_of_worship, point_of_interest, establishment",Bicholim,15.6147347,73.9268307,,,['religious']
Shri Shani temple,"Moddir Mandop, Shaneshwar Nagar, Navelim, Dramapur, Goa 403725, India",4.7,245.0,ChIJGfgobFWyvzsR56P2bdkpq90,"hindu_temple, place_of_worship, point_of_interest, establishment",Salcete (Margao),15.2448652,73.9850796,,,['religious']
Radha Krishna Temple,"H266+CVC, Gokulwadi, Desai Nagar, Sanquelim, Goa 403505, India",4.7,244.0,ChIJN57s1V69vzsRrMkPdWX28Ls,"hindu_temple, place_of_worship, point_of_interest, establishment",Sattari (Valpoi),15.56109,74.0121407,,,['religious']
Shri Mahaganapati Temple,"NH 30, opp. Adwalpalkar Greens Estate, Khandola, Goa 403107, India",4.7,236.0,ChIJvUrXlUy8vzsRitpYtMHqu4M,"hindu_temple, place_of_worship, point_of_interest, establishment",Ponda,15.5128607,73.9661413,,,['religious']
Shree Devi Kelbai Mandir,"Sharda Nagar, Maem, Bhatwadi, Goa 403504, India",4.7,229.0,ChIJW9M22N2VvzsRpbRgop-wvyI,"hindu_temple, place_of_worship, point_of_interest, establishment",Bicholim,15.5831,73.9306042,,,['religious']
Shri Shantadurga Temple Kunkolim-Ponda,"FX6H+VJ8, Cuncoliem, Kumkaliem, Goa 403404, India",4.7,202.0,ChIJVVVVVYK7vzsRFowSDFbUqEE,"hindu_temple, place_of_worship, point_of_interest, establishment",Ponda,15.4621231,73.9790703,,,['religious']
Shree Bhagavati Temple,"9XQX+37W, Dhavali, Yashwant Nagar, Ponda, Goa 403401, India",4.7,142.0,ChIJoSrEm5u6vzsR9YW8sY84gZE,"hindu_temple, tourist_attraction, place_of_worship, point_of_interest, establishment",Ponda,15.3877655,73.9981828,,,['religious']
ISKCON Ponda,"Ponda - Margao Hwy, opposite IndusInd Bank, Tiska, Kurtarkar Nagari, Ponda, Goa 403401, India",4.7,139.0,ChIJlfXTjpe6vzsROxDT2BqmzsM,"hindu_temple, place_of_worship, point_of_interest, establishment",Ponda,15.3922947,74.0030967,,,['religious']
Shri Gajantlaxmi Temple Valvai,"F2V7+J8R, Valvai, Khandepar, Goa 403107, India",4.7,133.0,ChIJe2Rmxri8vzsRRcOmzeBsd8I,"hindu_temple, place_of_worship, point_of_interest, establishment",Sattari (Valpoi),15.4941029,74.013267,,,['religious']
"Shree Ayappa Temple, Ponda Goa","Sapana Orchard Ayyappa Hills Ayyappa Hills, Road, Kurtarkar Nagari, Betora, Ponda, Goa 403401, India",4.7,121.0,ChIJg-6An7G6vzsRlD07W2bbrWc,"hindu_temple, place_of_worship, point_of_interest, establishment",Ponda,15.396881,74.022675,,,['religious']
Sateri Temple Candola,"GXC7+QWH, Khandola, Goa 403107, India",4.7,118.0,ChIJt2Jatra9vzsRNksaUoHDx9k,"hindu_temple, place_of_worship, point_of_interest, establishment",Sattari (Valpoi),15.5219107,73.9648593,,,['religious']
Shri Jagannath Temple,"CX3F+WP3, Donshiwado, Bandoda, Bandiwada, Goa 403401, India",4.7,114.0,ChIJb6eM_1y6vzsRsmIjJdPbak8,"hindu_temple, place_of_worship, point_of_interest, establishment",Ponda,15.4048095,73.9742295,,,['religious']
Shree Shantadurga Temple Khandepar,"C2JR+HFW, Khandepar, Goa 403404, India",4.7,102.0,ChIJ0eRjjtekvzsRBI8IPd0hTg0,"hindu_temple, place_of_worship, point_of_interest, establishment",Dharbandora,15.431528,74.0411973,,,['religious']
Our Lady of the Sea Church,"JQHH+XFX, Oshal, Goa 403507, India",4.7,99.0,ChIJ_eSN7I7rvzsRvSyVZvgdzg0,"tourist_attraction, church, place_of_worship, point_of_interest, establishment",Pernem,15.6299914,73.7787372,,,['religious']
Our Lady Of Miracles Church,"FWR7+X9G, Old Goa, Goa 403110, India",4.7,97.0,ChIJN1VVpu2-vzsRlQkcMrUJn4A,"tourist_attraction, church, place_of_worship, point_of_interest, establishment",Salcete (Margao),15.4924326,73.9134459,,,"['historical', 'religious']"
Shri Chamundeshwari Devasthan,"HW5W+8QV, Piligaon, Goa 403504, India",4.7,92.0,ChIJ2zX2zQKWvzsRYLW2O9OC5MY,"hindu_temple, place_of_worship, point_of_interest, establishment",Bicholim,15.5583859,73.9469172,,,['religious']
Vittal Rukumai Temple,"H284+PVG, Sanquelim Bridge, Karapur, Vithallapur, Sanquelim, Karapur, Goa 403505, India",4.7,77.0,ChIJ4zCzZuCXvzsRzJhGq3kwRS8,"hindu_temple, place_of_worship, point_of_interest, establishment",Sattari (Valpoi),15.5668139,74.0071963,,,['religious']
"Shri Devi Sateri Sansthan, Khorli, Mhapasa","HRW2+9JV, Ghateshwar Nagar, Khorlim, Mapusa, Goa 403507, India",4.7,76.0,ChIJOV7TNgLrvzsRHeJsPxsGzjc,"hindu_temple, place_of_worship, point_of_interest, establishment",Sattari (Valpoi),15.5960279,73.8015381,,,['religious']
Bits pilani temple,"D-58, Pilani, Chicalim, Sancoale, Goa 403726, India",4.7,75.0,ChIJP7ti3Ce5vzsRN8dzJlMmYQg,"hindu_temple, place_of_worship, point_of_interest, establishment",Salcete (Margao),15.387899,73.8754283,,,['religious']
Shri Siddhivinayak Temple,"H278+278, Desai Nagar, Sanquelim, Goa 403505, India",4.7,66.0,ChIJNez6W1i9vzsRHlWf0KqsSDs,"hindu_temple, place_of_worship, point_of_interest, establishment",Bicholim,15.5625244,74.015708,,,['religious']
Radha Krishna Mandir,"FRWG+CH9, Near Mahalaxmi Temple, Altinho, Panaji, Goa 403001, India",4.7,65.0,ChIJFTOKV47AvzsRToe9oRwPg-0,"hindu_temple, place_of_worship, point_of_interest, establishment",Tiswadi (Panaji),15.496059,73.826468,,,['religious']
Shri Purushmharu Temple,"7482+MQ3, Vodlemol Cacora, Hodar, Goa 403706, India",4.7,62.0,ChIJd7VgymmsvzsRRQV1dZ48HV4,"hindu_temple, place_of_worship, point_of_interest, establishment",Sanguem,15.26655,74.1018701,,,['religious']
Shri Damodar Temple,"Gogoleshwar Temple Rd, EWS COLONY, Gogol Housing Board, Madgaon, Goa 403601, India",4.7,58.0,ChIJZTVU1S2yvzsRNkvLZsV_fzw,"hindu_temple, tourist_attraction, place_of_worship, point_of_interest, establishment",Salcete (Margao),15.282063,73.992065,,,"['nature', 'religious']"
St. Joseph's Church (Sao Jose Igreja em Dramapur),"Dramapur, Goa 403725, India",4.7,54.0,ChIJs1zGAv2yvzsRY_6HldHWvVQ,"church, place_of_worship, point_of_interest, establishment",Salcete (Margao),15.2346544,73.9859837,,,['religious']
Near Mahadev Temple,"64X5+JXM, Kakoda, Vodlemol Cacora, Kudchaden, Goa 403706, India",4.7,50.0,ChIJl3hT5IisvzsR2CFO_Htxpzg,"hindu_temple, place_of_worship, point_of_interest, establishment",Sanguem,15.2491399,74.1099441,,,['religious']
Sateribhat Sateri Temple,"F2Q5+4W6, Valvai, Goa 403107, India",4.7,46.0,ChIJm9H6Tby8vzsR0mbubk4tO3U,"hindu_temple, place_of_worship, point_of_interest, establishment",Sattari (Valpoi),15.487777,74.0097776,,,['religious']
Shree Sateri Mandir,"PW5P+2PC, Unnamed Rd, Maharashtra, Ibrampur",4.7,33.0,ChIJkUrlF4iRvzsRK6o3l_uiMGU,"hindu_temple, tourist_attraction, place_of_worship, point_of_interest, establishment",Pernem,15.7075738,73.9367595,,,['religious']
"Shree Sateri Shantadurga, xeldem","Xeldem, Goa 403705, India",4.7,28.0,ChIJOSvg6PisvzsR7mbzl-cX_Mk,"hindu_temple, place_of_worship, point_of_interest, establishment",Sanguem,15.2489329,74.0845626,,,['religious']
Sateri Pissani Temple at Colsoi,"84W8+6W8, Kodli, Goa 403706, India",4.7,24.0,ChIJD0xl7SmvvzsRFXuXyaUtqNQ,"hindu_temple, place_of_worship, point_of_interest, establishment",Sanguem,15.3455492,74.1171807,,,['religious']
Shree Betal Temple,"Betalwada Rd, Queula, Ponda, Goa 403401, India",4.7,19.0,ChIJH5URWoG7vzsRgQk7iC4S6hw,"hindu_temple, place_of_worship, point_of_interest, establishment",Ponda,15.3922479,73.9888995,,,['religious']
Shantadurga temple Advoi sattari Goa,"Shree Shantadurga temple, Advai Desaiwada, Birondem VP, Goa 403530, India",4.7,19.0,ChIJtf8-0AujvzsRS37BhH3FD6w,"hindu_temple, place_of_worship, point_of_interest, establishment",Sattari (Valpoi),15.500832,74.1054911,,,['religious']
Shree Vithal Devasthan Rajinwada Gaunem Bandora Ponda Goa,"CX89+W54, Gaunem, Bandoda, Bandiwada, Goa 403404, India",4.7,15.0,ChIJ_WqgjE66vzsR3MpuLdpH5x4,"hindu_temple, place_of_worship, point_of_interest, establishment",Dharbandora,15.4172056,73.9679572,,,['religious']
Shri Ganesha Temple,"F5J3+WVP, Bimbal, Cotorem, Goa 403506, India",4.7,10.0,ChIJKULIuMymvzsRo0jnUN40ZrM,"hindu_temple, place_of_worship, point_of_interest, establishment",Dharbandora,15.4823421,74.1547184,,,['religious']
Carmelite church ruins,"GW39+355, Old Goa, Goa 403402, India",4.7,9.0,ChIJKRKDYgC_vzsRvlbgYtg-b5Y,"point_of_interest, establishment",Salcete (Margao),15.5026414,73.9179693,,,"['historical', 'religious']"
Shree Mangesh temple,"CXV8+XH6, Dinanath Mangeshkar Rd, Mangeshi village, Mardol, Priol, Goa 403404, India",4.6,23175.0,ChIJAQAAALy6vzsR9rv-XA9g7a8,"hindu_temple, tourist_attraction, place_of_worship, point_of_interest, establishment",Ponda,15.4448919,73.9663431,,,['religious']
St Anthony Church,"JQ7C+Q6J, Duler-Marna-Siolim Rd, Kudal, Siolim, Goa 403517, India",4.6,1741.0,ChIJv9czpurrvzsRgixBWE4MUgQ,"tourist_attraction, church, place_of_worship, point_of_interest, establishment",Pernem,15.614462,73.7705089,,,['religious']
St. Jerome Church,"HRQ9+Q9R, Market Rd, Angod, Mapusa, Goa 403507, India",4.6,1209.0,ChIJ6W_gAd7qvzsRJwDxJqg3318,"tourist_attraction, church, place_of_worship, point_of_interest, establishment,religious,historical",Bardez (Mapusa),15.589499,73.818388,,,"['food', 'historical', 'religious', 'shopping']"
Shri Shantadurga Devasthan,"GQ79+6WC, Candolim, Goa 403515, India",4.6,1012.0,ChIJc-AclZfBvzsRRTRhOUOou1A,"hindu_temple, tourist_attraction, place_of_worship, point_of_interest, establishment",Bardez (Mapusa),15.51302,73.7697696,,,['religious']
Our Lady of Merces Church,"Colva Beach Rd, near Infant Jesus High School, Fatona, Colva, Goa 403708, India",4.6,1005.0,ChIJgzYWXhu0vzsRfZwjXKrB9Ms,"tourist_attraction, church, place_of_worship, point_of_interest, establishment,religious,historical",Salcete (Margao),15.2784948,73.9224645,,,"['beaches', 'historical', 'religious']"
"St. Cajetan Church, Goa","GW48+62M, Old Goa, Goa 403402, India",4.6,860.0,ChIJPzptf4u-vzsRYl7FhM9LGJc,"tourist_attraction, church, place_of_worship, point_of_interest, establishment",Salcete (Margao),15.5055969,73.9150423,,,"['historical', 'religious']"
Shree Hanuman Maharudra Sansthan,"8/3, Hutatma Circle, Mapusa, Goa 403507, India",4.6,669.0,ChIJH6lhruPqvzsR1e-1dkaL6eM,"hindu_temple, tourist_attraction, place_of_worship, point_of_interest, establishment",Bardez (Mapusa),15.5910889,73.8101578,,,['religious']
Holy Trinity Church,"7W2M+WRF, Benaulim, Goa 403716, India",4.6,610.0,ChIJc6npdne0vzsRucTviV3YaZU,"tourist_attraction, church, place_of_worship, point_of_interest, establishment",Salcete (Margao),15.2521614,73.9345535,,,['religious']
Holy Family Church,"NH 66, Alto Porvorim, Porvorim, Salvador du Mundu, Goa 403521, India",4.6,592.0,ChIJSbkiuBbAvzsRDAx_bWfwhnQ,"church, place_of_worship, point_of_interest, establishment",Tiswadi (Panaji),15.5341916,73.8235653,,,['religious']
Shri Shantadurga Lakshminarasimha Temple,"CW22+85J, Sancoale, Goa 403710, India",4.6,558.0,ChIJt2V2Wre5vzsR0oqXaSJusFg,"hindu_temple, place_of_worship, point_of_interest, establishment",Tiswadi (Panaji),15.4008368,73.9003882,,,['religious']
Shree Shantadurga Samsthaana,"Khobra Waddo, Calangute, Goa 403516, India",4.6,381.0,ChIJFfbT5gnqvzsR5sr9H0NVZw0,"hindu_temple, place_of_worship, point_of_interest, establishment",Bardez (Mapusa),15.5458769,73.7645145,,,['religious']
Mangeshi Temple,"Priol, Mardol, Goa 403404, India",4.6,310.0,ChIJtymMXL27vzsRumner5zdq-M,"transit_station, point_of_interest, establishment",Ponda,15.4465904,73.9700775,,,['religious']
Our Lady of Health Church,"5XHW+QV9, Cuncolim, Assolna, Goa 403703, India",4.6,288.0,ChIJJRPOAT1NvjsResqoLXbv8BQ,"tourist_attraction, church, place_of_worship, point_of_interest, establishment",Salcete (Margao),15.1794143,73.9972238,,,['religious']
Shri Devaki Krishna Temple,"Bicholim Road, Madel, Goa 403102, India",4.6,273.0,ChIJd55Mn7y_vzsRV27vCZz-6kE,"hindu_temple, tourist_attraction, place_of_worship, point_of_interest, establishment",Sattari (Valpoi),15.5213649,73.870741,,,['religious']
St. Ann's Church,"FVHR+6MW Santana, Talauim, Goa 403006, India",4.6,257.0,ChIJLQE-VNi-vzsRz50PIq-vPYQ,"tourist_attraction, church, place_of_worship, point_of_interest, establishment",Tiswadi (Panaji),15.4781079,73.891706,,,['religious']
St John The Baptist Church,"7WGQ+436, Kana, Benaulim, Goa 403708, India",4.6,243.0,ChIJw9WqPfizvzsRIqiMXLaWZFg,"church, place_of_worship, point_of_interest, establishment",Salcete (Margao),15.2752887,73.9376352,,,['religious']
Shree Rudreshwar Devalay,"H22G+5C3, Rudreshwar Colony, Harvale, Goa 403505, India",4.6,233.0,ChIJcZHpTky9vzsRe7aTgYn0Zo4,"hindu_temple, tourist_attraction, place_of_worship, point_of_interest, establishment",Sattari (Valpoi),15.550383,74.0260349,,,['religious']
Church of Holy Cross,"5WPX+G5G, Cavelossim, Goa 403731, India",4.6,231.0,ChIJS27A269MvjsRhQkblB_yJsg,"church, place_of_worship, point_of_interest, establishment",Salcete (Margao),15.1861257,73.9476369,,,['religious']
"Shri Swami Samarth, Temple","Audumbar nagar, 7XGP+34V, Samarth gad, Samarth Gad Rd, Housing Board, Rumdamol, Davorlim, Goa 403601, India",4.6,221.0,ChIJZRo9BTOyvzsR5lHY7xVsHLU,"hindu_temple, place_of_worship, point_of_interest, establishment",Salcete (Margao),15.275234,73.9853048,,,"['nature', 'nightlife', 'religious']"
Churches and Convents of Goa,"GW26+WPJ, Old Goa, Goa 403402, India",4.6,218.0,ChIJuYbOebq_vzsR4EdqL-jhF2E,"point_of_interest, establishment,religious",Salcete (Margao),15.5023377,73.9117653,,,"['historical', 'religious']"
Igreja Mãe de Deus,"Igreja Pereira Ward Road, Pacheco Vaddo, Majorda, Goa 403713, India",4.6,204.0,ChIJVSQc6MS2vzsRlB5YZjqV2HI,"tourist_attraction, church, place_of_worship, point_of_interest, establishment",Salcete (Margao),15.3168998,73.9205625,,,['religious']
Shri Someshwara Temple (Shirvoi),"634V+M2G, Sirvoi, Goa 403705, India",4.6,178.0,ChIJUY8g0cysvzsRjgopSc2xGkw,"hindu_temple, place_of_worship, point_of_interest, establishment",Sanguem,15.2066842,74.0925928,,,['religious']
Igreja dos Reis Magos,"FRX5+4MF, Nerul - Reis Margos Rd, Reis Magos, Nerul, Goa 403109, India",4.6,167.0,ChIJHTJPZdPBvzsRNK7A5kOq5Es,"church, place_of_worship, point_of_interest, establishment",Tiswadi (Panaji),15.4978097,73.8091839,,,['religious']
"Shri Devi Yogeshwari Devasthaan, Parvatinagar, Goa","Sakhali, Road, Sarvan, Dicholi, Goa 403505, India",4.6,159.0,ChIJA2wKxjOWvzsRQnd6JkIBG7M,"hindu_temple, place_of_worship, point_of_interest, establishment",Bicholim,15.576385,73.9774018,,,['religious']
St. Michael Archangel Church,"6XC4+7XM, Orlim Bridge, Orlim, Goa 403724, India",4.6,151.0,ChIJ2Vmq7WqzvzsRMvABwbVSGcg,"church, place_of_worship, point_of_interest, establishment",Salcete (Margao),15.2208114,73.957465,,,"['historical', 'religious']"
Igreja de São João Batista,"Volvaddo, Pilern, Goa 403114, India",4.6,133.0,ChIJ69_9yUbAvzsR1rQMB3dM1lc,"church, place_of_worship, point_of_interest, establishment",Tiswadi (Panaji),15.5220518,73.8125195,,,['religious']
"Our Lady of Snows Church, Raia","Sonarwaddo, Raia, Goa 403720, India",4.6,119.0,ChIJ3bie6XWxvzsR7b7zxgGwB6g,"church, place_of_worship, point_of_interest, establishment",Salcete (Margao),15.3139982,73.9847831,,,['religious']
Our Lady Of Hope Church,"6X6H+Q2C, Chinchinim, Goa 403715, India",4.6,118.0,ChIJR8PbQTuzvzsRntM3CdCqgC4,"church, place_of_worship, point_of_interest, establishment",Salcete (Margao),15.2119516,73.9775072,,,['religious']
St Bartholomew's Church,"GVWH+XQX, Church Road, Belbhat, Madel, Goa 403102, India",4.6,116.0,ChIJ8UYY29C_vzsRmc1yVq56HFc,"tourist_attraction, church, place_of_worship, point_of_interest, establishment",Bicholim,15.5474805,73.8794769,,,"['nightlife', 'religious']"
"Our Lady of Snows Church, Rachol","8256+956, Fr. Agnelo Rd, Praca De, Rachol, Goa 403719, India",4.6,113.0,ChIJeW05ieuxvzsRNMjV5cvWBEE,"tourist_attraction, church, place_of_worship, point_of_interest, establishment",Salcete (Margao),15.3084185,74.0103291,,,['religious']
Holy Spirit Church,"Holy Spirit Church, Holy Spirit Rd, Borda, Madgaon, Goa 403601, India",4.6,106.0,ChIJq1Qtcj-zvzsRvCsMndpuUdE,"church, place_of_worship, point_of_interest, establishment",Salcete (Margao),15.2816579,73.9593313,,,['religious']
Our Lady of Remédios Church,"GQ4P+RMF, Nerul - Reis Margos Rd, Near Tinto Bardez, Nerul, Goa, Nerul, Goa 403114, India",4.6,99.0,ChIJC8mx4KjBvzsR9hqjcAw6c3U,"church, place_of_worship, point_of_interest, establishment",Tiswadi (Panaji),15.5070511,73.7866694,,,"['nightlife', 'religious']"
Shri Pandurang Mandir,"H284+PRQ, Zariwada Vithallapur, Vithallapur, Sanquelim, Karapur, Goa 403505, India",4.6,97.0,ChIJxRrwheCXvzsRO0UZqL1C1YA,"hindu_temple, tourist_attraction, place_of_worship, point_of_interest, establishment",Bicholim,15.5668093,74.0069899,,,['religious']
Loutolim Church Square,"8XRM+9J6, Loutolim, Goa 403718, India",4.6,91.0,ChIJr1lTTsmxvzsRepfGVbDsPPk,"point_of_interest, establishment",Salcete (Margao),15.3409145,73.9840169,,,['religious']
Shri Sapthakoteshwar Temple,"C29X+R5G, Khandepar, Goa 403406, India",4.6,90.0,ChIJP12cnySlvzsR0OQMZW7r19Q,"hindu_temple, place_of_worship, point_of_interest, establishment",Dharbandora,15.4195678,74.0479434,,,['religious']
Sao Jose de Areal Church,"7264+36R, Sao Jose De Areal, Goa 403709, India",4.6,88.0,ChIJ8ehlb0KyvzsRq5xrAx6n92w,"church, place_of_worship, point_of_interest, establishment",Salcete (Margao),15.2602459,74.0055254,,,['religious']
Good News Goa,"Goa Community Centre, Housing Board Road, Swami Chinmayanand Road, Vidya Nagar, Madgaon, Goa 403601, India",4.6,86.0,ChIJL8hy0SyyvzsRzdHc_VkG9qs,"church, place_of_worship, point_of_interest, establishment",Salcete (Margao),15.2811932,73.9834732,,,['religious']
Shree Ajoba temple,"G2VQ+9P6, Sanquelim–velguem–Surla-Usgao Rd, Honda, Goa 403530, India",4.6,81.0,ChIJQ_js1reivzsRtMPJHJExsSw,"place_of_worship, point_of_interest, establishment",Sattari (Valpoi),15.5434738,74.0392196,,,['religious']
"Shri Vamaneshwar Temple, Dhavali","9XPX+89V, Yashwant Nagar, Ponda, Goa 403401, India",4.6,76.0,ChIJWVHCZZy6vzsRN8jR_kv4rsY,"hindu_temple, place_of_worship, point_of_interest, establishment",Ponda,15.3858252,73.9984368,,,['religious']
Ambaulim Church,"6323+2X7, Ambavali, Diyanv, Goa 403705, India",4.6,75.0,ChIJy7dnZspSvjsRgzV3GQBF8C8,"church, place_of_worship, point_of_interest, establishment",Salcete (Margao),15.2000456,74.0549115,,,['religious']
Khetoba Temple,"HW95+3GW, Vayangne, Goa 403504, India",4.6,62.0,ChIJAQAAQI2VvzsRAAHamfgyWQo,"hindu_temple, place_of_worship, point_of_interest, establishment",Bicholim,15.5677034,73.908892,,,['religious']
Dadeshwar Temple,"PV32+6C5, Dhargal, Goa 403513, India",4.6,54.0,ChIJIRcEBM-SvzsRioXJD0ZVEuU,"hindu_temple, tourist_attraction, place_of_worship, point_of_interest, establishment",Bicholim,15.7030311,73.8511241,,,['religious']
Shree Gananath Devasthan,"Usgao, Ganjem, Tisk, Goa 403406, India",4.6,52.0,ChIJdTvvBSOlvzsRzH2xS5DZmD4,"hindu_temple, place_of_worship, point_of_interest, establishment",Dharbandora,15.4213125,74.04972,,,['religious']
Main Altar Of Church Of St. Augustine,"GW24+483, Old Goa, Goa 403402, India",4.6,48.0,ChIJXRkP7vG-vzsR4oOh-TTs0Zw,"point_of_interest, establishment",Salcete (Margao),15.5002558,73.9057977,,,"['historical', 'religious']"
"Shri Mandodari Devi Temple, Betki","GX4Q+8X3, Betki, Khandola, Goa 403107, India",4.6,40.0,ChIJ5e9FCfq8vzsRROF-v_spH0k,"hindu_temple, place_of_worship, point_of_interest, establishment",Ponda,15.5057912,73.9898689,,,['religious']
Vithoba Temple,"Vithoba temple, Upper Bazar, Durgabhat, Ponda, Goa 403401, India",4.6,38.0,ChIJBQIov7-6vzsRiY2rKNBfOXc,"hindu_temple, place_of_worship, point_of_interest, establishment",Ponda,15.4012808,74.0118029,,,['religious']
Archdiocese of Goa & Daman,"Archbishop's House, Altinho, Panaji",4.6,33.0,ChIJUaDp2fK-vzsR-hP5gyIRAOc,"tourist_attraction, church, place_of_worship, point_of_interest, establishment",Tiswadi (Panaji),15.4917463,73.826237,,,"['historical', 'nature', 'religious']"
Dhareshwari Temple,"94VG+GQM, Darbandora, Goa 403406, India",4.6,32.0,ChIJj0ZB_QCmvzsRrqdsTL8_vy0,"hindu_temple, place_of_worship, point_of_interest, establishment",Dharbandora,15.3938437,74.1269107,,,['religious']
Shree Dattatray Temple,"93XW+MQF, Piliem, Darbandora, Goa 403406, India",4.6,32.0,ChIJNxa1hY2lvzsRE4u33SDCVrw,"hindu_temple, place_of_worship, point_of_interest, establishment",Dharbandora,15.3991879,74.0969254,,,['religious']
Sunset view,"Santoshi Temple Stop, Veling",4.6,31.0,ChIJd2B-2JC7vzsR6YAZyoHwJIo,"tourist_attraction, point_of_interest, establishment",Ponda,15.4087921,73.9586611,,,"['photography', 'religious', 'scenic']"
"Shree Datta Mandir, Shree Kshetra Khandepar.","C29X+Q4C, Khandepar, Goa 403406, India",4.6,27.0,ChIJExskWCOlvzsR6FlCCRXmdsI,"hindu_temple, place_of_worship, point_of_interest, establishment",Dharbandora,15.4194411,74.0477755,,,['religious']
Ganesh Temple,"240, Dinanath Mangeshkar Road, Mardol",4.6,23.0,ChIJLzbp7727vzsRPO8oOz0EQs0,"hindu_temple, tourist_attraction, place_of_worship, point_of_interest, establishment",Ponda,15.4460956,73.966177,,,['religious']
Shri Shantadurga Temple Colomba,"542J+2CP, Kolamba, Goa 403705, India",4.6,23.0,ChIJDaU1w3BUvjsRxG597Yzaiwg,"hindu_temple, place_of_worship, point_of_interest, establishment",Sanguem,15.1501101,74.1310663,,,['religious']
Ruins of Lakshmi Narayana Swamy Temple,"452V+P96, Vichundrem, Digali, Goa 403704, India",4.6,21.0,ChIJl5gSxGpWvjsRoE1V_M81zJk,"hindu_temple, place_of_worship, point_of_interest, establishment",Sanguem,15.1017751,74.1933999,,,"['historical', 'religious']"
"Saibaba Temple,Lakhere Bicholim","JX45+Q7C, Borden, Dicholi, Goa 403504, India",4.6,20.0,ChIJRy9qwIqWvzsRTXleJ6FsVZA,"hindu_temple, place_of_worship, point_of_interest, establishment",Bicholim,15.6069344,73.9581632,,,['religious']
Iskcon Bhakti Kutir (Hare Krishna Temple),"H2C8+G7F, SH 4, Desai Nagar, Sanquelim, Pariye, Goa 403505, India",4.6,19.0,ChIJS6KpjOSXvzsRZ3YU-DcLNns,"hindu_temple, place_of_worship, point_of_interest, establishment",Bicholim,15.5713588,74.0156619,,,['religious']
Royal Chapel of St. Anthony,"Royal Chapel of St Antony, Old Goa, Goa 403402, India",4.6,16.0,ChIJ4TTwkvG-vzsR_nQNomX0_H8,"tourist_attraction, church, place_of_worship, point_of_interest, establishment",Salcete (Margao),15.5006988,73.9056926,,,"['historical', 'religious']"
Saibaba Temple,"65W2+282, Sanguem Rd, Bazaarwado, Sanguem, Muguli, Goa 403706, India",4.6,12.0,ChIJA8OQBj-rvzsRY5gn7547GAE,"hindu_temple, place_of_worship, point_of_interest, establishment",Sanguem,15.2450243,74.1507733,,,"['religious', 'shopping']"
Mahadev Temple Marad Dharbandora Goa,"94M3+JPM, Darbandora, Goa 403406, India",4.6,5.0,ChIJZSCsPv-vvzsRRrvf_18jpHU,"hindu_temple, place_of_worship, point_of_interest, establishment",Dharbandora,15.3840874,74.1042939,,,['religious']
Basilica of Bom Jesus,"Old Goa Road, Old Goa, Goa 403402, India",4.5,66043.0,ChIJiQKbufK-vzsRuKcVn2hWgB4,"tourist_attraction, church, place_of_worship, point_of_interest, establishment,historical,religious",Salcete (Margao),15.5008429,73.9114097,,,"['historical', 'religious']"
Se Cathedral,"Old Goa, Goa 403402, India",4.5,6710.0,ChIJE0a0LfO-vzsR8JyKJEBHTMk,"tourist_attraction, church, place_of_worship, point_of_interest, establishment,religious,historical",Salcete (Margao),15.5035996,73.9122204,,,"['historical', 'religious']"
Church of St. Francis of Assisi,"Off National Highway 4, Old Goa, Goa 403402, India",4.5,4807.0,ChIJ78JjO_O-vzsRRzk9_PvVgE0,"tourist_attraction, church, place_of_worship, point_of_interest, establishment,religious,historical",Salcete (Margao),15.5030158,73.911237,,,"['historical', 'religious']"
St. Augustine Tower,"Church of St. Augustine Ruins, Old Goa, Goa 403402, India",4.5,3868.0,ChIJ7YKn9fG-vzsRqG6gJbaQxPs,"tourist_attraction, point_of_interest, establishment,viewpoint,historical,religious",Salcete (Margao),15.5005094,73.9064616,,,"['historical', 'religious', 'scenic']"
St. Andrew's Church,"9RWF+JPJ, Swatantra Path, Vaddem, New Vaddem, Vasco Da Gama, Goa 403802, India",4.5,1650.0,ChIJwQ43br3HvzsRKlPsZEgQzBs,"tourist_attraction, church, place_of_worship, point_of_interest, establishment",Mormugao (Vasco),15.399596,73.8173423,,,['religious']
Our Lady of Grace Church,"7XF5+9HM, Isidorio Baptista Rd, Pajifond, Madgaon, Goa 403601, India",4.5,1560.0,ChIJLZPlLeizvzsRtDw4-0Z1nns,"tourist_attraction, church, place_of_worship, point_of_interest, establishment,religious,historical",Salcete (Margao),15.273472,73.958916,,,"['historical', 'religious']"
Our Lady of Piety Church,"GWG2+556 Diver Island, Piedade, Goa 403403, India",4.5,907.0,ChIJEwdWYU--vzsRao8N7k9UurM,"tourist_attraction, church, place_of_worship, point_of_interest, establishment",Sattari (Valpoi),15.525597,73.9004056,,,['religious']
Igreja de Santa Ana,"HQHH+HRX, Parra, Goa 403510, India",4.5,693.0,ChIJcVT1o0XqvzsRxGomyDsOAYE,"tourist_attraction, church, place_of_worship, point_of_interest, establishment",Bardez (Mapusa),15.5789951,73.7796048,,,['religious']
"St. Alex Church, Curtorim","72QC+QP8, Curtorim, Shelvan, Goa 403709, India",4.5,678.0,ChIJgZGLQQKyvzsRclzx8MZks8E,"tourist_attraction, church, place_of_worship, point_of_interest, establishment",Salcete (Margao),15.2894037,74.0218254,,,['religious']
"Our Lady of Good Hope Church, Candolim","GQ9G+5WW, Candolim, Goa 403511, India",4.5,655.0,ChIJj8rE_7vBvzsRoMEWGV1J-Nc,"tourist_attraction, church, place_of_worship, point_of_interest, establishment,religious,historical",Tiswadi (Panaji),15.5179909,73.777324,,,"['historical', 'religious']"
St. Michael's Church,"Junction, Anjuna Beach Road, Bouta Waddo, Chapora, Anjuna, Goa 403510, India",4.5,614.0,ChIJtQOjQTPqvzsRK9oqbZt9oI0,"tourist_attraction, church, place_of_worship, point_of_interest, establishment",Bardez (Mapusa),15.5899919,73.7642162,,,"['beaches', 'religious']"
Santa Cruz Church,"FRGV+CWV, Santa Cruz, Goa 403005, India",4.5,585.0,ChIJXUdVIFm_vzsR3203CpoRWx0,"church, place_of_worship, point_of_interest, establishment",Sattari (Valpoi),15.4761125,73.8447969,,,['religious']
St. Francis Xavier’s Church Duler,"Duler Ground Rd, opp. Sankalp Hospital Building, Alto Duler, Karaswada, Mapusa, Goa 403526, India",4.5,496.0,ChIJsVb74BjrvzsR97sR_JuTdAE,"church, place_of_worship, point_of_interest, establishment",Bardez (Mapusa),15.603661,73.817261,,,['religious']
"St. Lawrence's Church, Sinquerim","FQVJ+HQ8, Aguada - Siolim Rd, near Aguada Fort, Sinquerim, Candolim, Goa 403515, India",4.5,492.0,ChIJTyDobA_BvzsRqBnIYAKyKVo,"tourist_attraction, church, place_of_worship, point_of_interest, establishment",Tiswadi (Panaji),15.4939002,73.7819478,,,"['fort', 'historical', 'religious']"
St. Diogo's Church,"Sangolda, Goa 403510, India",4.5,449.0,ChIJqSzzbY_qvzsRHhDqLOqL2iY,"church, place_of_worship, point_of_interest, establishment",Bardez (Mapusa),15.5614189,73.8034299,,,"['historical', 'religious']"
Our Lady of Gloria Church,"6WJV+QHF, Varca, Goa 403721, India",4.5,416.0,ChIJR-WBCXuzvzsR2F9BDeUDbMc,"church, place_of_worship, point_of_interest, establishment",Salcete (Margao),15.2319418,73.9439089,,,['religious']
Chapel of St. Francis Xavier,"GW29+8M5, Old Goa, Goa 403402, India",4.5,340.0,ChIJL5VuzY--vzsRomHlFP3bsyI,"tourist_attraction, church, place_of_worship, point_of_interest, establishment",Salcete (Margao),15.5007503,73.9192267,,,"['historical', 'religious']"
"Igreja de São Francisco Xavier, Chicalim",Chicalim,4.5,320.0,ChIJNSIr8onHvzsRiJi9p3n2qEk,"tourist_attraction, church, place_of_worship, point_of_interest, establishment",Tiswadi (Panaji),15.3982841,73.8407609,,,['religious']
Saviour of the World Church,"8XRM+6PX, Loutolim, Goa 403718, India",4.5,299.0,ChIJ3wtkC1awvzsR5WxUrLo6c1k,"tourist_attraction, church, place_of_worship, point_of_interest, establishment",Salcete (Margao),15.340607,73.984353,,,['religious']
Badem Sunset Point,"Nr Church, Badem, Vagator, Goa 403509, India",4.5,291.0,ChIJyccR2t7rvzsRXjIMgotjDP4,"tourist_attraction, point_of_interest, establishment",Bardez (Mapusa),15.6076719,73.7513173,,,"['photography', 'religious']"
Our Lady of Mount Carmel Chapel,"92X3+FHW, Sadar, Kurtarkar Nagari, Ponda",4.5,224.0,ChIJnQfT1ZW6vzsRuRF1ABLvIYQ,"tourist_attraction, church, place_of_worship, point_of_interest, establishment",Salcete (Margao),15.398742,74.003947,,,['religious']
St. Anne's Church - Ponda,"C237+5XF, Silva Nagar, Ponda, Goa 403401, India",4.5,208.0,ChIJcfVL5Hy7vzsRz-cutqs6uz0,"tourist_attraction, church, place_of_worship, point_of_interest, establishment",Ponda,15.402947,74.0148868,,,['religious']
St. Clara's Church,"Assonora, Asnode, Goa 403503, India",4.5,183.0,ChIJgXUNpV6UvzsR1UuvpU-LdeE,"tourist_attraction, church, place_of_worship, point_of_interest, establishment",Bicholim,15.6185641,73.8945492,,,['religious']
Capela de Nossa Senhora da Piedade,"7XH7+X46, Padre Miranda Rd, Monte Hill, Madgaon, Goa 403601, India",4.5,177.0,ChIJS0plTtyzvzsRaZdIZ_ZeBnM,"tourist_attraction, church, place_of_worship, point_of_interest, establishment",Salcete (Margao),15.2798686,73.9627643,,,['religious']
Igreja de São Tomás,"8VXW+J8V, Cansaulim, Goa 403712, India",4.5,169.0,ChIJvbR2lAy3vzsRotMHI4O7-dI,"church, place_of_worship, point_of_interest, establishment",Salcete (Margao),15.349117,73.8957854,,,['religious']
Our Lady of Pilar Church,"7WQR+J86, Suravali Station Rd, Fatona, Seraulim, Goa 403601, India",4.5,164.0,ChIJGb8MNVSxvzsRmD209xDV03Y,"church, place_of_worship, point_of_interest, establishment",Salcete (Margao),15.2890347,73.940777,,,['religious']
Church of Our Lady of the Rosary,"GW23+PX9, Old Goa, Goa 403402, India",4.5,127.0,ChIJ89dPoPG-vzsRpKOATjYJRvE,"church, place_of_worship, point_of_interest, establishment",Salcete (Margao),15.501778,73.9049807,,,"['historical', 'religious']"
"São Pedro Church, Goa","GV2W+4VH, Old Goa, Baingini, Goa 403402, India",4.5,91.0,ChIJ624yk_q-vzsRS1inwISMJ4Y,"tourist_attraction, church, place_of_worship, point_of_interest, establishment",Tiswadi (Panaji),15.5002292,73.8972411,,,"['historical', 'religious']"
Taligao Church,"FR99+6WG, Taleigao Jct, Caranzalem, Taleigao, Goa 403002, India",4.5,89.0,ChIJ26FVv7fAvzsRPn2RW__MeT4,"church, place_of_worship, point_of_interest, establishment",Tiswadi (Panaji),15.4680625,73.8198125,,,['religious']
Regina Martyrum Church,"5XMC+845, Assolna, Goa 403701, India",4.5,88.0,ChIJkR1fJsVMvjsRP2lj_Bybcts,"church, place_of_worship, point_of_interest, establishment",Salcete (Margao),15.1832553,73.9703798,,,['religious']
St. Mary's Orthodox Syrian Church Panaji,"Ilhas, Ribandar, Goa 403006, India",4.5,84.0,ChIJiw2b1HS_vzsRkh-yRSpLLPo,"church, place_of_worship, point_of_interest, establishment",Tiswadi (Panaji),15.5043561,73.865231,,,['religious']
Shri Siddhanath Temple,"926W+JJ3, Talsai, Borim, Kajorde, Goa 403103, India",4.5,68.0,ChIJdXije9-vvzsRKbRi3uZdzQI,"hindu_temple, place_of_worship, point_of_interest, establishment",Sanguem,15.361508,74.0465552,,,['religious']
Panaji Methodist Church,"FRQ9+R47, Santa Inez, Panaji, Goa 403001, India",4.5,65.0,ChIJKaO40OzAvzsRF0opJz4-oZI,"church, place_of_worship, point_of_interest, establishment",Tiswadi (Panaji),15.4895321,73.8177898,,,['religious']
Paroda Church,"62HW+GX2, Paroda, Goa 403705, India",4.5,65.0,ChIJtb1BeWmtvzsRiC0Pjjpppwc,"church, place_of_worship, point_of_interest, establishment",Salcete (Margao),15.2287502,74.0473785,,,['religious']
Shri Chandreshwar Swamy Temple,"F2GM+MR3, Kotambi, Pale, Goa 403105, India",4.5,64.0,ChIJY2n8xlWjvzsRVnV5PJN7GpY,"hindu_temple, tourist_attraction, place_of_worship, point_of_interest, establishment",Sattari (Valpoi),15.4767346,74.0345451,,,['religious']
Church and Convent of St. John of God,"Monte Santo, Old Goa, Goa 403402, India",4.5,56.0,ChIJWbMUFfK-vzsRxQGL0-uPxFM,"tourist_attraction, church, place_of_worship, point_of_interest, establishment",Salcete (Margao),15.5007488,73.9078115,,,"['historical', 'religious']"
Mahamaya Temple-Gaonkarwada-Mayem,"HWP6+F34 Mahamay temple, Dicholi, Bhatwadi, Goa 403504, India",4.5,45.0,ChIJIS_n_bCVvzsRyrmu4ePM96w,"hindu_temple, place_of_worship, point_of_interest, establishment",Bicholim,15.5861405,73.9101956,,,['religious']
Sangameshwar Temple,"64MX+4M2, Sanguem Rd, Sanguem, Goa 403704, India",4.5,45.0,ChIJ8dn23j-rvzsRSwCC4dKC7_E,"hindu_temple, place_of_worship, point_of_interest, establishment",Sanguem,15.2327554,74.1491559,,,['religious']
Shri Kamaleshwara Temple,"92G3+X2P, Dhavali, Yashwant Nagar, Borim, Ponda, Goa 403401, India",4.5,43.0,ChIJdW9tRHSwvzsRCY9CP1lMu94,"hindu_temple, place_of_worship, point_of_interest, establishment",Ponda,15.3774711,74.0025876,,,['religious']
Bhumipurush Temple,"92W7+V7M, Shanti Nagar, Ponda, Goa 403401, India",4.5,41.0,ChIJ07DEHry6vzsRL-GagMLzzeU,"hindu_temple, place_of_worship, point_of_interest, establishment",Ponda,15.3972074,74.0131676,,,['religious']
Shri Mahadev Temple Cotombi,"7323+M5J, Cotombi Rd, Madgaon, Kakoda, Goa 403705, India",4.5,36.0,ChIJTzhEeJ-tvzsRF065uqavVlA,"hindu_temple, place_of_worship, point_of_interest, establishment",Sanguem,15.2517473,74.0528925,,,['religious']
Thapneshwar Temple,"House of Sanjiv, Fadte, Kumbhar Juven, Goa 403107, India",4.5,23.0,ChIJb1V2bzS8vzsRppEWbjfhoSI,"hindu_temple, place_of_worship, point_of_interest, establishment",Bicholim,15.5170286,73.947626,,,['religious']
Our Lady of the Immaculate Conception Church,"4XP4+JWC, Betul Bridge, Kital, Canaguinim, Goa 403703, India",4.5,12.0,ChIJ15mzVWhMvjsRxBQwdeYteC0,"church, place_of_worship, point_of_interest, establishment",Salcete (Margao),15.1365717,73.9572545,,,['religious']
Shri rudreshwar devasthan,"HWWP+5CC, lamgao bicholim goa, lamgao, Dicholi, Goa 403504, India",4.5,10.0,ChIJM1fbn5qXvzsRXkhTVsMVTxE,"hindu_temple, place_of_worship, point_of_interest, establishment",Bicholim,15.5954348,73.9360294,,,['religious']
SHRI PAIKDEV TEMPLE,"ZANODEM, Sanguem, Zanoda, Goa 403704, India",4.5,6.0,ChIJpV4WArhUvjsRhpiOMrsPhrw,"hindu_temple, place_of_worship, point_of_interest, establishment",Sanguem,15.1986869,74.1470225,,,['religious']
Reis Magos Fort,"Nerul - Reis Margos Rd, beside three kings church, Bardez, Verem, Nerul, Goa 403109, India",4.4,11097.0,ChIJYeGT3PDAvzsRS8Ckp0KjgGs,"point_of_interest, establishment,fort,historical",Tiswadi (Panaji),15.4964204,73.8091839,,,"['fort', 'historical', 'nightlife', 'religious']"
Mae De Deus Church,"GQWP+R47, Chogm Rd, Muddavaddi, Saligao, Goa 403511, India",4.4,3887.0,ChIJFbog2NfBvzsRlZ2Ry-UD8g0,"tourist_attraction, church, place_of_worship, point_of_interest, establishment,religious,historical",Bardez (Mapusa),15.5470308,73.7853113,,,"['historical', 'religious']"
Church of Our Lady of Grace,"Old Goa, Goa 403402, India",4.4,1139.0,ChIJxapT8fG-vzsRv5zxNSl-WWI,"church, place_of_worship, point_of_interest, establishment",Salcete (Margao),15.5002453,73.9061058,,,"['historical', 'religious']"
St. Francis Xavier’s Church,"9223+PJC, Borim, Goa 403103, India",4.4,985.0,ChIJ75e8IkewvzsR7jnJJY9RgFQ,"tourist_attraction, church, place_of_worship, point_of_interest, establishment",Dharbandora,15.3518189,74.0040095,,,['religious']
St. Inez Church,"FRRC+G5Q, St. Inez, Altinho, Panaji, Goa 403001, India",4.4,903.0,ChIJSyUm7pLAvzsRdNjYcRuUOLs,"tourist_attraction, church, place_of_worship, point_of_interest, establishment",Tiswadi (Panaji),15.491332,73.820494,,,['religious']
Palácio do Deão,"Church, Opposite Holy Cross, Quepem, Goa 403705, India",4.4,730.0,ChIJ2ZYd-yitvzsRyJPT1dp816c,"tourist_attraction, restaurant, food, museum, point_of_interest, establishment",Quepem,15.2135835,74.0736286,,,"['food', 'historical', 'religious']"
Bom Jesus Church Nachinola,"HVP3+8XR, Nachinola, Goa 403508, India",4.4,675.0,ChIJ145utzqVvzsRHV-9mPbR4jY,"tourist_attraction, church, place_of_worship, point_of_interest, establishment",Bardez (Mapusa),15.5858484,73.8548966,,,['religious']
Shree Kapileshwar Temple,"9XRR+9XF, Ponda, Goa 403401, India",4.4,556.0,ChIJIW8GcoW6vzsRgbbWJcGiA50,"hindu_temple, place_of_worship, point_of_interest, establishment",Ponda,15.3909565,73.9924158,,,['religious']
Buttress Of The Church Of Santa Monica,"GW24+9VR, Convent of Santa Monica,, Old Goa, Goa 403402, India",4.4,552.0,ChIJT-kKI_K-vzsRoSkEmd7AExU,"point_of_interest, establishment",Salcete (Margao),15.5009998,73.9071469,,,"['historical', 'religious']"
"St. Sebastian's Chapel, Goa","FRWJ+F8M, Fontainhas (quarter), Altinho, Panaji, Goa 403001, India",4.4,436.0,ChIJefaaeYXAvzsRhVfqZuOAkRM,"tourist_attraction, church, place_of_worship, point_of_interest, establishment",Tiswadi (Panaji),15.4961996,73.830776,,,['religious']
St. Lawrence Martyr Church,"CVGX+54V, Near Syndicate Bank, Merkuri, Agaçaim, Goa 403204, India",4.4,420.0,ChIJVX7F0gW5vzsRPe8R0M_H168,"tourist_attraction, church, place_of_worship, point_of_interest, establishment",Tiswadi (Panaji),15.4254953,73.8978095,,,['religious']
Varca Church Bandstand,"6WJV+VFF, Varca, Goa 403721, India",4.4,346.0,ChIJWV6tr8izvzsRnJ6dG5y1TYY,"church, place_of_worship, point_of_interest, establishment",Salcete (Margao),15.2321994,73.9436625,,,['religious']
ST. SEBASTIAN CHURCH,"Aquem Alto Rd, Near Railway Station, Aquem, Madgaon, Goa 403601, India",4.4,333.0,ChIJq6qqqi2yvzsR_nO5UYIKW44,"tourist_attraction, church, place_of_worship, point_of_interest, establishment",Salcete (Margao),15.2723981,73.9709761,,,['religious']
"St. Michael's Church, Taleigão","FR89+VW2, Nagalli Hills Colony, Durgavado, Goa 403002, India",4.4,309.0,ChIJLX-5NbbAvzsRYRBOda3i5ac,"church, place_of_worship, point_of_interest, establishment",Tiswadi (Panaji),15.467134,73.8197629,,,['religious']
The Cross Of Basilica Bom Jesus,"GW26+9V7 Bom Jesus church, Ella, Old Goa, Goa 403402, India",4.4,252.0,ChIJw8S7tfK-vzsR5NDN4VhVNjg,"landmark, point_of_interest, establishment",Salcete (Margao),15.5009092,73.9121616,,,"['historical', 'religious']"
"Igreja de Mãe dos Pobres, Nuvem","8W5W+5CV, Majorda-Nuvem Rd, Madgaon, Nuvem, Goa 403722, India",4.4,241.0,ChIJk-U9PEixvzsR6oyWXFssL-g,"church, place_of_worship, point_of_interest, establishment",Salcete (Margao),15.3079204,73.9460931,,,['religious']
St. Cajetan Church - Assagao,"Anjuna Road, Bardez, Assagao, Assagao",4.4,165.0,ChIJc7n1L7LrvzsRK1BttRrWihA,"tourist_attraction, church, place_of_worship, point_of_interest, establishment",Tiswadi (Panaji),15.5973163,73.7810426,,,"['nightlife', 'religious']"
Igreja de Nossa Senhora de Lourdes,"8WG7+2CJ, Utorda Beach Rd, Near, Seraulim Railway Station, Utorda, Goa 403713, India",4.4,145.0,ChIJAarbPd62vzsRmRDHG61rkt0,"church, place_of_worship, point_of_interest, establishment",Salcete (Margao),15.3250982,73.9135238,,,"['beaches', 'religious']"
"St. Francis Xavier’s Chapel, Goa","Portais, Four Pillars, Electricity Colony, Altinho, Panaji, Goa 403001, India",4.4,107.0,ChIJPzm07JnAvzsRJfi07ccxyKA,"church, place_of_worship, point_of_interest, establishment",Tiswadi (Panaji),15.4870506,73.8315095,,,['religious']
"Damodara Temple Loliem, South Goa","Shri Damodar Vidyalaya, Loliem, Goa 403728, India",4.4,81.0,ChIJQci9InpbvjsR81FrhPgDM7s,"hindu_temple, tourist_attraction, place_of_worship, point_of_interest, establishment",Canacona,14.942263,74.0704844,,,"['nature', 'religious']"
Shri Mahamaya Temple,"JW2Q+3JJ, Borden, Dicholi, Goa 403504, India",4.4,78.0,ChIJhc1C4n6WvzsR0WlIDCL0Lfg,"hindu_temple, place_of_worship, point_of_interest, establishment",Bicholim,15.6002218,73.9390012,,,['religious']
Shiv Mandir Nerul bardez Goa,"FQXH+PV4, Nerul, Goa 403511, India",4.4,71.0,ChIJD19zsQnBvzsRkwlYchtno6o,"hindu_temple, place_of_worship, point_of_interest, establishment",Tiswadi (Panaji),15.4992504,73.7796943,,,"['nightlife', 'religious']"
Amma Shri Shanta Durga Temple,"GQ6M+2X9, Near Nerul Hospital, Nerul, Goa",4.4,42.0,ChIJY9P2Ca_BvzsRhSOOl8q2GdQ,"hindu_temple, tourist_attraction, place_of_worship, point_of_interest, establishment",Tiswadi (Panaji),15.5100283,73.7849891,,,['religious']
Shantadurga Temple,"JWC3+QJH, Bicholim – Poira – Sirigao - Assonora, Moitem, Asnode, Goa 403503, India",4.4,33.0,ChIJX6vOrUSUvzsRL2lALOsyR94,"hindu_temple, place_of_worship, point_of_interest, establishment",Bicholim,15.6219508,73.9040997,,,['religious']
Saraswati Temple,"Dag Ponda Goa 403 401, Ponda – Durbhat, Ponda, Goa 403401, India",4.4,27.0,ChIJqQikjpq6vzsRzBrz8MVtGRE,"hindu_temple, place_of_worship, point_of_interest, establishment",Ponda,15.3913543,73.9974421,,,['religious']
St. Thomas Chapel,"FRXJ+RV9, Rua São Tomé, Near G.P.O., Near Head Post Office, Patto Colony, Panaji, Goa 403001, India",4.4,23.0,ChIJI5nBd4bAvzsRClO4WUv4NQ4,"church, place_of_worship, point_of_interest, establishment",Tiswadi (Panaji),15.49953,73.8322278,,,['religious']
Vadadev Temple,"Vadadev Nagar, near Vadadev Temple, Honda, Satari, Goa 403530, India",4.4,21.0,ChIJ83ZLVr6ivzsRPEXTaAODLbc,"hindu_temple, place_of_worship, point_of_interest, establishment",Sattari (Valpoi),15.5475633,74.0506903,,,['religious']
St. Anthony Chapel,"FRM5+5HX, Miramar, Panaji, Goa 403001, India",4.4,10.0,ChIJDf09CSPBvzsRg0L_58ASXQ8,"church, place_of_worship, point_of_interest, establishment",Tiswadi (Panaji),15.4829928,73.8089995,,,['religious']
Shree Ramnath Paikdev Temple,"64CX+F27, Sanguem, Goa 403704, India",4.4,7.0,ChIJ1b3e_TervzsR8fVtuMShjLE,"hindu_temple, place_of_worship, point_of_interest, establishment",Sanguem,15.2211117,74.1475365,,,['religious']
Bairagi Temple,"H256+Q7P, Desai Nagar, Maulangtad, Sanquelim, Goa 403505, India",4.4,5.0,ChIJIQ1C41u9vzsRKTT5nH0Crgw,"hindu_temple, place_of_worship, point_of_interest, establishment",Sattari (Valpoi),15.559473,74.0107072,,,['religious']
Three Kings Chapel,"9W62+679, Muder, Cansaulim, Consua, Goa 403712, India",4.3,3020.0,ChIJE-lpKHC3vzsRDHehd03s_ik,"tourist_attraction, church, place_of_worship, point_of_interest, establishment,religious,historical",Salcete (Margao),15.3605246,73.9007519,,,"['historical', 'religious']"
Capela de Santa Catarina de Alexandria,"GW36+953, Old Goa, Goa 403402, India",4.3,178.0,ChIJNcH7EPO-vzsRl1RKlSloJoI,"tourist_attraction, church, place_of_worship, point_of_interest, establishment,historical,religious",Salcete (Margao),15.503375,73.910435,,,"['historical', 'religious']"
Capela de São Sebastião,"Junction, Aguada - Siolim Rd, opposite Pinto Mansion, Arpora, Goa 403516, India",4.3,130.0,ChIJDyj6pBbqvzsR6PtSOPJwa9s,"church, place_of_worship, point_of_interest, establishment",Bardez (Mapusa),15.5634745,73.7647786,,,['religious']
The Banyan Tree,"MPP6+H2X, Arambol",4.3,120.0,ChIJQQ0EV1DuvzsRN1cweqHFutA,"hindu_temple, tourist_attraction, place_of_worship, point_of_interest, establishment",Bardez (Mapusa),15.6864792,73.7101138,,,['religious']
"Igreja de Nossa Senhora do Rosário, Davorlim","zorriwado, Davorlim, Goa 403707, India",4.3,106.0,ChIJIcr5FKuzvzsRoCWlPebf9kU,"church, place_of_worship, point_of_interest, establishment",Salcete (Margao),15.2697114,73.9938887,,,['religious']
Ancient Kadamba Shri Shiva Temple/ Nandi Bull,"7353+6XW, Cotta Chandor Goa, Kantivaddo Ravora, Chandor, Guirdolim, Goa 403714, India",4.3,92.0,ChIJ28ip8qKtvzsRlPcMLNDkz-E,"hindu_temple, place_of_worship, point_of_interest, establishment",Sanguem,15.258105,74.0549473,,,"['historical', 'nature', 'religious']"
St. Blaise Church,"GW6R+WHQ, Gandaulim",4.3,78.0,ChIJCzaAWSu8vzsRODO4wKXK2vs,"tourist_attraction, church, place_of_worship, point_of_interest, establishment",Tiswadi (Panaji),15.5123375,73.9414844,,,['religious']
"Shree Mahadev Temple, Curti श्री महादेवाचें देवुळ","C256+8V, Antruj Nagar, Ponda, Goa 403401, India",4.3,41.0,ChIJY9_m7827vzsRBalGANpQv_U,"hindu_temple, place_of_worship, point_of_interest, establishment",Ponda,15.4082937,74.0123176,,,['religious']
Stella Maris Chapel,"FRP6+9R3, Miramar, Panaji, Goa 403001, India",4.3,33.0,ChIJiXyiUOnAvzsRsbTtcH_NtJ8,"church, place_of_worship, point_of_interest, establishment",Tiswadi (Panaji),15.4858225,73.8121107,,,['religious']
Shree Vathadev temple,"119, Sarvan, Vatadev, Vathadev, Sarvan, Goa 403529, India",4.3,27.0,ChIJMfPLx0OWvzsRkxKAS7f-gDw,"hindu_temple, place_of_worship, point_of_interest, establishment",Bicholim,15.5900735,73.9633101,,,['religious']
Mhatrai Temple,"HWRP+MV4, Lamgaon, Dicholi, Goa 403504, India",4.3,20.0,ChIJxxSz7XeWvzsRa86rUhxRKHw,"hindu_temple, place_of_worship, point_of_interest, establishment",Bicholim,15.5916264,73.9372051,,,['religious']
Shri Brahmani Devasthan,"Dharge Sacorda, Darbandora, Surla, Goa 403406, India",4.3,7.0,ChIJ5acUFDMIvzsRh3dKfzKVgjs,"hindu_temple, place_of_worship, point_of_interest, establishment",Dharbandora,15.4419224,74.2337655,,,['religious']
Hanuman Temple,"C39M+PFW, Tisca, Darbandora, Goa 403406, India",4.2,29.0,ChIJW_k_0KWlvzsRYH090_3hFZo,"hindu_temple, place_of_worship, point_of_interest, establishment",Dharbandora,15.4193583,74.0837099,,,['religious']
Shri Dev Chidambar Temple Mhadei Wildlife Sanctuary,"H5WQ+P34, Nagargaon, Kodal, Goa 403506, India",4.2,5.0,ChIJLe0wiJafvzsRoPZPYzZ4XN8,"hindu_temple, place_of_worship, point_of_interest, establishment",Sattari (Valpoi),15.5967705,74.187701,,,"['nature', 'nightlife', 'religious']"
Malson Shoes,"Souza Towers, opposite Garcia de Orta Garden, next to Petisco, Near Panjim Church, Altinho, Panaji, Goa 403001, India",4.1,600.0,ChIJQ-Iqz4jAvzsRuj6Z94O3VjI,"tourist_attraction, park, point_of_interest, establishment",Tiswadi (Panaji),15.4997434,73.8282138,,,"['historical', 'nature', 'religious']"
St. Anthony Church,"52V5+4P9 St. Anthony church, Veroda Rd, Panzorconi, Cuncolim, Veroda, Goa 403703, India",4.0,62.0,ChIJa7vocElNvjsR1QPFZCLXAoY,"church, place_of_worship, point_of_interest, establishment",Salcete (Margao),15.1927933,74.0093659,,,['religious']
Somnath Temple,"529V+7M8, Adne, Cavorem, Goa 403703, India",4.0,27.0,ChIJKVfs0Y9SvjsRCZcavQ_xmCI,"hindu_temple, place_of_worship, point_of_interest, establishment",Sanguem,15.1682596,74.0444539,,,['religious']
Lamgao Buddhist Caves,"lamgao bicholim goa, lamgao, Dicholi, Goa 403504, India",3.9,295.0,ChIJ0epMpHiWvzsRIK8KYfUIWY8,"tourist_attraction, hindu_temple, place_of_worship, point_of_interest, establishment",Pernem,15.5959317,73.9365402,,,['religious']
Coco Heritage Resort Water Park & Swimming Pool,"near Goan Beach club, Baga-Arpora road, Arpora",3.4,358.0,ChIJ6z7MiyHqvzsRK5bfx4qcJTY,"tourist_attraction, amusement_park, point_of_interest, establishment",Tiswadi (Panaji),15.5690863,73.7534674,,,"['beaches', 'historical', 'nature', 'nightlife']"
Sahil Boat Trips,"Patnem canacona goa, South goa ,403702 Patnem beach, Canacona, Goa 403702, India",5.0,58.0,ChIJ471hdIlbvjsR_MMjI3PVPuE,"tourist_attraction, travel_agency, point_of_interest, establishment",Canacona,14.9991402,74.0321115,,,['beaches']
Rudra Boat Trip Talpona,"Jetty, Talpona, beach, Poingunin, Goa 403702, India",5.0,48.0,ChIJkX24D9ZbvjsRYzJ62aS4hP8,"tourist_attraction, point_of_interest, establishment",Canacona,14.9829136,74.0398425,,,['beaches']
National Flag mast,"FRWQ+485, Panaji - Farmagudi - Margao Hwy Bypass Rd, Patto Centre, Bambolim, Panaji, Goa 403001, India",5.0,8.0,ChIJZ3G-qP_BvzsRv6dY5BejKwo,"museum, point_of_interest, establishment",Tiswadi (Panaji),15.4952612,73.838359,,,['historical']
Mitansh_boat_trip,"End of palolem beach, end of road, Palolem, Canacona, Goa 403702, India",5.0,5.0,ChIJF0dLRrFFvjsRdCulOZjvCM8,"tourist_attraction, point_of_interest, establishment",Canacona,15.0136087,74.0160597,,,['beaches']
GOI - Glimpses Of India,"Talewada, Betora, Ponda, Goa 403409, India",5.0,4.0,ChIJAQAAALy6vzsRtmA7M6-XUpg,"museum, point_of_interest, establishment",Ponda,15.3820842,74.015019,,,['historical']
Srikarisapusiá Beach,"ROCKPOOL, 495, W Goa, 2, Vagator Beach Rd, Vagator, Anjuna, Goa 403509, India",5.0,3.0,ChIJuVglFADpvzsRWe4ZHq21IEw,"tourist_attraction, point_of_interest, establishment",Bardez (Mapusa),15.6066796,73.7323809,,,['beaches']
Shirgao Manas,"JV4V+4MW, Bicholim – Poira – Sirigao - Assonora, Corjuem, Shrigao, Goa 403503, India",5.0,2.0,ChIJG66IfgCVvzsR2SkN_eE_J88,"point_of_interest, establishment",Bicholim,15.6052223,73.8939276,,,['religious']
Kolz Bon Beach Wedding,"81/5, Palolem, Canacona, Goa 403702, India",5.0,2.0,ChIJsdnjfXRFvjsR2vumsP9H730,"tourist_attraction, point_of_interest, establishment",Canacona,15.0038117,74.0265002,,,['beaches']
Sunset point,"5623+WG3, Unnamed Road, Vaddem Colony Number 1, Portem, Portem",5.0,2.0,ChIJpSowvlpVvjsRdNVJgZ7DN_8,"tourist_attraction, point_of_interest, establishment",Canacona,15.1522518,74.2038039,,,['photography']
Old baniyan Tree GOA-Madgaon,"7XM4+HPM, Colva Circle, Fatorda, Madgaon",5.0,1.0,ChIJVXc7FQCzvzsRgyweRRDa-Ls,"tourist_attraction, point_of_interest, establishment",Salcete (Margao),15.2839617,73.9568038,,,['historical']
GYAN DOLPHIN TRIP,"Main beach road, near sumitra stores, Patnem, Palolem, Canacona, Goa 403702, India",5.0,1.0,ChIJPZEPUclbvjsRdFNAz4pypIk,"tourist_attraction, point_of_interest, establishment",Canacona,14.9978902,74.033415,,,"['beaches', 'shopping']"
Palolem boat kayaking backwater,"Beach, near st.cruz chapel, Palolem, Canacona, Goa 403702, India",4.9,107.0,ChIJRwiKArBFvjsRWln8gzgJsjU,"tourist_attraction, point_of_interest, establishment",Canacona,15.0130747,74.0159922,,,"['adventure', 'beaches', 'religious']"
Untamed west - Birding in Goa,"St. Roque vaddo, Kolval, Bardez, Goa 403513, India",4.9,41.0,ChIJk3BdDU_rvzsRfX3StPRPCP4,"park, point_of_interest, establishment, wildlife experience, bird watching, guided tours, photography",Pernem,15.6435292,73.8352628,,,"['nature', 'nightlife', 'photography']"
Dream Beach,"9R8P+3MC, Bogmalo, Goa 403806, India",4.9,7.0,ChIJDSI10u7JvzsR4lzwLqAN-nk,"park, point_of_interest, establishment",Mormugao (Vasco),15.3651972,73.8366373,,,"['beaches', 'nature']"
Cabo de Rama Beach,"Cabo de Rama Beach Beach in, Canaguinim, Goa 403703, India",4.8,317.0,ChIJ008IwKFJvjsRgM2w8Nyy_JM,"tourist_attraction, point_of_interest, establishment",Canacona,15.1048786,73.9251187,,,['beaches']
NCPOR Sunset Point,"9QWR+W9J, Unnamed Road, Alto Desterro, Mormugao, Goa 403803, India",4.8,20.0,ChIJRf-Nh2PHvzsRDtdgPz_kCfk,"park, point_of_interest, establishment",Mormugao (Vasco),15.3973406,73.7908956,,,"['nature', 'photography']"
Beach Viewpoint,"224G+2R4, Ourem Rd, south end, Palolem, Canacona, Goa 403702, India",4.8,16.0,ChIJ3SiDDgBFvjsRHoWQyxC7GvU,"tourist_attraction, point_of_interest, establishment",Canacona,15.005029,74.0268043,,,"['beaches', 'scenic']"
Pathway to Beach,"227F+39J, Dr Pundlik Gaitonde Rd, Palolem, Canacona, Goa 403702, India",4.8,4.0,ChIJCZ77HmNFvjsR7r5jIYFwtnA,"tourist_attraction, point_of_interest, establishment",Canacona,15.0127021,74.0233801,,,['beaches']
Patnem Beach,"Patnem Beach, Goa, India",4.7,1796.0,ChIJI7UxkMpavjsRkdcBv7fN0QA,"natural_feature, establishment",Quepem,14.9968861,74.0335008,,,['beaches']
Galgibaga Beach,"Galgibaga Beach, Goa, India",4.7,1386.0,ChIJn2moOTxbvjsRKbW2KRy9wZ4,"natural_feature, establishment",Canacona,14.9600472,74.0495654,,,['beaches']
Hunger burst Bistro,"Heritage Princes Building, opp. Almeida school, Khadpabandh, Ponda, Goa 403401, India",4.7,1054.0,ChIJQ5iQZDO7vzsRLUtZG3vXSxg,"cafe, night_club, restaurant, food, bar, point_of_interest, store, establishment",Ponda,15.400977,74.003582,,,"['food', 'historical', 'nightlife', 'shopping']"
Kakolem Beach,"Kakolem Beach, Goa 403702, India",4.7,1036.0,ChIJW-Ysb8NOvjsRaPP6mUZFoXc,"natural_feature, establishment",Pernem,15.073137,73.9546265,,,['beaches']
Talpona Beach,"Talpona Beach, Goa, India",4.7,469.0,ChIJrWx_htdavjsRuZH5wuHKgRA,"natural_feature, establishment",Canacona,14.9780088,74.0419464,,,['beaches']
Heritage Exotica Villa,"Villa A1, Heritage Exotica, Bardez, Arpora, Goa 403516, India",4.7,256.0,ChIJ7e3F0u7rvzsRiushDCJTilg,"point_of_interest, establishment",Bardez (Mapusa),15.5699222,73.7688268,,,"['historical', 'nightlife']"
Sunset View Point,"JQ62+2QC, Assagao, Goa 403512, India",4.7,124.0,ChIJF9pAmLXrvzsR7y9eQPFouKs,"tourist_attraction, point_of_interest, establishment",Bardez (Mapusa),15.6100663,73.7518765,,,"['photography', 'scenic']"
Agonda Beach,"Agonda Beach Rd, Agonda, Goa 403702, India",4.7,106.0,ChIJsZjTYDtPvjsRJSOzYdXqIjU,"tourist_attraction, point_of_interest, establishment",Canacona,15.0469828,73.9846745,,,['beaches']
Palolem Rocks Sunset Point,"2267+5CH, Anjadip, Chauri, Goa 403702, India",4.7,82.0,ChIJ83MY3bRFvjsRMiCicsc7Q40,"tourist_attraction, point_of_interest, establishment",Canacona,15.0108021,74.0127612,,,['photography']
Dharohar : National Museum of Customs and GST,"GR2H+C75 Captain & Port, Avenida Dom João de Castro, opp. Jetty, Ozari, Panaji, Goa 403001, India",4.7,78.0,ChIJTz2sLQXBvzsRZHM8YsJ-kVk,"museum, point_of_interest, establishment",Tiswadi (Panaji),15.501018,73.8282409,,,"['beaches', 'historical']"
Dharohar: National Museum of Customs & GST,"GR2H+C75, Avenida Dom João de Castro, Opp. Jetty Captain & Port, Ozari, Panaji, Goa 403001, India",4.7,75.0,ChIJ6S4n7IjAvzsRdRnA6yvbsQk,"tourist_attraction, museum, point_of_interest, establishment",Tiswadi (Panaji),15.501018,73.8282409,,,"['beaches', 'historical']"
Beach Sun set View Point,"CQ4P+PFM, Headland Sada, Vasco Da Gama, Mormugao, Goa 403804, India",4.7,48.0,ChIJuzunganHvzsRn9Vmk-FqYs8,"tourist_attraction, point_of_interest, establishment",Mormugao (Vasco),15.4068494,73.7861705,,,"['beaches', 'scenic']"
Sunset Point,"Anjuna, Vagator, Goa 403509, India",4.7,46.0,ChIJnemhO4rpvzsRcIfLZ5I1_JY,"tourist_attraction, point_of_interest, establishment",Bardez (Mapusa),15.5896849,73.7350371,,,['photography']
MORJIM BEACH NORTH GOA,"943, Morjim Beach Road, Morjim, Goa 403512, India",4.7,23.0,ChIJXxFhXA_pvzsRvAtB8uO7J_8,"tourist_attraction, point_of_interest, establishment",Pernem,15.6278365,73.7281319,,,['beaches']
Old Bridge Curpem,"45HQ+8HX, Kurpe",4.7,6.0,ChIJkW4juaNVvjsR4GJEu-QDzhM,"tourist_attraction, point_of_interest, establishment",Canacona,15.1283741,74.188976,,,['historical']
Palolem Beach,"Palolem Beach, Goa, India",4.6,28949.0,ChIJuwJb0FFFvjsR9bsPS33GGx4,"natural_feature, establishment, beach, relaxation, scenic, nightlife, water sports",Canacona,15.0099648,74.0232186,,,"['adventure', 'beaches', 'nightlife', 'relaxation', 'scenic', 'water sports']"
BENZ WAX MUSEUM & FISH AQUARIUM,"Junction, Calangute - Arpora Rd, near Arpora, Arpora, Goa 403516, India",4.6,27315.0,ChIJaQVTa_LrvzsRHDEKtziA-JE,"museum, point_of_interest, establishment",Bardez (Mapusa),15.5609664,73.7636452,,,['historical']
Arambol Beach,"Arambol Beach, Goa, India",4.6,12992.0,ChIJU2YT71LuvzsRFgfxISbKed0,"natural_feature, establishment",Bardez (Mapusa),15.6846886,73.7032836,,,['beaches']
Cola Beach,"Cola Beach Rd, Kola, Goa 403702, India",4.6,11157.0,ChIJN7gFSwNPvjsRikm58eoZL_U,"tourist_attraction, point_of_interest, establishment,beach",Canacona,15.0573292,73.9718316,,,['beaches']
Morjim Beach,"JPHH+36R, Morjim, Goa 403512, India",4.6,8145.0,ChIJL0YJ38ruvzsRmbkATYIiC40,"point_of_interest, establishment, beach, relaxation, scenic, photography",Pernem,15.6277403,73.7280048,,,"['beaches', 'photography', 'relaxation', 'scenic']"
W Goa,"Vagator Beach, Bardez, Goa, 403509, India",4.6,7783.0,ChIJn3MIgG_pvzsRfuIlXe1SYEY,"lodging, point_of_interest, establishment",Bardez (Mapusa),15.6024636,73.7369477,,,"['beaches', 'nightlife']"
Naval Aviation Museum,"Bogmalo Road, Vasco Da Gama, Bogmalo, Goa 403806, India",4.6,7127.0,ChIJoW7X1f7HvzsRsbml_wpjpE4,"tourist_attraction, museum, point_of_interest, establishment",Salcete (Margao),15.3746494,73.8387763,,,['historical']
Mandrem Beach,"MP95+VR7, Near Chopdem, Mandrem, Goa 403527, India",4.6,6875.0,ChIJ0YVAXejuvzsRwE5XWdcQbO4,"tourist_attraction, point_of_interest, establishment, beach, relaxation, scenic, photography, peaceful",Bardez (Mapusa),15.6696522,73.7095472,,,"['beaches', 'peaceful', 'photography', 'relaxation', 'scenic']"
Keri Beach,"PM6R+VQ5, Querim, Goa 403524, India",4.6,4445.0,ChIJ4ayK8NDvvzsR78k8dPh_ryw,"tourist_attraction, point_of_interest, establishment,beach",Pernem,15.7087743,73.6929842,,,['beaches']
Ashvem Beach,"Ashvem Beach, Goa, India",4.6,2570.0,ChIJx3JytMXuvzsRl1R6ni18FbY,"natural_feature, establishment",Pernem,15.6437966,73.7174025,,,['beaches']
Morjhim Beach,"Morjhim Beach, Morjim, Goa 403512, India",4.6,2050.0,ChIJFUx4sUjpvzsRODyBpvAASV0,"natural_feature, establishment",Pernem,15.6246696,73.7292137,,,['beaches']
AAA All About Alcohol Museum,"Main Road, Candolim, Goa 403515, India",4.6,2010.0,ChIJ2dIMYnfBvzsREa3ZA2AyWyw,"museum, point_of_interest, establishment",Bardez (Mapusa),15.5095841,73.7693015,,,['historical']
Querim Beach,"Querim Beach, Goa, India",4.6,1494.0,ChIJ4-pZ_tDvvzsRA_whdNQx120,"natural_feature, establishment",Bardez (Mapusa),15.7192093,73.6900414,,,['beaches']
Morjim Beach Goa,"Tem, Morjim, Goa 403512, India",4.6,1446.0,ChIJr4aj2XbpvzsR0tYp5LuuRh8,"point_of_interest, establishment",Pernem,15.6173203,73.7335798,,,['beaches']
Arambol Mountain,"MMVX+9QV, near beach, Arambol, Goa 403524, India",4.6,1062.0,ChIJm4dSXLPvvzsRL6X7fFMDKVI,"tourist_attraction, point_of_interest, establishment",Pernem,15.6934972,73.6994326,,,['beaches']
Cavelossim Beach,"5WCR+QPX, Cavelossim Rd, Cavelossim, Goa 403731, India",4.6,949.0,ChIJLYXba5JNvjsR3qfx825JZX8,"point_of_interest, establishment,beach",Salcete (Margao),15.1719963,73.9418611,,,['beaches']
Mobor Beach,"Mobor Beach, India",4.6,916.0,ChIJqXb8dYZMvjsRxawF2w4G7zU,"natural_feature, establishment",Salcete (Margao),15.1563886,73.9457178,,,['beaches']
"Palolem Beach, GOA","225G+83J, Mohanbagh, Palolem, Canacona, Goa 403702, India",4.6,828.0,ChIJr7GCQHpbvjsRTjE2wcXpE_I,"tourist_attraction, point_of_interest, establishment,beach",Canacona,15.0083261,74.0251467,,,['beaches']
Morgim Beach,"Morgim Beach, Morjim, Goa 403512, India",4.6,648.0,ChIJLcOVXEPpvzsRI3q63F4VEf0,"natural_feature, establishment",Pernem,15.6154449,73.7363853,,,['beaches']
Cola beach kayaking - ADI kayaking service,"Cola Beach Rd, Canacona, Kola, Goa 403702, India",4.6,505.0,ChIJXwPVMhdbvjsRu59-xLH3ecw,"tourist_attraction, travel_agency, point_of_interest, store, establishment,adventure",Canacona,15.0573791,73.9713667,,,"['adventure', 'beaches', 'shopping']"
Sinquerim Beach,"FQX8+MXF, Sinquerim, Candolim, Goa 403519, India",4.6,481.0,ChIJM5xmqdrBvzsR0UQsbvbKJDA,"tourist_attraction, point_of_interest, establishment,beach",Bardez (Mapusa),15.4991764,73.7674326,,,['beaches']
Benaulim beach,"7W39+7X7, Benaulim, Goa 403716, India",4.6,476.0,ChIJK01FI2K1vzsRoVMmY1ivMpE,"tourist_attraction, point_of_interest, establishment,beach",Salcete (Margao),15.2531713,73.9199206,,,['beaches']
"De Soul Santé, Morjim Beach","Vithaldas wada, Pernem, Goa 403512, India",4.6,456.0,ChIJwwVBkKDpvzsR9fnvm-vckIU,"lodging, restaurant, food, point_of_interest, clothing_store, store, establishment",Pernem,15.6289499,73.7274457,,,"['beaches', 'food', 'shopping']"
Majorda beach,"8W63+F4J, Majorda, Goa 403713, India",4.6,337.0,ChIJwTfthqi3vzsRpAgUskiy6l4,"tourist_attraction, point_of_interest, establishment",Salcete (Margao),15.3112107,73.9027669,,,['beaches']
Vagator Hill View,"Chapora Fort Trail, Vagator, Goa 403509, India",4.6,320.0,ChIJNb7bl2jpvzsRQJxMZFXA3vo,"park, point_of_interest, establishment",Bardez (Mapusa),15.6009571,73.7342742,,,"['fort', 'historical', 'nature', 'scenic']"
Sinquerim Fort view Point,"FQX7+2XG, Below Taj holiday village Sinquerim, beach, Aguada Fort Area, Candolim, Goa 403515, India",4.6,308.0,ChIJTYvlxXfBvzsRoLIpck2UZqE,"tourist_attraction, point_of_interest, establishment",Bardez (Mapusa),15.4975629,73.7649449,,,"['beaches', 'fort', 'historical', 'scenic']"
Relics Of St. Francis Xavier,"GW26+8M8, Old Goa Road, Old Goa, Goa 403402, India",4.6,283.0,ChIJ3VHkufK-vzsR-qTYDyPRyq4,"tourist_attraction, place_of_worship, point_of_interest, establishment",Salcete (Margao),15.5007713,73.9116972,,,['historical']
Turtle Beach,"Turtle Beach, Poingunin, Goa 403702, India",4.6,211.0,ChIJoz6KFzxbvjsR3KwmyqFf0QY,"natural_feature, establishment",Canacona,14.9599248,74.0489962,,,['beaches']
Archbishop's Palace,"FRRG+QF7, Altinho, Panaji, Goa 403001, India",4.6,201.0,ChIJK7CL6JHAvzsRcYYIaKrhVJw,"point_of_interest, establishment",Tiswadi (Panaji),15.491944,73.8261593,,,['historical']
Betul Sunset View Point,"Betul, Sunset View Road, Canaguinim, Kital, Goa 403703, India",4.6,179.0,ChIJ87fxBUVNvjsRn8s2mcO3RdU,"tourist_attraction, point_of_interest, establishment",Salcete (Margao),15.1310793,73.9384004,,,"['photography', 'scenic']"
Turtle Beach Morjim,"JP7P+WRQ, Kannaikwada, Morjim, Goa 403512, India",4.6,172.0,ChIJwy5iUwvpvzsRbT4ZrrFPizk,"tourist_attraction, point_of_interest, establishment",Pernem,15.6148324,73.7371049,,,['beaches']
Varca Beach,"6WRF+4FQ, Beach, Fatrade, Varca, Goa 403721, India",4.6,148.0,ChIJTZdY_DS1vzsRVovHOR5eyQM,"tourist_attraction, point_of_interest, establishment",Salcete (Margao),15.2403367,73.923747,,,['beaches']
Convent of Santa Monica and The Chapel of The Weeping Cross,"GW24+CXQ Monte Santo, Old Goa, Goa 403402, India",4.6,111.0,ChIJ1TGrOvK-vzsR97M1pNwn4yY,"tourist_attraction, place_of_worship, point_of_interest, establishment",Salcete (Margao),15.5009908,73.9073793,,,"['historical', 'religious']"
KA-GO Border Beach,"W32M+PVH, Loliem, Goa 403728, India",4.6,66.0,ChIJl9-1rQtdvjsREn9dtrSRftE,"tourist_attraction, point_of_interest, establishment,beach",Canacona,14.901806,74.0847427,,,['beaches']
Cola backwaters kayaking spot,"Cola Beach Rd, Canacona, Kola, Goa 403702, India",4.6,57.0,ChIJD4hhuDtPvjsR_Wfabyrh0oQ,"tourist_attraction, point_of_interest, establishment",Canacona,15.05696,73.9714593,,,"['adventure', 'beaches']"
Anjuna Beach,"Monteiro Vaddo, Anjuna, Goa 403509, India",4.6,41.0,ChIJb2Nex3jpvzsRkBsDLIIHGBE,"tourist_attraction, point_of_interest, establishment",Bardez (Mapusa),15.5761254,73.7403916,,,['beaches']
Candolim Beach Entry Gate,"573, Candolim Beach Rd, Candolim, Goa 403515, India",4.6,40.0,ChIJER7Qg7HBvzsRuBcwWRhOKv0,"tourist_attraction, point_of_interest, establishment",Bardez (Mapusa),15.5181114,73.7638247,,,['beaches']
Farmagudi Fort,"CX7Q+2PW, NH 4A, Donshiwado, Ponda, Bandiwada, Goa 403401, India",4.6,18.0,ChIJ__-_zvC6vzsRSPY1enbIgUw,"point_of_interest, establishment",Ponda,15.412509,73.9891553,,,"['fort', 'historical']"
Sunrise point,"F269+H3, Vagurbem",4.6,18.0,ChIJb8pV5c27vzsRv-jsoOQq0FM,"tourist_attraction, point_of_interest, establishment",Ponda,15.4612762,74.0165643,,,['photography']
"Indian National Flag, Aguada Fort","FQVF+6JF, Fort Aguada Rd, Aguada Fort Area, Candolim, Goa 403515, India",4.6,10.0,ChIJWwq-JwDBvzsRBcwj98mY6D0,"point_of_interest, establishment",Bardez (Mapusa),15.4929398,73.774347,,,"['fort', 'historical']"
Condy Fort,"6XGC+MPX, Sirlim, Devsua, Goa 403725, India",4.6,8.0,ChIJUdbhLgCzvzsRX99wRRZe8D0,"point_of_interest, establishment",Salcete (Margao),15.2265769,73.9720064,,,"['fort', 'historical']"
Palolem beach Mr Lucky Boat service,"Palolem, Canacona, Goa 403702, India",4.6,5.0,ChIJE5JEvypFvjsRkHpy_9BiESo,"tourist_attraction, point_of_interest, establishment",Canacona,15.010524,74.0225425,,,['beaches']
Candolim Beach,"Candolim Beach Rd, Candolim, Goa 403515, India",4.5,42536.0,ChIJv9F7IjzBvzsR70r6HmyML_o,"tourist_attraction, point_of_interest, establishment,beach",Bardez (Mapusa),15.5179749,73.7626122,,,['beaches']
Baga Beach,"Tito's Ln, Baga, Calangute, Goa 403516, India",4.5,41273.0,ChIJwwC70xzqvzsRwtCdkhYXhE0,"point_of_interest, establishment,beach,nightlife",Bardez (Mapusa),15.5581911,73.7506843,,,"['beaches', 'nightlife']"
Sinquerim Fort,"FQX8+9GH, Candolim, Goa, India",4.5,18599.0,ChIJ2SyWw3XBvzsREmaXkve8H78,"tourist_attraction, point_of_interest, establishment,fort,historical",Bardez (Mapusa),15.4984466,73.7663559,,,"['fort', 'historical']"
Hill Top Goa,"Hilltop, Ozran Beach Rd, near St. Michael's School, Vagator, Goa 403509, India",4.5,6599.0,ChIJDz2o1n7pvzsRlVYVpfwcGg0,"point_of_interest, establishment,nightlife",Bardez (Mapusa),15.5931968,73.7423909,,,"['beaches', 'nightlife']"
Majorda Beach,"Majorda Beach, Goa, India",4.5,6217.0,ChIJg8LF7u22vzsR2c7E-5SsnVs,"natural_feature, establishment, beach, peaceful, scenic, photography, relaxation",Salcete (Margao),15.3111553,73.9018114,,,"['beaches', 'peaceful', 'photography', 'relaxation', 'scenic']"
Vagator Beach Sunset Point,"JP2M+CFM, Vagator Beach Rd, Vagator, Goa 403509, India",4.5,5524.0,ChIJww0daCnpvzsR09UMQ9s7oFk,"tourist_attraction, point_of_interest, establishment",Bardez (Mapusa),15.601075,73.733682,,,"['beaches', 'photography']"
Butterfly Beach,"Butterfly Beach, Devalkajjan, Goa 403702, India",4.5,5209.0,ChIJ8YfoFopPvjsRJzVErf5JQok,"natural_feature, establishment",Canacona,15.0196019,74.001647,,,"['beaches', 'nature']"
"Sernabatim Beach, Colva","7W78+GQP, Colva, Benaulim, Goa 403708, India",4.5,2513.0,ChIJLVsgjRS0vzsRQl0jQVGvgJI,"tourist_attraction, point_of_interest, establishment, beach, relaxation, scenic, photography, peaceful",Salcete (Margao),15.2638375,73.9169531,,,"['beaches', 'peaceful', 'photography', 'relaxation', 'scenic']"
Ozran Beach,"Ozran Beach, Anjuna, Goa, India",4.5,2262.0,ChIJuyzTNnfpvzsRbeKRVdrY7wo,"natural_feature, establishment, beach, relaxation, scenic, nightlife",Bardez (Mapusa),15.593719,73.7344677,,,"['beaches', 'nightlife', 'relaxation', 'scenic']"
Butterfly Beach Goa,"2292+RMJ, Butterfly Beach Rd, Devalkajjan, Goa 403702, India",4.5,2000.0,ChIJe86NrwdPvjsRFvqcDwHvsqk,"tourist_attraction, point_of_interest, establishment,beach,nature",Canacona,15.0195801,74.001638,,,"['beaches', 'nature']"
Vagator Beach View,"HPXM+Q9F, Vagator, Goa 403509, India",4.5,1852.0,ChIJc5ouLHDpvzsR9nHjejLY4e4,"tourist_attraction, point_of_interest, establishment,beach,viewpoint",Bardez (Mapusa),15.5994407,73.7334125,,,"['beaches', 'scenic']"
Sunset Beach,"Sunset Beach, Goa, India",4.5,1735.0,ChIJ4evHw5O2vzsRl0btkGSiHIg,"natural_feature, establishment",Salcete (Margao),15.3012749,73.9049348,,,"['beaches', 'photography']"
Betalbatim Beach,"7WV5+464, Fatona, Betalbatim, Goa 403713, India",4.5,1431.0,ChIJyUH4oJm2vzsRfO9h7HYF6CE,"point_of_interest, establishment",Salcete (Margao),15.2927539,73.908082,,,['beaches']
Kaurati's Caves,"Unnamed Road, Aguada Fort Area, Candolim, Goa 403515, India",4.5,1204.0,ChIJnRktZeLBvzsR0FO3uIXpDqk,"tourist_attraction, point_of_interest, establishment",Bardez (Mapusa),15.4942477,73.7666941,,,"['fort', 'historical']"
Sea Queen Beach Resort & Spa,"96/5.5, Beach Road, Fatona, Colva, Betalbatim, Goa 403713, India",4.5,1108.0,ChIJOfwpabm3vzsRgPj1ugTS_JQ,"bar, spa, lodging, restaurant, point_of_interest, food, establishment",Salcete (Margao),15.2881587,73.9123698,,,"['beaches', 'food', 'nightlife']"
Utorda Beach,"8V9X+RCV, Utorda, Goa 403713, India",4.5,1015.0,ChIJFX_X4vq2vzsRD8vMc2kuQ8Q,"point_of_interest, establishment",Mormugao (Vasco),15.3196183,73.8985491,,,['beaches']
"Cabo View Point, Panjim","FQ5X+V23, Raj Bhavan Rd, Dona Paula Jetty, Panaji, Goa 403004, India",4.5,848.0,ChIJAZNVij_BvzsRdAHEnNaGR6o,"tourist_attraction, point_of_interest, establishment",Tiswadi (Panaji),15.4596433,73.7975451,,,"['beaches', 'scenic']"
Betul Beach,"Betul Beach, Mobor Beach, Goa, India",4.5,838.0,ChIJRb4XN2NMvjsRSIXR2ceIhxM,"natural_feature, establishment",Salcete (Margao),15.1464602,73.9481058,,,['beaches']
Polem Beach,"Polem Beach, Goa, India",4.5,821.0,ChIJzY0CZ15cvjsRF1OibJhH4VE,"natural_feature, establishment",Canacona,14.9083424,74.0818743,,,['beaches']
Carmona Beach,"Carmona Beach, Goa, India",4.5,819.0,ChIJVZpSmqm0vzsRI8XB5yFFocQ,"natural_feature, establishment",Salcete (Margao),15.2010731,73.9337777,,,['beaches']
Rajbag Beach,"Rajbag Beach, Goa, India",4.5,751.0,ChIJjfn2ZM5avjsRcWvuVzdlk_8,"natural_feature, establishment",Canacona,14.9850204,74.038458,,,['beaches']
Aguada Rocky Beach,"Aguada Rocky Beach, Unnamed Rd, Aguada Fort Area, Candolim, Goa 403515, India",4.5,626.0,ChIJFWX6VHLBvzsRrtY68GrdDNA,"natural_feature, establishment",Bardez (Mapusa),15.4916426,73.7681518,,,"['beaches', 'fort', 'historical']"
The Figueiredo Mansion,"Loutolim, Goa 403718, India",4.5,587.0,ChIJl4dvbvewvzsRIpK7JrHcKrI,"museum, lodging, point_of_interest, establishment",Salcete (Margao),15.3464604,73.979126,,,['historical']
Pebbles Beach,"3WPC+MVG, Kola, Canaguinim, Goa 403703, India",4.5,572.0,ChIJnTm8NW1JvjsRxn2viLfxvko,"tourist_attraction, park, point_of_interest, establishment, beach, peaceful, scenic, photography, relaxation",Canacona,15.0866772,73.9222132,,,"['beaches', 'nature', 'peaceful', 'photography', 'relaxation', 'scenic']"
Sernabatim Beach,"Sernabatim Beach, Goa, India",4.5,547.0,ChIJDTRXTxS0vzsR1ETHp5kr9GQ,"natural_feature, establishment",Salcete (Margao),15.2667239,73.9150395,,,['beaches']
Siridao Rock Beach,"CVP6+877, Siridao, Goa 403108, India",4.5,495.0,ChIJty0vRly5vzsR89Oss_mrsjU,"tourist_attraction, point_of_interest, establishment",Tiswadi (Panaji),15.435788,73.8606813,,,['beaches']
Sunset View Point Colva,"7WF7+WCW, Colva, Goa 403708, India",4.5,425.0,ChIJNwkLZhi0vzsRBmJE7qIZZ_Q,"tourist_attraction, point_of_interest, establishment",Salcete (Margao),15.2748536,73.9135851,,,"['photography', 'scenic']"
Gonsua Betalbatim Beach,"Pacheco Vaddo, Gansua, Betalbatim, Goa 403713, India",4.5,391.0,ChIJg5uysxq3vzsRO8TaBsR85ts,"tourist_attraction, point_of_interest, establishment",Salcete (Margao),15.3072064,73.9030586,,,['beaches']
Way To Palolem Beach,"226P+CG2, MDR49, Nagorcem, Canacona, Goa 403702, India",4.5,389.0,ChIJhaL1c65avjsRRD7QuD02P7w,"tourist_attraction, point_of_interest, establishment",Canacona,15.0110003,74.0362607,,,['beaches']
Canaguinim Beach,"Canaguinim Beach, Canaguinim, Goa, India",4.5,338.0,ChIJHVpLy3RMvjsRguxvHH40oYs,"natural_feature, establishment",Salcete (Margao),15.1269262,73.9402071,,,['beaches']
Galeria de Arte da Basílica do Bom Jesus,"GW26+7GW, National Hwy 4A Bypass Rd, Old Goa, Goa 403402, India",4.5,329.0,ChIJW5wLvPK-vzsRcm-uEwdR0EI,"art_gallery, point_of_interest, establishment",Salcete (Margao),15.5008576,73.9113513,,,"['historical', 'religious']"
Varca Beach @ Club Mahindra Varca Beach Resort,"Club Mahindra Beach Resort, Beach, Fatrade, Varca, Goa 403721, India",4.5,295.0,ChIJL1ecGyW1vzsRd-2niHP2vwk,"tourist_attraction, lodging, point_of_interest, establishment",Salcete (Margao),15.2237671,73.9289228,,,"['beaches', 'nightlife']"
Goa The Village Agonda,"279/a dawalkhazen agonda Agonda beach road dawalkhazen agonda, Canacona, Goa 403702, India",4.5,265.0,ChIJzQbI6HVPvjsRUeyFZPkd-TM,"bar, lodging, restaurant, food, health, point_of_interest, establishment",Canacona,15.0471503,73.9851229,,,"['beaches', 'food', 'nightlife']"
Boho By The Beach,"Boho By The Beach, 1384/A, Teamwaddo Pernem, Morjim, Goa 403512, India",4.5,263.0,ChIJ22z3Yi7pvzsRZdq92PiJDlw,"lodging, health, point_of_interest, establishment",Pernem,15.6234773,73.732984,,,['beaches']
Colomb Beach,"Colomb Beach, Goa, India",4.5,237.0,ChIJ0ROleEtFvjsRqkMyxRepPu8,"natural_feature, establishment",Canacona,15.0026499,74.0271825,,,['beaches']
Francoise beach,"GQ67+JV3, Candolim, Goa 403515, India",4.5,220.0,ChIJQfjVvdbBvzsRMto7GRPLuBA,"tourist_attraction, point_of_interest, establishment",Bardez (Mapusa),15.5114419,73.7646301,,,['beaches']
Small Cola Beach,"Chota, Cola Beach, Kola, Goa 403511, India",4.5,218.0,ChIJr4Fm6uNOvjsRC329aus11sA,"tourist_attraction, point_of_interest, establishment",Pernem,15.0652079,73.9674837,,,"['beaches', 'shopping']"
Kalacha Beach,"Kalacha Beach, Goa, India",4.5,190.0,ChIJ20Jku7XvvzsRPk38pE7DnSw,"natural_feature, establishment",Pernem,15.6977812,73.6971985,,,['beaches']
Estátua de Jesus,"GW37+J6H, Old Goa, Goa 403402, India",4.5,144.0,ChIJUW7ot4y-vzsROtZKFppwIhI,"point_of_interest, establishment",Salcete (Margao),15.504073,73.9131182,,,['historical']
South Goa Beach,"7WJ7+22, Fatona, Colva, Goa 403708, India",4.5,110.0,ChIJQe7CZFC1vzsRneBmVt-Em5k,"tourist_attraction, point_of_interest, establishment",Salcete (Margao),15.2796582,73.912281,,,['beaches']
Dudhsagar Watchtower,"8857+H9Q, Sonauli",4.5,59.0,ChIJCSnWIz8DvzsR5eMWjTFqWYI,"tourist_attraction, point_of_interest, establishment",Quepem,15.309264,74.3130526,,,['historical']
Khareban Sunset & Fishing Point,"PQGP+3J, Pernem, Pernam Municipal Area, Goa 403512, India",4.5,45.0,ChIJf6_1wj_tvzsRsCAWdsRpk_Y,"tourist_attraction, park, point_of_interest, establishment",Pernem,15.7251585,73.7865024,,,"['nature', 'photography']"
Japanese Beach,"CQ4P+PFM, Headland Sada, Vasco Da Gama, Mormugao, Goa 403804, India",4.5,37.0,ChIJlVnNLwDHvzsR2HLCAvOgE5w,"tourist_attraction, point_of_interest, establishment",Mormugao (Vasco),15.4059645,73.7863033,,,['beaches']
Aguada fort photoshoot point,"FQRF+QJR, Aguada Fort Area, Candolim, Goa 403515, India",4.5,32.0,ChIJayK1XwDBvzsROqDbHKhn5u0,"tourist_attraction, point_of_interest, establishment",Bardez (Mapusa),15.4916926,73.7739531,,,"['fort', 'historical', 'photography']"
Dragonfly Beach,"2294+8Q, Canacona, Chauri, Goa 403702, India",4.5,22.0,ChIJZ74AN0FFvjsRzdj0wEYZ5c4,"tourist_attraction, point_of_interest, establishment",Canacona,15.0182525,74.0069794,,,['beaches']
Praça de Igreja View Point,"FRXH+FP6, near chapel of our lady ( 17th century chapel, Altinho, Verem, Panaji, Goa 403001, India",4.5,13.0,ChIJedQc-I3BvzsRDL_D9wwMYMw,"tourist_attraction, point_of_interest, establishment",Tiswadi (Panaji),15.4986381,73.8292639,,,"['religious', 'scenic']"
aivão creek,"FQ5X+VF6, Aivão Beach Rd, Caranzalem, Dona Paula, Panaji, Goa 403004, India",4.5,11.0,ChIJnRvRiQrBvzsRPkEINzhZkHU,"tourist_attraction, point_of_interest, establishment",Tiswadi (Panaji),15.4596692,73.7986398,,,['beaches']
Sada beach,"CQ4P+HJ3, Marmugao Port Trust Colony, Vasco Da Gama, Mormugao, Goa 403804, India",4.5,8.0,ChIJ73lVbwDHvzsRjcDsuc01CpM,"tourist_attraction, point_of_interest, establishment",Mormugao (Vasco),15.4063837,73.7865601,,,['beaches']
Praia da Luis e Cris / beach,"House No: 270, Neptune Point Colomb Beach, via, Palolem, Canacona, Goa 403702, India",4.5,6.0,ChIJ41Yv36dFvjsRXFiUkgGKvvw,"tourist_attraction, point_of_interest, establishment",Canacona,15.0022031,74.0283995,,,['beaches']
Calangute Beach,"Calangute Beach, Goa, India",4.4,29353.0,ChIJK-30SAHqvzsRF30lXa0vWcs,"natural_feature, establishment, beach, nightlife, shopping, scenic, water sports",Bardez (Mapusa),15.549441,73.7534857,,,"['adventure', 'beaches', 'nightlife', 'scenic', 'shopping', 'water sports']"
Cabo de Rama Fort,"3WQC+GJ8, Taluka Cabo da Rama, Canacona, Goa 403702, India",4.4,15290.0,ChIJy1w3MFFJvjsRW9cTbAchLdw,"tourist_attraction, point_of_interest, establishment,fort,historical",Canacona,15.0887849,73.9215933,,,"['fort', 'historical']"
Vagator Beach,"Vagator Beach, Anjuna, Goa, India",4.4,12983.0,ChIJrwFB_W7pvzsRAxuEMqa-5x8,"natural_feature, establishment",Bardez (Mapusa),15.6029835,73.733627,,,['beaches']
Archaeological Survey of India,"GW36+79H, Old Goa, Goa 403402, India",4.4,11103.0,ChIJk8ZOOfO-vzsRKrPdHNmlgSE,"museum, point_of_interest, establishment",Salcete (Margao),15.5031845,73.9109878,,,['historical']
The Southern Deck - Beach Bar & Bistro,"Near, Beach, Benaulim, Goa 403708, India",4.4,7079.0,ChIJjwB9emy0vzsRLgJZtqxrAEk,"restaurant, bar, point_of_interest, food, establishment",Salcete (Margao),15.2582826,73.9191702,,,"['beaches', 'food', 'nightlife']"
Beleza By The Beach,"Beach, Thondwaddo, Colva, Betalbatim, Goa 403713, India",4.4,5467.0,ChIJxx0huJi2vzsRCCzSzaoBTR4,"lodging, point_of_interest, establishment",Salcete (Margao),15.2908882,73.9117496,,,['beaches']
Bogmalo Beach,"Bogmalo Beach, Bogmalo, Goa 403806, India",4.4,2435.0,ChIJWw10cf3HvzsRnMktzbQW5J0,"natural_feature, establishment",Mormugao (Vasco),15.3698038,73.8336358,,,['beaches']
Chhatrapati Shivaji Maharaj Fort छत्रपती शिवाजीचो किल्लो,"CX7Q+3MV, Donshiwado, Bandoda, Bandiwada, Goa 403401, India",4.4,1652.0,ChIJnVBfyvC6vzsRA1Clf2FdZ5E,"tourist_attraction, point_of_interest, establishment",Ponda,15.4127367,73.9891712,,,"['fort', 'historical']"
C’ Roque Beach Resort,"near Kentuckee Seafood Restaurant, Colva, Sernabatim, Goa 403708, India",4.4,1570.0,ChIJgS3f5Ba0vzsR2iJDWESF0fw,"lodging, point_of_interest, establishment",Salcete (Margao),15.2693915,73.9160508,,,"['beaches', 'food']"
Thalassa Beach Boutique Resort,"251/4 Village Mandrem, Taluka, Pernem, Ashvem, Goa 403512, India",4.4,1181.0,ChIJ35vRwdrvvzsRO2pDE6PEySM,"lodging, restaurant, food, point_of_interest, establishment",Pernem,15.6416115,73.7192854,,,"['beaches', 'food']"
Trinity Beach,"Trinity Beach, Benaulim, Goa 403716, India",4.4,1157.0,ChIJwZH0d2W0vzsRQLIaNRHudPU,"natural_feature, establishment",Salcete (Margao),15.2497911,73.9213693,,,['beaches']
"Viceroys Arch, Goa","Old Goa, Goa 403402, India",4.4,1143.0,ChIJrRLnXou-vzsRTmy-Yn5wi5A,"tourist_attraction, point_of_interest, establishment,historical",Salcete (Margao),15.5057585,73.9137064,,,['historical']
S2 Beach Shack and Cottages,"Gawde Wada, Morjim, Ashvem Loto Beach, Goa 403512, India",4.4,1001.0,ChIJoV4QxcruvzsRCcyTzd4SrPE,"lodging, restaurant, food, point_of_interest, establishment",Pernem,15.6341112,73.7223019,,,"['beaches', 'food']"
Palm Grove Beach Resort,"Ashvem Beach, Mandrem, Goa 403527, India",4.4,890.0,ChIJAQAAAIzuvzsRl0tqGeguwkc,"lodging, point_of_interest, establishment",Pernem,15.647245,73.7169639,,,['beaches']
Honeymoon beach,"2XCX+P4, Agonda, Devalkajjan, Goa 403702, India",4.4,463.0,ChIJAaID1HZPvjsRpG_rt1HF_vo,"tourist_attraction, point_of_interest, establishment,beach",Canacona,15.0218547,73.9977915,,,['beaches']
Museum Of Christian Art,"Monte Santo (Holy Hill, next to St. Augustine Tower, Old Goa, Goa 403402, India",4.4,437.0,ChIJAQAAAIO-vzsRAl-vdrBfS3U,"museum, tourist_attraction, point_of_interest, establishment",Salcete (Margao),15.5011002,73.9069769,,,['historical']
St. Estevam Fort,"St Estevam, Jua, St Estevam Island, Goa 403106, India",4.4,399.0,ChIJq6pa8MG9vzsR7Ku-9sMcN1U,"tourist_attraction, point_of_interest, establishment",Ponda,15.5360191,73.9543531,,,"['fort', 'historical']"
Zalor Beach,"6W3M+JJG, Fatrade, Orlim, Goa 403721, India",4.4,359.0,ChIJNbd806e0vzsRx05ONjEW9Nk,"point_of_interest, establishment",Salcete (Margao),15.2040535,73.9340749,,,['beaches']
Vainguinim Beach,"Vainguinim Beach, Goa 403004, India",4.4,350.0,ChIJUw_oZjTHvzsRdEnG1K85mmg,"natural_feature, establishment",Mormugao (Vasco),15.4555962,73.8134175,,,['beaches']
Anjuna beach,"HPMP+QRQ, Dmello Vaddo, Anjuna, Goa 403509, India",4.4,261.0,ChIJ0RksR4PpvzsR_JmuqKSOBSg,"point_of_interest, establishment",Bardez (Mapusa),15.5844512,73.7371005,,,['beaches']
Rachol Historical Fort Gate,"Fr. Agnelo Rd, Rachol, Goa 403719, India",4.4,253.0,ChIJL8W_HpSxvzsRaq2Kt6ZU8x4,"tourist_attraction, point_of_interest, establishment",Salcete (Margao),15.3085464,74.000897,,,"['fort', 'historical']"
Anjuna sand Beach,"4241a, Calangute - Arpora Rd, Agar Vaddo, Prabhu wada, Calangute, Anjuna, Goa 403509, India",4.4,236.0,ChIJM8kiU6rrvzsRBj870doD4-E,"point_of_interest, establishment,beach,nature,nightlife",Pernem,15.5724968,73.7413421,,,"['beaches', 'nature', 'nightlife']"
Fort Aguda Beach Resort,"Umtta Vaddo, Calangute, Goa 403516, India",4.4,198.0,ChIJv6ZPU-LBvzsReAh985eXiYE,"lodging, point_of_interest, establishment",Bardez (Mapusa),15.5426013,73.762876,,,"['beaches', 'fort', 'historical']"
Anjuna Beach Sandsite,"monteiro wado, Anjuna, Goa 403509, India",4.4,181.0,ChIJD8n3tKjpvzsRcIZe_ycntKI,"lodging, point_of_interest, establishment",Pernem,15.5738534,73.7407517,,,['beaches']
Namazgah,"HWJW+XCQ, Dicholi, Goa 403504, India",4.4,174.0,ChIJX91kyHKWvzsRqMI1tBk80e4,"mosque, tourist_attraction, place_of_worship, point_of_interest, establishment",Bicholim,15.5824605,73.9461171,,,['religious']
Forte de Tiracol,"PMCM+X4, Querim, Goa 403524, India",4.4,170.0,ChIJgWvbrUvxvzsRcF-cwddaVZo,"point_of_interest, establishment",Bardez (Mapusa),15.7213968,73.6865637,,,"['fort', 'historical']"
Aguada View Point,"FQVM+953, Aguada Fort Area, Candolim, Goa 403515, India",4.4,168.0,ChIJSUuhlzHBvzsRzFgI7YQUpCU,"tourist_attraction, point_of_interest, establishment",Tiswadi (Panaji),15.493377,73.782929,,,"['fort', 'historical', 'scenic']"
Migratory Birds Area,"GVH5+F34, Salvador du Mundu, Goa 403101, India",4.4,166.0,ChIJ6UsCPJO_vzsRqu260Ym9L1o,"park, point_of_interest, establishment, wetland, bird watching, scenic, photography, peaceful",Sattari (Valpoi),15.528638,73.857701,,,"['nature', 'peaceful', 'photography', 'scenic']"
Little Beach,"4W9R+C5W, Nakeri, Goa 403703, India",4.4,133.0,ChIJETKcN2FNvjsREyHB_IGxQ8g,"tourist_attraction, point_of_interest, establishment",Salcete (Margao),15.1186105,73.9404643,,,['beaches']
Siridao seashore,"CVJ6+2W6, Siridao, Goa 403108, India",4.4,117.0,ChIJi7O8aGO5vzsRVSySVra0fMU,"tourist_attraction, point_of_interest, establishment",Tiswadi (Panaji),15.4300495,73.8622689,,,['beaches']
Bogmalo beach,"9V82+W9, Dabolim, Bogmalo, Goa 403806, India",4.4,113.0,ChIJ7bvk4Ri3vzsRd3ebxCUBpG0,"tourist_attraction, point_of_interest, establishment",Salcete (Margao),15.3692522,73.8347112,,,['beaches']
Sankval Beach,"9VC8+4PM, Sancoale, Goa 403806, India",4.4,97.0,ChIJCykkqXy3vzsROgn8KsepF3Q,"tourist_attraction, point_of_interest, establishment",Mormugao (Vasco),15.3703384,73.8667957,,,['beaches']
Vagator Beach Cross,"HPXM+R2W, Bardez, Anjuna, Goa, India",4.4,74.0,ChIJ1RrC1nHpvzsRC-6IN8mKVNc,"point_of_interest, establishment",Bardez (Mapusa),15.5996173,73.7325904,,,"['beaches', 'nightlife']"
Little Vagator Beach,"HPVM+9RF, Ozran Beach, Small, near Vishwas Restaurant, Vagator, Goa 403509, India",4.4,57.0,ChIJ6ZnRqarpvzsRP9QN6TdJnbk,"tourist_attraction, point_of_interest, establishment",Bardez (Mapusa),15.5932924,73.7341937,,,"['beaches', 'food', 'shopping']"
Pandolim beach,"7WP6+8CQ, Fatona, Colva, Goa 403708, India",4.4,52.0,ChIJQekDis-3vzsRBExkLpSmI7M,"point_of_interest, establishment",Salcete (Margao),15.2857776,73.9102663,,,['beaches']
Sunset Point Parampai,"Madkai - Kundai Link Rd, Ponda, Madkai, Goa 403404, India",4.4,52.0,ChIJv6UuCLm7vzsR_sS0dmVD4uE,"tourist_attraction, point_of_interest, establishment",Ponda,15.4068838,73.9443716,,,['photography']
Valor Beach,"9V7H+79, Consua, Goa 403712, India",4.4,33.0,ChIJ666TNqG3vzsRA-sPd0TohsU,"tourist_attraction, point_of_interest, establishment",Mormugao (Vasco),15.363175,73.8783893,,,['beaches']
Vagator beach Goa india,"Vagator, Anjuna, Goa 403509, India",4.4,30.0,ChIJj20T8_3pvzsRxe68CHW8xFw,"tourist_attraction, point_of_interest, establishment,beach",Bardez (Mapusa),15.587991,73.7345501,,,['beaches']
PALOLEM BEACH MANGROVE FOREST,"2289+82, Canacona, Goa, India",4.4,28.0,ChIJdZbyNbFFvjsR_c8vzqieQL0,"tourist_attraction, point_of_interest, establishment",Canacona,15.0158338,74.0175332,,,"['beaches', 'nature']"
Marjoram beach,"JPPC+3QF, Pernem, Gawde Vaddo, Morjim, Goa 403512, India",4.4,22.0,ChIJC6KWU_jvvzsRvpDEHPyr5-w,"tourist_attraction, point_of_interest, establishment",Pernem,15.634123,73.722051,,,['beaches']
Canal sunset view,"PWW2+4G, Alorna, Goa 403512, India",4.4,12.0,ChIJK_Jw3SeNvzsRcOKUrffBkfs,"tourist_attraction, point_of_interest, establishment",Pernem,15.745255,73.90125,,,"['photography', 'scenic']"
Chandor fort,"7354+62V, Cotta Chandor Goa, Kantivaddo Ravora, Chandor, Guirdolim, Goa 403714, India",4.4,10.0,ChIJzdTxVOStvzsR9srFXvoRiYc,"point_of_interest, establishment",Sanguem,15.2581211,74.0550595,,,"['fort', 'historical']"
Amona Sunset cycling point,"GXH9+3HG, Amona Bridge, Khandola",4.4,5.0,ChIJx5D0aua9vzsRuymwPTuFN1Q,"tourist_attraction, point_of_interest, establishment",Bicholim,15.5276836,73.9689678,,,['photography']
"Calangute Beach, Goa","Calangute Beach Rd, Umtav Vado, Calangute, Goa 403516, India",4.3,100672.0,ChIJgQ9KpXTrvzsRccrngLKJ-bM,"tourist_attraction, point_of_interest, establishment,beach",Bardez (Mapusa),15.5447206,73.754669,,,['beaches']
Deltin Royale,"Fisheries Jetty Fisheries Building, Dayanand Bandodkar Marg, Patto Colony, Panaji, Goa 403001, India",4.3,30877.0,ChIJd1UvU43AvzsRbZivinLpPlA,"casino, tourist_attraction, point_of_interest, establishment",Tiswadi (Panaji),15.5016184,73.8274399,,,"['beaches', 'nightlife']"
Colva Beach,"Colva Beach, Goa, India",4.3,11483.0,ChIJo3Ithhi0vzsRNQmtLCAb3rU,"natural_feature, establishment, beach, relaxation, water sports, scenic",Salcete (Margao),15.2805316,73.9119945,,,"['adventure', 'beaches', 'relaxation', 'scenic', 'water sports']"
Velsao Beach,"9V3M+QG9, Consua, Goa 403712, India",4.3,4971.0,ChIJY6h2EJ-3vzsRB_haiJ7F51w,"tourist_attraction, point_of_interest, establishment,beach",Mormugao (Vasco),15.3544232,73.8838637,,,['beaches']
La Cabana Beach & Spa,"Ashvem Beach, Ashvem Wada, Mandrem, Goa 403527, India",4.3,4568.0,ChIJPw4jycjuvzsRB9S1HRzbLZ8,"lodging, point_of_interest, establishment",Pernem,15.6428474,73.7203813,,,['beaches']
Dolphin Point,"Fort Aguada Rd, Aguada Fort Area, Candolim, Goa 403515, India",4.3,4270.0,ChIJ78Pnrg7BvzsRDdqimlbAw_c,"tourist_attraction, point_of_interest, establishment,viewpoint",Tiswadi (Panaji),15.4972198,73.781824,,,"['fort', 'historical', 'scenic']"
Goa Water Sports Activities and Boat Tours,"near Carvalho's Bar & Restaurant Old Petrol Pump, Calangute, Goa 403516, India",4.3,4234.0,ChIJuT9rLsHrvzsRdSNYqdI0qUQ,"travel_agency, school, point_of_interest, establishment,adventure",Bardez (Mapusa),15.5450466,73.7625115,,,"['adventure', 'food', 'historical', 'nightlife', 'water sports']"
Fort Tiracol Goa,"Taluka, Pernem, Tiracol, Goa 403524, India",4.3,3778.0,ChIJp9s4gCfwvzsRMv-zSTSCEVY,"lodging, point_of_interest, establishment,fort",Bardez (Mapusa),15.7213751,73.686522,,,"['fort', 'historical']"
Fort Aguada Lighthouse,"FQRF+RJG, Aguada - Siolim Rd, Sinquerium, Candolim, Aguada Fort Area, Goa, Candolim, Goa 403515, India",4.3,2481.0,ChIJTbWbIA3BvzsR-QwVIsn68-Y,"tourist_attraction, point_of_interest, establishment,viewpoint",Bardez (Mapusa),15.4920574,73.7740664,,,"['fort', 'historical', 'scenic']"
Montego Bay Beach Village - Beach Resort In North Goa,"Vithaldas Waddo, Morjim, Goa 403512, India",4.3,2127.0,ChIJZ1Sh30vpvzsRn02K543oOMU,"bar, lodging, restaurant, food, point_of_interest, establishment",Pernem,15.6279066,73.7285128,,,"['beaches', 'food', 'nightlife']"
Shiva's Face,"HPRM+XGJ Ozran Beach, Vagator, Goa 403509, India",4.3,1427.0,ChIJXZmiGnfpvzsRHiMVouy_NnE,"tourist_attraction, point_of_interest, establishment,viewpoint",Bardez (Mapusa),15.5924547,73.7337776,,,"['beaches', 'scenic']"
Goa Science Centre & Planetarium,"Marine Highway, Miramar, Panaji, Goa 403001, India",4.3,953.0,ChIJdeIJ_cLAvzsRv6JHTO2XsUI,"tourist_attraction, museum, point_of_interest, establishment",Tiswadi (Panaji),15.4774432,73.8089382,,,['historical']
Archaeological Museum of Goa,"GW36+797, behind Se Cathedral, Old Goa, Goa 403402, India",4.3,935.0,ChIJkRYoGPO-vzsRJtAbk3TQPEc,"tourist_attraction, museum, point_of_interest, establishment,historical",Salcete (Margao),15.503157,73.9109342,,,"['historical', 'religious']"
Candolim Beach Water Sports,"Candolim Rd, Candolim, Calangute, Goa 403516, India",4.3,934.0,ChIJB9aW60rBvzsRh8LHIhKk6fM,"school, travel_agency, store, point_of_interest, establishment,adventure",Bardez (Mapusa),15.5333171,73.7621735,,,"['adventure', 'beaches', 'shopping', 'water sports']"
Seashells beach,"Siridao, Goa 403108, India",4.3,742.0,ChIJhaMrnGi5vzsROP4xHUOrXxk,"tourist_attraction, point_of_interest, establishment",Tiswadi (Panaji),15.4357505,73.8605905,,,['beaches']
Callgunte Beach,"Callgunte Beach, Near Calangute Beach, Calangute, Goa 403516, India",4.3,640.0,ChIJTYXuY_3BvzsRq4_IXSwnlic,"natural_feature, establishment",Bardez (Mapusa),15.5446641,73.7576483,,,['beaches']
Nuem Beach,"4W7P+2C9, Canaguinim, Goa, India",4.3,593.0,ChIJG1f1hPhLvjsR25vn_7pOw6M,"tourist_attraction, point_of_interest, establishment",Salcete (Margao),15.1125435,73.9361214,,,['beaches']
Baina Beach Sunset Point,"Ground floor, Menezes Souza Building, near Sanjivani Hospital, Baina, Vasco Da Gama, Mormugao, Goa 403802, India",4.3,568.0,ChIJv_vJElTHvzsR1UCX6rUIL4k,"tourist_attraction, point_of_interest, establishment",Mormugao (Vasco),15.3946396,73.8046205,,,"['beaches', 'photography']"
Aguada rocky Beach,"FQVH+43H, Goa 403001, India",4.3,501.0,ChIJk0OIhg7BvzsRy2mHWZCVDDY,"tourist_attraction, point_of_interest, establishment,beach",Bardez (Mapusa),15.4928118,73.7777471,,,['beaches']
Miramar Beach,"Miramar Cir, Miramar, Panaji, Goa 403002, India",4.3,484.0,ChIJRf6dutzAvzsRkvcEmavoYpo,"point_of_interest, establishment",Tiswadi (Panaji),15.4760717,73.8066496,,,['beaches']
Soneca Cola Beach Resort,"Cola Beach Rd, behind cola, Canacona, Kola, Goa 403702, India",4.3,481.0,ChIJ7V_1IP1PvjsRxC9dEyeFMwQ,"lodging, restaurant, point_of_interest, food, establishment",Canacona,15.0609485,73.9701669,,,"['beaches', 'food']"
Fernandes Heritage House,"Fort Area Salcette, Cotta Diasvaddo, Chandor, Guirdolim, Goa 403714, India",4.3,367.0,ChIJVd1h6pitvzsRpMu8Fjh2Paw,"tourist_attraction, point_of_interest, establishment",Sanguem,15.2558395,74.0518574,,flag,"['fort', 'historical']"
Siridao Beach View,"CVR5+VP9, Tiswadi, Siridao, Goa 403108, India",4.3,294.0,ChIJ9RqAKby4vzsRUVLFLojS6gM,"tourist_attraction, point_of_interest, establishment",Tiswadi (Panaji),15.4421588,73.8593677,,,"['beaches', 'scenic']"
Grandmother's Hole Beach,"Grandmother's Hole Beach, Goa, India",4.3,270.0,ChIJM8Wr1VbGvzsRYf0ap71yeoo,"natural_feature, establishment",Salcete (Margao),15.4049801,73.7865791,,,['beaches']
Cansaulim Beach,"8VVQ+QGQ, Cansaulim, Goa 403712, India",4.3,232.0,ChIJi07fkKC3vzsRbodJKvUTgSQ,"tourist_attraction, point_of_interest, establishment",Salcete (Margao),15.3444647,73.8888727,,,['beaches']
Hansa Beach,"Hansa Beach, Vasco Da Gama, Goa, India",4.3,194.0,ChIJs18hiNzHvzsRbzenwLDrX9M,"natural_feature, establishment",Mormugao (Vasco),15.3761369,73.8137851,,,['beaches']
Dolphin View Point,"FQQ8+FX7, Unnamed Road, Aguada Fort Area, Candolim, Goa 403515, India",4.3,132.0,ChIJrYOizHLBvzsRFGafpsTaR7o,"tourist_attraction, point_of_interest, establishment",Bardez (Mapusa),15.4886642,73.767433,,,"['fort', 'historical', 'scenic']"
Old Market Circle Clock Tower,"Margao - Ponda Hwy, Gawli Wada, Fatorda, Madgaon, Goa 403601, India",4.3,117.0,ChIJbckqcSmzvzsRCrTAlx_p9XM,"tourist_attraction, point_of_interest, establishment",Salcete (Margao),15.2835176,73.9568694,,,"['food', 'historical', 'shopping']"
Sunset Park,"9RJ6+68M, Unnamed Road, Varunapuri, Vasco Da Gama, Mormugao, Goa 403802, India",4.3,115.0,ChIJ02xTgsTHvzsRBKIIjTnsOBE,"park, point_of_interest, establishment",Mormugao (Vasco),15.3805756,73.8107895,,,"['nature', 'photography']"
Dona Paula Jetty Goa,"Dona Paula Jetty, Panaji, Goa 403004, India",4.3,85.0,ChIJNdY4U7nHvzsRfURbu9Uwoq4,"tourist_attraction, point_of_interest, establishment,viewpoint",Tiswadi (Panaji),15.4505614,73.8036167,,,"['beaches', 'scenic']"
Mill Stones of Gun Powder Factory,"GW36+43Q, Old Goa, Goa 403402, India",4.3,47.0,ChIJh0e2BPO-vzsReWmKgvI50V0,"point_of_interest, establishment",Salcete (Margao),15.5028285,73.9102318,,,['historical']
Dhadem sunset point,"74C9+CXQ, Sanvardem",4.3,44.0,ChIJe1SapR6tvzsRBdMzwbw0knM,"tourist_attraction, point_of_interest, establishment",Sanguem,15.2710992,74.1199906,,,['photography']
Reis Magos Fort Reception,"FRW5+VVP, Reis Magos, Verem, Goa 403109, India",4.3,20.0,ChIJHRjEbADBvzsRXU5We58fXGY,"point_of_interest, establishment",Tiswadi (Panaji),15.4972469,73.8094017,,,"['fort', 'historical']"
Nanuz Fort,"G46M+RX3, Birondem VP, Nanuz, Goa 403506, India",4.3,15.0,ChIJ1SRNWCihvzsRFgMn8LWWgpE,"point_of_interest, establishment",Sattari (Valpoi),15.5120017,74.1349164,,,"['fort', 'historical']"
Cola BEACH,"3X4C+FW4, Cola Beach Rd, Kola, Goa 403702, India",4.3,12.0,ChIJE5zySQBPvjsRQwQQfA_mt6I,"tourist_attraction, point_of_interest, establishment",Canacona,15.0561288,73.9723403,,,['beaches']
Palolem,"226C+VG5, Inside of Palolem Beach Resort, Palolem, Canacona - Goa Cancona, Palolem, Canacona, Goa 403702, India",4.3,7.0,ChIJJafqPTlFvjsR6D6gcWgoETM,"tourist_attraction, point_of_interest, establishment",Canacona,15.012134,74.02137,,,['beaches']
Padnir sunset point,"MQ5C+CV8, Parse, Goa 403512, India",4.3,6.0,ChIJkaSbVgDtvzsRhsmRuRrH-d8,"tourist_attraction, point_of_interest, establishment",Pernem,15.6585332,73.7722103,,,['photography']
Sonshe mine mini beach,"G3J5+5F3, Pissurle",4.3,3.0,ChIJKaWgLgCjvzsR4uNz22DJObw,"tourist_attraction, point_of_interest, establishment",Bicholim,15.5303923,74.0586595,,,['beaches']
Fort Aguada,"Fort Aguada Rd, Aguada Fort Area, Candolim, Goa 403515, India",4.2,106573.0,ChIJa72MxnXBvzsRHHtpszB2g6M,"tourist_attraction, point_of_interest, establishment,fort,historical",Bardez (Mapusa),15.4922519,73.7737462,,,"['fort', 'historical']"
Chapora Fort,"Chapora Fort Trail, Vagator, Anjuna, Goa 403509, India",4.2,24749.0,ChIJ56FVYsbpvzsRB6GFWwDiCzc,"point_of_interest, establishment,fort,historical",Bardez (Mapusa),15.6046375,73.7369631,,,"['fort', 'historical']"
Houses of Goa Museum,"House No, 674, Torda, near Nisha's Play School, Alto Porvorim, Salvador du Mundu, Penha de Franc, Goa 403521, India",4.2,3706.0,ChIJAxaYkwrAvzsRMoGzIYj2STg,"museum, cafe, tourist_attraction, book_store, point_of_interest, food, store, establishment",Tiswadi (Panaji),15.5303209,73.8406749,,,"['food', 'historical', 'shopping']"
Goa Chitra Museum,"H.No. 498, near Auxilium High School, Pulvaddo, Benaulim, Goa 403716, India",4.2,3069.0,ChIJ-5PLmPSzvzsRqBoUBZmqYm4,"tourist_attraction, art_gallery, museum, point_of_interest, establishment",Salcete (Margao),15.2648991,73.9413364,,,['historical']
Baina Beach,"9RR4+JPM, Beach, Baina, Mormugao, Goa 403802, India",4.2,2322.0,ChIJn9jM-MjHvzsR9KTwwkmmR8E,"point_of_interest, establishment",Mormugao (Vasco),15.3915832,73.8068001,,,['beaches']
Azad Maidan,"GR2G+2FW, MG Road, near Head Quarters, Opposite Azad Maidan, Ozari, Panaji, Goa 403001, India",4.2,1824.0,ChIJf9whPInAvzsR6nE1kxWvW1Y,"tourist_attraction, park, point_of_interest, establishment,viewpoint,historical",Tiswadi (Panaji),15.500124,73.8261919,,,"['historical', 'nature', 'scenic']"
Salcete Beach Resort,"7WH7+GXF, Salcete Beach Resort, 3rd Ward, Colva Beach Rd, Fatona, Colva, Goa 403708, India",4.2,1222.0,ChIJFTfgJlK1vzsRc8Yo-O2127Y,"lodging, point_of_interest, establishment",Salcete (Margao),15.2818475,73.9150829,,,['beaches']
Hollant Beach,"Hollant Beach, Dabolim, Goa 403806, India",4.2,788.0,ChIJZQCkofW3vzsRynAlDHSbosk,"natural_feature, establishment",Mormugao (Vasco),15.3698695,73.8619695,,,['beaches']
Uddo Beach,"JQC2+2F, Unnamed Road, 403517, Kudal, Siolim, Goa 403517, India",4.2,714.0,ChIJzZriTOLrvzsR1b9GVIihz0g,"tourist_attraction, point_of_interest, establishment,beach",Pernem,15.6208175,73.7498994,,,['beaches']
Cocos Beach Resort,"Mohan bhag, Beach, Mohanbagh, Palolem, Canacona, Goa 403702, India",4.2,682.0,ChIJL3vHrz5FvjsRi3G6CoAczGo,"lodging, point_of_interest, establishment",Canacona,15.0080706,74.0258535,,,['beaches']
Casa Araujo Alvares,"Loutolim, Goa 403718, India",4.2,230.0,ChIJQeTU91SwvzsR8j8HamK5f4U,"museum, point_of_interest, establishment",Salcete (Margao),15.3395692,73.9864543,,,['historical']
Fontainhas old quarter,"E-212, Rua 31 de Janeiro, Fontainhas (quarter), Altinho, Panaji, Goa 403001, India",4.2,206.0,ChIJgxIsopzBvzsRCUcyNtt81KI,"tourist_attraction, point_of_interest, establishment",Tiswadi (Panaji),15.4955933,73.8314762,,,['historical']
Palacete Rodrigues - Heritage Holiday Mansion,"H.no, 1131, Bardez, Mazal Waddo, Anjuna, Goa 403509, India",4.2,174.0,ChIJX-9hTynqvzsRsFDhRJXbSFA,"bar, lodging, restaurant, food, point_of_interest, establishment",Bardez (Mapusa),15.5834853,73.753063,,,"['food', 'historical', 'nightlife']"
Bambolim Beach,"CVX2+RQR, Bambolim, Goa 403206, India",4.2,109.0,ChIJb-oRWo25vzsRYL3u1Oyxe_M,"tourist_attraction, point_of_interest, establishment,beach",Tiswadi (Panaji),15.4496162,73.8518753,,,['beaches']
Baga beach,"Baga beach, Calangute - Mapusa Rd, Nagva, Saligao, Goa 403516, India",4.2,103.0,ChIJtVyLxm_qvzsRKbczJzzDfGY,"natural_feature, establishment",Bardez (Mapusa),15.5592353,73.7810841,,,['beaches']
Quegdevelim Beach,"FRW4+9MQ, Mandovi River, Reis Magos, Goa 403001, India",4.2,96.0,ChIJKSK3n_DAvzsR4MfzMrEHbGE,"tourist_attraction, point_of_interest, establishment",Tiswadi (Panaji),15.4959536,73.806726,,,['beaches']
Goa Best Beach Accommodation,"Goa Best Beach Accommodation, Palolem, Canacona, Goa 403702, India",4.2,84.0,ChIJVzFukFFFvjsRbm9h-6Jb93A,"natural_feature, establishment",Canacona,15.0095819,74.0235293,,,['beaches']
Raj Durga Heritage,"9XRX+JF6, Ponda - Panaji Rd, Khadpabandh, Vasco Da Gama, Ponda, Goa 403401, India",4.2,29.0,ChIJnxH9bpq6vzsRJP3xxIOYu6c,"point_of_interest, establishment",Ponda,15.3915265,73.998641,,,['historical']
Krishi Setu,"GWCW+3FQ, Near Govnali bridge, Marcel, Old Goa Road, Madapai, Ponda, Goa 403106, India",4.2,21.0,ChIJ-c1HcgC_vzsRCncr2Zugj00,"tourist_attraction, point_of_interest, establishment",Ponda,15.5202216,73.9462324,,,['historical']
Blue Lagoon Beach cola,"3X4C+RM7, Cola Beach Rd, Kola, Goa 403702, India",4.2,12.0,ChIJZ1vqOgBPvjsRklMoMVbIxCo,"tourist_attraction, point_of_interest, establishment",Canacona,15.0570292,73.9716718,,,['beaches']
Photogenic place,"9X9V+2JW, Borim",4.2,5.0,ChIJLwrqMY-xvzsROh0pEO2l08c,"tourist_attraction, point_of_interest, establishment",Ponda,15.3676034,73.9940867,,,['photography']
Dona Paula View Point,"Dona Paula Jetty, Road, Dona Paula, Panaji, Goa 403004, India",4.1,47583.0,ChIJtW8AjS7HvzsRnnAZoefYMAg,"tourist_attraction, point_of_interest, establishment,viewpoint,sunset",Tiswadi (Panaji),15.4506125,73.8029961,,,"['beaches', 'photography', 'scenic']"
Casino Pride,"Captain Of Ports Jetty, Casino Pride, Panaji, Goa 403001, India",4.1,17952.0,ChIJAQAAAJTAvzsRP4-RtdRQHng,"casino, tourist_attraction, night_club, bar, point_of_interest, establishment",Tiswadi (Panaji),15.5014739,73.8278952,,,"['beaches', 'nightlife']"
Big Foot Goa,"Cross Museum, Main Road, Salcete District, Loutolim, Goa 403718, India",4.1,8442.0,ChIJQeTU91SwvzsR4cJQMV5lu8c,"museum, art_gallery, tourist_attraction, point_of_interest, establishment,historical",Salcete (Margao),15.339727,73.9868803,,,['historical']
Mangrove Boardwalk,"Patto Centre, Panaji, Goa 403001, India",4.1,1224.0,ChIJ2cM03_jBvzsRXI4bnE6otDM,"museum, park, point_of_interest, establishment",Tiswadi (Panaji),15.4936894,73.8325406,,,"['historical', 'nature']"
Arvalem Caves,"H23F+267, Rudreshwar Colony, Harvale, Goa 403505, India",4.1,1092.0,ChIJoSA1F069vzsR_Nv7L4B_vNw,"tourist_attraction, point_of_interest, establishment,nature,caves,historical",Sattari (Valpoi),15.552527,74.0230428,,,"['historical', 'nature']"
Garça Branca Gardens,"H No. 934, NH 17B, near St. Milagres Chapel, Vanxem, Salcete, Loutolim, Madgaon, Goa 403718, India",4.1,850.0,ChIJ6yd7xk-wvzsRZ6TtH7Pu0bk,"tourist_attraction, park, point_of_interest, establishment",Dharbandora,15.3448799,73.9958822,,,"['nature', 'religious']"
Dolphin Adventures Goa (Sinquerim Jetty),"Fort aguada road sinquerim jetty candolim, Panaji, Goa 403515, India",4.1,671.0,ChIJIz69SNrBvzsRE5i32ju2Ays,"travel_agency, point_of_interest, establishment,adventure",Tiswadi (Panaji),15.4972169,73.7818865,,,"['adventure', 'beaches', 'fort', 'historical']"
Merces Bird Sanctuary,"FRRW+C54, Neugi Nagar, Mersi Tem, Goa 403005, India",4.1,573.0,ChIJLVUWB0m_vzsRIydp_djEClc,"park, point_of_interest, establishment, wildlife sanctuary, bird watching, scenic, photography, relaxation, peaceful",Tiswadi (Panaji),15.4910213,73.8454662,,,"['nature', 'peaceful', 'photography', 'relaxation', 'scenic']"
Chapora Beach,"Chapora Beach, Chapora, Goa, India",4.1,552.0,ChIJ01ErhWbpvzsRnEzT0GMVjh8,"natural_feature, establishment",Bardez (Mapusa),15.606325,73.7402468,,,['beaches']
Aguad Port & Jail Complex,"Parking, Aguada Fort, Aguada - Siolim Rd, Aguada Fort Area, Candolim, Goa 403515, India",4.1,523.0,ChIJIdHV6h3BvzsRcWh-MTFt5S4,"tourist_attraction, art_gallery, museum, restaurant, food, point_of_interest, establishment",Bardez (Mapusa),15.4926341,73.7771255,,flag,"['food', 'fort', 'historical', 'nature']"
Alorna Fort,"PW24+35C, Alorna, Goa 403503, India",4.1,339.0,ChIJGZUMw06SvzsRD4ROWUW0Vr0,"tourist_attraction, point_of_interest, establishment",Bardez (Mapusa),15.7001787,73.9053878,,,"['fort', 'historical']"
Haatkatro Khamb,"Ella, Old Goa, Goa 403402, India",4.1,238.0,ChIJ1V6apJK-vzsR3seZXsRBSvc,"tourist_attraction, point_of_interest, establishment",Salcete (Margao),15.4992048,73.9135309,,,['historical']
Adil Shah Palace Gateway,"Near Divar Jetty Old Goa, Mandrem, Goa 403402, India",4.1,167.0,ChIJrUMKXou-vzsRG2SLL5cWces,"tourist_attraction, point_of_interest, establishment,historical",Salcete (Margao),15.5056312,73.9140955,,,"['beaches', 'historical']"
Vasco Clock Tower,"Muncipal Market, Vaddem, Vasco Da Gama, Goa 403802, India",4.1,120.0,ChIJ3X-jDrrHvzsRA4RuAi7OVYE,"tourist_attraction, museum, point_of_interest, establishment",Tiswadi (Panaji),15.3965513,73.8106686,,,"['food', 'historical', 'shopping']"
Kegdole Beach,"Kegdole Beach, Goa, India",4.1,90.0,ChIJD3_kY_7AvzsRtCKhhrfR8TU,"natural_feature, establishment",Bardez (Mapusa),15.4986227,73.796598,,,['beaches']
Xandrem Beach,"Xandrem Beach, Goa, India",4.1,65.0,ChIJKUVRlVtbvjsRLyO4EGoiBWc,"natural_feature, establishment",Canacona,14.9386335,74.0459854,,,['beaches']
Varunapuri Beach,"9RJ5+44Q, Varunapuri, Mormugao, Goa 403802, India",4.1,52.0,ChIJPwQ3aLPHvzsRTr6U3_ecIh8,"tourist_attraction, point_of_interest, establishment",Mormugao (Vasco),15.3803477,73.8078643,,,['beaches']
maharaja dipaji rane's fort,"H284+PP8, Zariwada Vithallapur, Vithallapur, Sanquelim, Karapur, Goa 403505, India",4.1,30.0,ChIJ41L7g-CXvzsR18Ty6YoD0_0,"point_of_interest, establishment",Bicholim,15.5667848,74.0068242,,,"['fort', 'historical']"
"Museum of Goa, MOG","79, Estate, Pilerne Industrial Estates, Pilern, Goa 403511, India",4.0,8746.0,ChIJsz_IVjXAvzsRKB-KUSodijs,"cafe, art_gallery, food, museum, point_of_interest, establishment",Tiswadi (Panaji),15.525516,73.795263,,,"['food', 'historical']"
Majestic Pride Casino,"Majestic Pride Jetty at River Mandovi Near District And Sessions Court, 27, Rua 31 de Janeiro, Altinho, Panaji, Goa 403001, India",4.0,6939.0,ChIJjegsF0jBvzsRndaK4QiTcYY,"casino, lodging, restaurant, food, point_of_interest, establishment,nightlife",Tiswadi (Panaji),15.5004674,73.8316279,,,"['beaches', 'food', 'nightlife']"
Coco Beach,"FQXQ+XF2 Mainavaddo, Nerul - Reis Margos Rd, Goa 403114, India",4.0,6305.0,ChIJR_pxNAfBvzsRhAqjag8OtdY,"point_of_interest, establishment",Tiswadi (Panaji),15.4998804,73.7886544,,,['beaches']
Azaya Beach Resort Goa,"336/0, Village Calwaddo, Benaulim, Goa 403716, India",4.0,3253.0,ChIJCWQ_dpK-vzsR3p7Sr3HqPqQ,"spa, lodging, point_of_interest, establishment",Salcete (Margao),15.2410414,73.9273839,,,['beaches']
Ulta Pulta Museum,"UMIA QUATRO B, 5, Airport Rd, Green Valley, Dabolim, Ijorshi, Goa 403711, India",4.0,1120.0,ChIJG72jTQC5vzsR2st1JNppuI8,"museum, point_of_interest, establishment",Mormugao (Vasco),15.3870509,73.8452905,,,['historical']
San Thome Museum Back in Time,"Dabolim - Cavelossim Rd, Chadwado, Varca, Goa 403721, India",4.0,634.0,ChIJydtqTn-zvzsRWQIc9YRezQ8,"museum, tourist_attraction, point_of_interest, establishment",Salcete (Margao),15.2398339,73.941495,,,['historical']
"Kings Casino, Goa","Noah's Ark, RND Jetty, Dayanand Bandodkar Road, Panaji",4.0,343.0,ChIJBzL7FYbAvzsRLuvR1UiqR7c,"casino, tourist_attraction, point_of_interest, establishment",Tiswadi (Panaji),15.5003534,73.8318225,,,"['beaches', 'nightlife']"
The Our Lady On The Mount Chapel,"GW3F+R9, Old Goa, Goa 403110, India",4.0,129.0,ChIJOZ0xvOS_vzsRwQVuIXvcIxo,"tourist_attraction, point_of_interest, establishment",Bicholim,15.5044718,73.9233285,,,"['historical', 'religious']"
Majestic Pride Jetty 1,"Ferry, Alto- Betim Porvorim, Panaji, Goa 403001, India",4.0,118.0,ChIJeUg28gTBvzsRYlIkhb3VGCE,"tourist_attraction, point_of_interest, establishment",Tiswadi (Panaji),15.5012964,73.8256892,,,['beaches']
Dolphin Boat trip and kayaking,"beach, Palolem, Canacona, Goa 403702, India",4.0,52.0,ChIJ7RmQzOFFvjsRij98A3qs2rA,"tourist_attraction, point_of_interest, establishment",Canacona,15.0114217,74.0213312,,,"['adventure', 'beaches']"
Sankhali Fort,"H274+FRH, Market Rd, Desai Nagar, Sanquelim, Goa 403505, India",4.0,9.0,ChIJHVSYAjWXvzsRce_3QFJN3sw,"point_of_interest, establishment",Bicholim,15.5636883,74.0071034,,,"['food', 'fort', 'historical', 'shopping']"
Bicholim poira sirigao road,"JV3V+MRJ, Bicholim – Poira – Sirigao - Assonora, Corjuem, Shrigao, Goa 403503, India",4.0,2.0,ChIJIZqC72OVvzsRab3VUVjKtoc,"point_of_interest, establishment",Bicholim,15.6042109,73.894511,,,['religious']
Betul Fort,"Canaguinim, Goa, India",3.9,1499.0,ChIJobqioGVMvjsRBDAPLJzsyTk,"tourist_attraction, point_of_interest, establishment",Salcete (Margao),15.1409989,73.9506808,,,"['fort', 'historical']"
Corjuem Fort,"Off, Road, Corjuem, Aldona, Goa 403508, India",3.9,1078.0,ChIJi420u6uVvzsRqLpaRPrq6SI,"tourist_attraction, point_of_interest, establishment,historical,fort",Bicholim,15.5968001,73.8927884,,,"['fort', 'historical']"
Monkey Beach,"CQ2R+5F9, Unnamed Road, Bogda, Headland Sada, Vasco Da Gama, Mormugao, Goa 403804, India",3.9,310.0,ChIJo1f9PInHvzsROGswlHitpMs,"tourist_attraction, point_of_interest, establishment,beach",Mormugao (Vasco),15.4004081,73.7912483,,,['beaches']
Aguada Fort Ticket Counter,"Aguada - Siolim Rd, Sinquerim, Candolim, Goa 403515, India",3.9,59.0,ChIJl8SPaG_BvzsRDH0yEL8QGcY,"tourist_attraction, point_of_interest, establishment",Bardez (Mapusa),15.4934619,73.7747728,,,"['fort', 'historical']"
Nauxim Beach,"FR2V+F2Q, Tiswadi, Bambolim, Goa 403206, India",3.9,34.0,ChIJX1r4L6i4vzsRCgJM-9aCFeY,"tourist_attraction, point_of_interest, establishment",Tiswadi (Panaji),15.4512113,73.8426049,,,['beaches']
Gaspar Dias Fort Cannon,"FRM5+8HX, Miramar Cir, Miramar, Panaji, Goa 403001, India",3.9,9.0,ChIJubGBBADBvzsRlm-GIwNxcew,"point_of_interest, establishment",Tiswadi (Panaji),15.4833578,73.8089759,,,"['fort', 'historical']"
Dr. Salim Ali Bird Sanctuary,"GV7C+657, Ilhas, Madel, Ribandar, Goa 403102, India",3.8,3949.0,ChIJYU0mP3W_vzsReXl288rhJ9M,"tourist_attraction, park, point_of_interest, establishment, bird sanctuary, bird watching, scenic, photography, boating, peaceful",Tiswadi (Panaji),15.5130468,73.8704154,,,"['nature', 'peaceful', 'photography', 'scenic']"
Goa State Museum,"Patto Centre Building, Adilshaha Palace, Old Secretariat, Panaji instead of, Patto, Panaji, Goa 403001, India",3.8,799.0,ChIJC_YOKJvAvzsRxHcRKHiw_JQ,"museum, point_of_interest, establishment",Tiswadi (Panaji),15.5007546,73.829868,,,['historical']
Mystic Woods,"C2G6+Q47, Ponda, Pisgal, Priol, Goa 403404, India",3.8,608.0,ChIJI2vEMie7vzsRj6GD15iAWac,"tourist_attraction, museum, park, point_of_interest, establishment,nature",Ponda,15.4295587,74.0124491,,,"['historical', 'nature']"
Vaddem Beach,"Vaddem, Vasco Da Gama, Goa 403802, India",3.8,398.0,ChIJ6ROfhZrHvzsRVpkUvD1gv9o,"point_of_interest, establishment",Salcete (Margao),15.4031689,73.8277388,,,['beaches']
Fort of Mormugao,"CQ6V+MMV, Headland Sada, Vasco Da Gama, Goa 403803, India",3.8,75.0,ChIJL1-OdB3HvzsR4MgQ9kp6Clg,"point_of_interest, establishment",Mormugao (Vasco),15.4117376,73.7941706,,,"['fort', 'historical']"
Museum Solar Souto Maior,"H.NO.B-40,ST.PEDRO BAINGUINIM, Old Goa, 403402, India",3.8,29.0,ChIJB2W7l_y-vzsRlN1n1DugmKc,"museum, point_of_interest, establishment",Tiswadi (Panaji),15.4998023,73.8940311,,,['historical']
Fort Mormugao (Entrance),"CQ6V+49G, Headland Sada, Vasco Da Gama, Goa 403803, India",3.8,5.0,ChIJA0wbPQDHvzsRB1d7XDjetBI,"point_of_interest, establishment",Mormugao (Vasco),15.4103248,73.7934457,,,"['fort', 'historical']"
Ashvek Vintage World Car Museum,"12/B, Nuvem, Goa 403713, India",3.7,346.0,ChIJA44p4y2xvzsRYjVq3GXi4sk,"museum, tourist_attraction, point_of_interest, establishment",Salcete (Margao),15.3211336,73.9414845,,,['historical']
Bimbel Beach,"Bimbel Beach, Vasco Da Gama, Goa 403801, India",3.7,32.0,ChIJCTDr0-DHvzsR9UEtahayNOE,"natural_feature, establishment",Mormugao (Vasco),15.3731347,73.8211375,,,['beaches']
Hole Beach View Point,"CQ3P+XM8, Headland Sada, Mormugao, Goa, India",3.7,3.0,ChIJ_YzheqHHvzsRvTnncPdnjy0,"tourist_attraction, point_of_interest, establishment",Mormugao (Vasco),15.4049002,73.7867089,,,"['beaches', 'scenic']"
Colvale Fort,"JVM2+X6H, Tivim, Goa 403502, India",3.6,159.0,ChIJuXkS_a6UvzsRRN83nTSYxJ4,"point_of_interest, establishment",Pernem,15.6350543,73.8505712,,,"['fort', 'historical']"
C & A adventures water sports,"beach, Bogmalo, Mormugao, Goa 403806, India",3.6,7.0,ChIJRWe7SVrHvzsRoavk_URtYgc,"tourist_attraction, point_of_interest, establishment",Mormugao (Vasco),15.369213,73.8341244,,,"['adventure', 'beaches', 'water sports']"
Kerkar Art Complex,"GQM6+7JM, Holiday St, Gauravaddo, Calangute, Goa 403516, India",3.5,39.0,ChIJJ9made_BvzsRIjH1r4LkwGs,"tourist_attraction, museum, point_of_interest, establishment",Bardez (Mapusa),15.5331651,73.761561,,,['historical']
Dr.Sophia Waterfall,"Old Goa, Baingini, Goa 403402, India",3.5,32.0,ChIJHbPbiNy_vzsRVGBXJbg_6lU,"park, point_of_interest, establishment, waterfall, scenic, relaxation, peaceful",Tiswadi (Panaji),15.4888494,73.9013952,,,"['historical', 'nature', 'peaceful', 'relaxation', 'scenic']"
Thivim Fort,"JVM2+X5H, Tivim, Goa 403502, India",3.5,2.0,ChIJ___v_K6UvzsR7WAqHJQDxnc,"point_of_interest, establishment",Pernem,15.6349283,73.8504981,,,"['fort', 'historical']"
Wax World Museum,"GW27+4G6, Old Goa, Goa 403402, India",3.4,1997.0,ChIJ751RXI2-vzsRLoDZRIDrQc4,"tourist_attraction, museum, point_of_interest, establishment",Salcete (Margao),15.5002895,73.9136885,,,['historical']
Hidden Lotus Cave Patnem,"X2VP+Q35 patnem beach Patnem, Palolem, Canacona, Goa 403702, India",3.4,16.0,ChIJG9Sszt5bvjsRNsEFXe9XoU0,"tourist_attraction, point_of_interest, establishment",Canacona,14.9943825,74.0352404,,,['beaches']
Vasco Da Gama Old Residence,"E-250, Gomes Pereira Road, Altinho, Panaji, Goa 403001, India",3.1,15.0,ChIJEb44UADBvzsRXnmaqsZQs5A,"tourist_attraction, point_of_interest, establishment",Tiswadi (Panaji),15.4981532,73.83186,,,['historical']
Floating jetty,"FRV8+69P, Panaji, Goa 403001, India",3.0,2.0,ChIJW_ESZgDBvzsRtOOTEmc4myY,"tourist_attraction, point_of_interest, establishment",Tiswadi (Panaji),15.493198,73.815714,,,['beaches']
