name,address,rating,user_ratings_total,place_id,types,taluka,latitude,longitude,Unnamed: 9,Unnamed: 10,categories,anchor_distance_km,cluster,day,normalized_google_rating,weighted_rating,quantity_factor,popularity_score,cluster_max_popularity,normalized_popularity,within_anchor_radius,day_rank
"Museum of Goa, MOG","79, Estate, Pilerne Industrial Estates, Pilern, Goa 403511, India",4.0,8746.0,ChIJsz_IVjXAvzsRKB-KUSodijs,"cafe, art_gallery, food, museum, point_of_interest, establishment",Tiswadi (Panaji),15.525516,73.795263,,,"['food', 'historical']",8.950454457449581,0,1,0.75,0.7500128264835411,0.7840359081699491,0.7636220591581042,0.8800003501412251,0.8677519946844974,True,0
AAA All About Alcohol Museum,"Main Road, Candolim, Goa 403515, India",4.6,2010.0,ChIJ2dIMYnfBvzsREa3ZA2AyWyw,"museum, point_of_interest, establishment",Bardez (Mapusa),15.5095841,73.7693015,,,['historical'],9.018240926418855,0,1,0.8999999999999999,0.8999812000256258,0.6570487680296399,0.8028082272272314,0.8800003501412251,0.9122817134088576,True,1
Shree Mahalasa Devi Temple,"Madhalamaj, Mandre, Pedne, Goa, Keri to Mapusa, Goa 403527, India",4.8,227.0,ChIJ34cZKPLuvzsRd1RrGTiogQw,"hindu_temple, place_of_worship, point_of_interest, establishment",Bardez (Mapusa),15.6691965,73.7184572,,,['religious'],9.583269192476497,0,1,0.95,0.9496148826821655,0.4689933175778272,0.7573662566404301,0.8800003501412251,0.8606431310156702,True,1
Amma Shri Shanta Durga Temple,"GQ6M+2X9, Near Nerul Hospital, Nerul, Goa",4.4,42.0,ChIJY9P2Ca_BvzsRhSOOl8q2GdQ,"hindu_temple, tourist_attraction, place_of_worship, point_of_interest, establishment",Tiswadi (Panaji),15.5100283,73.7849891,,,['religious'],9.699008240194237,0,1,0.8500000000000001,0.8502835639891568,0.3248969288169871,0.6401289099202889,0.8800003501412251,0.727418926387426,True,1
Mandrem Beach,"MP95+VR7, Near Chopdem, Mandrem, Goa 403527, India",4.6,6875.0,ChIJ0YVAXejuvzsRwE5XWdcQbO4,"tourist_attraction, point_of_interest, establishment, beach, relaxation, scenic, photography, peaceful",Bardez (Mapusa),15.6696522,73.7095472,,,"['beaches', 'peaceful', 'photography', 'relaxation', 'scenic']",9.898776059152667,0,1,0.8999999999999999,0.8999945016363485,0.7632462286607051,0.8452951924460912,0.8800003501412251,0.9605623364927476,True,1
Sinquerim Beach,"FQX8+MXF, Sinquerim, Candolim, Goa 403519, India",4.6,481.0,ChIJM5xmqdrBvzsR0UQsbvbKJDA,"tourist_attraction, point_of_interest, establishment,beach",Bardez (Mapusa),15.4991764,73.7674326,,,['beaches'],10.047136085157844,0,1,0.8999999999999999,0.899921562762518,0.5336581429642696,0.7534161948432185,0.8800003501412251,0.8561544262139305,True,1
Our Lady of Remédios Church,"GQ4P+RMF, Nerul - Reis Margos Rd, Near Tinto Bardez, Nerul, Goa, Nerul, Goa 403114, India",4.6,99.0,ChIJC8mx4KjBvzsR9hqjcAw6c3U,"church, place_of_worship, point_of_interest, establishment",Tiswadi (Panaji),15.5070511,73.7866694,,,"['nightlife', 'religious']",10.075696283721019,0,1,0.8999999999999999,0.8996219325153373,0.39780006489529346,0.6988931854673197,0.8800003501412251,0.7941964856663514,True,1
Sinquerim Fort,"FQX8+9GH, Candolim, Goa, India",4.5,18599.0,ChIJ2SyWw3XBvzsREmaXkve8H78,"tourist_attraction, point_of_interest, establishment,fort,historical",Bardez (Mapusa),15.4984466,73.7663559,,,"['fort', 'historical']",10.091069485204825,0,1,0.875,0.8749993114651363,0.8492062631405913,0.8646820921353183,0.8800003501412251,0.982592895555725,True,1
Sinquerim Fort view Point,"FQX7+2XG, Below Taj holiday village Sinquerim, beach, Aguada Fort Area, Candolim, Goa 403515, India",4.6,308.0,ChIJTYvlxXfBvzsRoLIpck2UZqE,"tourist_attraction, point_of_interest, establishment",Bardez (Mapusa),15.4975629,73.7649449,,,"['beaches', 'fort', 'historical', 'scenic']",10.14353717675742,0,1,0.8999999999999999,0.899877648063216,0.49525282235089274,0.7380277177782867,0.8800003501412251,0.838667527416149,True,1
Kalimata Temple,"GQ4V+J2G Kalimata Temple, Nerul, Goa 403114, India",5.0,43.0,ChIJod_l4qPBvzsREhr_w9NrCyM,"hindu_temple, place_of_worship, point_of_interest, establishment",Tiswadi (Panaji),15.5066216,73.7926002,,,['religious'],10.449199311181916,0,1,1.0,0.9968680284439487,0.3268827906792745,0.728873933338079,0.8800003501412251,0.8282655037820237,True,1
Shiv Mandir Nerul bardez Goa,"FQXH+PV4, Nerul, Goa 403511, India",4.4,71.0,ChIJD19zsQnBvzsRkwlYchtno6o,"hindu_temple, place_of_worship, point_of_interest, establishment",Tiswadi (Panaji),15.4992504,73.7796943,,,"['nightlife', 'religious']",10.506582626635364,0,1,0.8500000000000001,0.8501693507157465,0.369423493806248,0.6578710079519471,0.8800003501412251,0.7475803934014003,True,1
Igreja de São João Batista,"Volvaddo, Pilern, Goa 403114, India",4.6,133.0,ChIJ69_9yUbAvzsR1rQMB3dM1lc,"church, place_of_worship, point_of_interest, establishment",Tiswadi (Panaji),15.5220518,73.8125195,,,['religious'],10.531516967907947,0,1,0.8999999999999999,0.8997178600860727,0.42308121341430527,0.7090632014173657,0.8800003501412251,0.8057533173749,True,1
Kaurati's Caves,"Unnamed Road, Aguada Fort Area, Candolim, Goa 403515, India",4.5,1204.0,ChIJnRktZeLBvzsR0FO3uIXpDqk,"tourist_attraction, point_of_interest, establishment",Bardez (Mapusa),15.4942477,73.7666941,,,"['fort', 'historical']",10.549331997787002,0,1,0.875,0.8749893719929741,0.6128084236013547,0.7701169926363264,0.8800003501412251,0.8751325979730982,True,1
Holy Family Church,"NH 66, Alto Porvorim, Porvorim, Salvador du Mundu, Goa 403521, India",4.6,592.0,ChIJSbkiuBbAvzsRDAx_bWfwhnQ,"church, place_of_worship, point_of_interest, establishment",Tiswadi (Panaji),15.5341916,73.8235653,,,['religious'],10.659825324122107,0,1,0.8999999999999999,0.8999362449435645,0.5515606684892509,0.760586014361839,0.8800003501412251,0.864301945152383,True,1
Dolphin Point,"Fort Aguada Rd, Aguada Fort Area, Candolim, Goa 403515, India",4.3,4270.0,ChIJ78Pnrg7BvzsRDdqimlbAw_c,"tourist_attraction, point_of_interest, establishment,viewpoint",Tiswadi (Panaji),15.4972198,73.781824,,,"['fort', 'historical', 'scenic']",10.806736477329027,0,1,0.825,0.8250087083239367,0.7221124495589363,0.7838502048179365,0.8800003501412251,0.8907385146973429,True,1
Dolphin Adventures Goa (Sinquerim Jetty),"Fort aguada road sinquerim jetty candolim, Panaji, Goa 403515, India",4.1,671.0,ChIJIz69SNrBvzsRE5i32ju2Ays,"travel_agency, point_of_interest, establishment,adventure",Tiswadi (Panaji),15.4972169,73.7818865,,,"['adventure', 'beaches', 'fort', 'historical']",10.80984332571515,0,1,0.7749999999999999,0.7751297518624013,0.5623638401518851,0.6900233871781949,0.8800003501412251,0.7841171734391444,True,1
Aguada Rocky Beach,"Aguada Rocky Beach, Unnamed Rd, Aguada Fort Area, Candolim, Goa 403515, India",4.5,626.0,ChIJFWX6VHLBvzsRrtY68GrdDNA,"natural_feature, establishment",Bardez (Mapusa),15.4916426,73.7681518,,,"['beaches', 'fort', 'historical']",10.871134561111885,0,1,0.875,0.8749795745638497,0.5563766046359785,0.7475383865927012,0.8800003501412251,0.849475101314146,True,1
Coco Beach,"FQXQ+XF2 Mainavaddo, Nerul - Reis Margos Rd, Goa 403114, India",4.0,6305.0,ChIJR_pxNAfBvzsRhAqjag8OtdY,"point_of_interest, establishment",Tiswadi (Panaji),15.4998804,73.7886544,,,['beaches'],10.874229266676997,0,1,0.75,0.7500177915083308,0.7557711872123984,0.7523191497899578,0.8800003501412251,0.8549077846039759,True,1
Aguada Fort Ticket Counter,"Aguada - Siolim Rd, Sinquerim, Candolim, Goa 403515, India",3.9,59.0,ChIJl8SPaG_BvzsRDH0yEL8QGcY,"tourist_attraction, point_of_interest, establishment",Bardez (Mapusa),15.4934619,73.7747728,,,"['fort', 'historical']",10.902695752433532,0,1,0.725,0.727286554192229,0.3536743413981303,0.5778416690745896,0.8800003501412251,0.6566379990438138,True,1
"Indian National Flag, Aguada Fort","FQVF+6JF, Fort Aguada Rd, Aguada Fort Area, Candolim, Goa 403515, India",4.6,10.0,ChIJWwq-JwDBvzsRBcwj98mY6D0,"point_of_interest, establishment",Bardez (Mapusa),15.4929398,73.774347,,,"['fort', 'historical']",10.941491546959913,0,1,0.8999999999999999,0.8965630228667039,0.20713303886871293,0.6207910292675074,0.8800003501412251,0.7054440707527911,True,1
Fort Aguada,"Fort Aguada Rd, Aguada Fort Area, Candolim, Goa 403515, India",4.2,106573.0,ChIJa72MxnXBvzsRHHtpszB2g6M,"tourist_attraction, point_of_interest, establishment,fort,historical",Bardez (Mapusa),15.4922519,73.7737462,,,"['fort', 'historical']",10.99173009857624,0,1,0.8,0.8000005835687085,1.0,0.8800003501412251,0.8800003501412251,1.0,True,1
Fort Aguada Lighthouse,"FQRF+RJG, Aguada - Siolim Rd, Sinquerium, Candolim, Aguada Fort Area, Goa, Candolim, Goa 403515, India",4.3,2481.0,ChIJTbWbIA3BvzsR-QwVIsn68-Y,"tourist_attraction, point_of_interest, establishment,viewpoint",Bardez (Mapusa),15.4920574,73.7740664,,,"['fort', 'historical', 'scenic']",11.023609100491619,0,1,0.825,0.8250149851940103,0.675226183630992,0.765099464568803,0.8800003501412251,0.8694308638013808,True,1
Aguada fort photoshoot point,"FQRF+QJR, Aguada Fort Area, Candolim, Goa 403515, India",4.5,32.0,ChIJayK1XwDBvzsROqDbHKhn5u0,"tourist_attraction, point_of_interest, establishment",Bardez (Mapusa),15.4916926,73.7739531,,,"['fort', 'historical', 'photography']",11.057754891342997,0,1,0.875,0.8746119167131438,0.3020324719139157,0.6455801387934526,0.8800003501412251,0.7336135021876388,True,1
Aguad Port & Jail Complex,"Parking, Aguada Fort, Aguada - Siolim Rd, Aguada Fort Area, Candolim, Goa 403515, India",4.1,523.0,ChIJIdHV6h3BvzsRcWh-MTFt5S4,"tourist_attraction, art_gallery, museum, restaurant, food, point_of_interest, establishment",Bardez (Mapusa),15.4926341,73.7771255,,flag,"['food', 'fort', 'historical', 'nature']",11.078390991522367,0,1,0.7749999999999999,0.775166399334988,0.5408750812169641,0.6814498720877784,0.8800003501412251,0.7743745465310522,True,1
Aguada rocky Beach,"FQVH+43H, Goa 403001, India",4.3,501.0,ChIJk0OIhg7BvzsRy2mHWZCVDDY,"tourist_attraction, point_of_interest, establishment,beach",Bardez (Mapusa),15.4928118,73.7777471,,,['beaches'],11.084466861498047,0,1,0.825,0.8250740901424974,0.5371700569716245,0.7099124768741483,0.8800003501412251,0.8067184027372482,True,1
"St. Lawrence's Church, Sinquerim","FQVJ+HQ8, Aguada - Siolim Rd, near Aguada Fort, Sinquerim, Candolim, Goa 403515, India",4.5,492.0,ChIJTyDobA_BvzsRqBnIYAKyKVo,"tourist_attraction, church, place_of_worship, point_of_interest, establishment",Tiswadi (Panaji),15.4939002,73.7819478,,,"['fort', 'historical', 'religious']",11.148216968122545,0,1,0.875,0.8749740228225836,0.5356073396207865,0.7392273495418649,0.8800003501412251,0.8400307447868985,True,1
Dolphin View Point,"FQQ8+FX7, Unnamed Road, Aguada Fort Area, Candolim, Goa 403515, India",4.3,132.0,ChIJrYOizHLBvzsRFGafpsTaR7o,"tourist_attraction, point_of_interest, establishment",Bardez (Mapusa),15.4886642,73.767433,,,"['fort', 'historical', 'scenic']",11.168275519384576,0,1,0.825,0.8252796485077725,0.4224341603023411,0.6641414532255999,0.8800003501412251,0.7547058965590372,True,1
Aguada View Point,"FQVM+953, Aguada Fort Area, Candolim, Goa 403515, India",4.4,168.0,ChIJSUuhlzHBvzsRzFgI7YQUpCU,"tourist_attraction, point_of_interest, establishment",Tiswadi (Panaji),15.493377,73.782929,,,"['fort', 'historical', 'scenic']",11.244484043059456,0,1,0.8500000000000001,0.8500721494173594,0.4431267378373404,0.6872939847853519,0.8800003501412251,0.7810155810449994,True,1
Kegdole Beach,"Kegdole Beach, Goa, India",4.1,90.0,ChIJD3_kY_7AvzsRtCKhhrfR8TU,"natural_feature, establishment",Bardez (Mapusa),15.4986227,73.796598,,,['beaches'],11.429111051326641,0,1,0.7749999999999999,0.7759581675992718,0.3896533964989485,0.6214362591591425,0.8800003501412251,0.7061772862470026,True,1
The Banyan Tree,"MPP6+H2X, Arambol",4.3,120.0,ChIJQQ0EV1DuvzsRN1cweqHFutA,"hindu_temple, tourist_attraction, place_of_worship, point_of_interest, establishment",Bardez (Mapusa),15.6864792,73.7101138,,,['religious'],11.668421741923934,0,1,0.825,0.8253073822440804,0.41426607773742585,0.6608908604414185,0.8800003501412251,0.7510120425922067,True,1
Arambol Beach,"Arambol Beach, Goa, India",4.6,12992.0,ChIJU2YT71LuvzsRFgfxISbKed0,"natural_feature, establishment",Bardez (Mapusa),15.6846886,73.7032836,,,['beaches'],11.698152500507076,0,1,0.8999999999999999,0.8999970902217758,0.818216940787797,0.8672850304481843,0.8800003501412251,0.9855507788252581,True,1
Untamed west - Birding in Goa,"St. Roque vaddo, Kolval, Bardez, Goa 403513, India",4.9,41.0,ChIJk3BdDU_rvzsRfX3StPRPCP4,"park, point_of_interest, establishment, wildlife experience, bird watching, guided tours, photography",Pernem,15.6435292,73.8352628,,,"['nature', 'nightlife', 'photography']",12.125894138436177,0,1,0.9750000000000001,0.9723141250365177,0.3228643365307619,0.7125342096342153,0.8800003501412251,0.8096976433246483,True,1
Igreja dos Reis Magos,"FRX5+4MF, Nerul - Reis Margos Rd, Reis Magos, Nerul, Goa 403109, India",4.6,167.0,ChIJHTJPZdPBvzsRNK7A5kOq5Es,"church, place_of_worship, point_of_interest, establishment",Tiswadi (Panaji),15.4978097,73.8091839,,,['religious'],12.276205320322736,0,1,0.8999999999999999,0.8997749598305579,0.44261408834132354,0.7169106112348641,0.8800003501412251,0.814670824982981,True,1
Quegdevelim Beach,"FRW4+9MQ, Mandovi River, Reis Magos, Goa 403001, India",4.2,96.0,ChIJKSK3n_DAvzsR4MfzMrEHbGE,"tourist_attraction, point_of_interest, establishment",Tiswadi (Panaji),15.4959536,73.806726,,,['beaches'],12.284318990436782,0,1,0.8,0.8006411675415851,0.39516896241162347,0.6384522854896004,0.8800003501412251,0.72551367211063,True,1
Reis Magos Fort Reception,"FRW5+VVP, Reis Magos, Verem, Goa 403109, India",4.3,20.0,ChIJHRjEbADBvzsRXU5We58fXGY,"point_of_interest, establishment",Tiswadi (Panaji),15.4972469,73.8094017,,,"['fort', 'historical']",12.340085059834419,0,1,0.825,0.8267711072158924,0.2629894606254811,0.6012584485797279,0.8800003501412251,0.6832479651664185,True,1
Bom Jesus Church Nachinola,"HVP3+8XR, Nachinola, Goa 403508, India",4.4,675.0,ChIJ145utzqVvzsRHV-9mPbR4jY,"tourist_attraction, church, place_of_worship, point_of_interest, establishment",Bardez (Mapusa),15.5858484,73.8548966,,,['religious'],12.365160239039717,0,1,0.8500000000000001,0.85001803735434,0.562876489647902,0.7351614182717648,0.8800003501412251,0.8354103701819936,True,1
Reis Magos Fort,"Nerul - Reis Margos Rd, beside three kings church, Bardez, Verem, Nerul, Goa 403109, India",4.4,11097.0,ChIJYeGT3PDAvzsRS8Ckp0KjgGs,"point_of_interest, establishment,fort,historical",Tiswadi (Panaji),15.4964204,73.8091839,,,"['fort', 'historical', 'nightlife', 'religious']",12.399162942650284,0,1,0.8500000000000001,0.8500010986890912,0.804599306161775,0.8318403816781648,0.8800003501412251,0.9452727848854475,True,1
Houses of Goa Museum,"House No, 674, Torda, near Nisha's Play School, Alto Porvorim, Salvador du Mundu, Penha de Franc, Goa 403521, India",4.2,3706.0,ChIJAxaYkwrAvzsRMoGzIYj2STg,"museum, cafe, tourist_attraction, book_store, point_of_interest, food, store, establishment",Tiswadi (Panaji),15.5303209,73.8406749,,,"['food', 'historical', 'shopping']",12.454303853193252,0,1,0.8,0.800016777246165,0.7098787081676642,0.7639615496147647,0.8800003501412251,0.8681377791408399,True,1
Arambol Mountain,"MMVX+9QV, near beach, Arambol, Goa 403524, India",4.6,1062.0,ChIJm4dSXLPvvzsRL6X7fFMDKVI,"tourist_attraction, point_of_interest, establishment",Pernem,15.6934972,73.6994326,,,['beaches'],12.759042941166541,0,1,0.8999999999999999,0.8999644339148952,0.6019775645175659,0.7807696861559635,0.8800003501412251,0.8872379267015783,True,1
Thivim Fort,"JVM2+X5H, Tivim, Goa 403502, India",3.5,2.0,ChIJ___v_K6UvzsR7WAqHJQDxnc,"point_of_interest, establishment",Pernem,15.6349283,73.8504981,,,"['fort', 'historical']",13.105044229484598,0,1,0.625,0.7040644171779141,0.09489943304520278,0.4603984235248296,0.8800003501412251,0.523179818565917,True,1
Floating jetty,"FRV8+69P, Panaji, Goa 403001, India",3.0,2.0,ChIJW_ESZgDBvzsRtOOTEmc4myY,"tourist_attraction, point_of_interest, establishment",Tiswadi (Panaji),15.493198,73.815714,,,['beaches'],13.111144826087832,0,1,0.5,0.6207310838445808,0.09489943304520278,0.4103984235248296,0.8800003501412251,0.466361659354985,True,1
Colvale Fort,"JVM2+X6H, Tivim, Goa 403502, India",3.6,159.0,ChIJuXkS_a6UvzsRRN83nTSYxJ4,"point_of_interest, establishment",Pernem,15.6350543,73.8505712,,,"['fort', 'historical']",13.118034352276542,0,1,0.65,0.651326207822086,0.43839953606876997,0.5661555391207596,0.8800003501412251,0.6433583111982867,True,1
Majestic Pride Jetty 1,"Ferry, Alto- Betim Porvorim, Panaji, Goa 403001, India",4.0,118.0,ChIJeUg28gTBvzsRYlIkhb3VGCE,"tourist_attraction, point_of_interest, establishment",Tiswadi (Panaji),15.5012964,73.8256892,,,['beaches'],13.14708542253728,0,1,0.75,0.7509428004330567,0.41282635796758893,0.6156962234468696,0.8800003501412251,0.6996545209874755,True,1
Our Lady of Fatima Church - Don Bosco Panjim,"Don Bosco, MG Road, Panjim, Panaji, Goa 403001, India",4.7,798.0,ChIJ68trVozAvzsRaVyUmInnBCo,"church, place_of_worship, point_of_interest, establishment,religious,historical",Tiswadi (Panaji),15.4967764,73.821457,,,"['historical', 'religious']",13.20343620335783,0,1,0.925,0.9249213933060497,0.5773166485863653,0.7858794954181759,0.8800003501412251,0.8930445258255358,True,1
Deltin Royale,"Fisheries Jetty Fisheries Building, Dayanand Bandodkar Marg, Patto Colony, Panaji, Goa 403001, India",4.3,30877.0,ChIJd1UvU43AvzsRbZivinLpPlA,"casino, tourist_attraction, point_of_interest, establishment",Tiswadi (Panaji),15.5016184,73.8274399,,,"['beaches', 'nightlife']",13.254349091448836,0,1,0.825,0.8250012045226871,0.892991364173757,0.852197268383115,0.8800003501412251,0.9684056014822628,True,1
Azad Maidan,"GR2G+2FW, MG Road, near Head Quarters, Opposite Azad Maidan, Ozari, Panaji, Goa 403001, India",4.2,1824.0,ChIJf9whPInAvzsR6nE1kxWvW1Y,"tourist_attraction, park, point_of_interest, establishment,viewpoint,historical",Tiswadi (Panaji),15.500124,73.8261919,,,"['historical', 'nature', 'scenic']",13.27780529591384,0,1,0.8,0.8000340784939912,0.6486652904231324,0.7394865632656477,0.8800003501412251,0.8403253057194495,True,1
River of Life Church,"3rd floor, Goa Chamber Building (GCCI, Opposite Azad Maidan, Panaji, Goa 403001, India",4.8,5.0,ChIJHXm8OD_BvzsRKgDDAzL7Ydk,"church, place_of_worship, point_of_interest, establishment",Tiswadi (Panaji),15.5003808,73.8265699,,,['religious'],13.285835338386326,0,1,0.95,0.9353655419222904,0.15477430895048358,0.6231290487335677,0.8800003501412251,0.7081009099980086,True,1
Kalacha Beach,"Kalacha Beach, Goa, India",4.5,190.0,ChIJ20Jku7XvvzsRPk38pE7DnSw,"natural_feature, establishment",Pernem,15.6977812,73.6971985,,,['beaches'],13.288219817731221,0,1,0.875,0.8749329489609097,0.45369761075973786,0.7064388136804409,0.8800003501412251,0.8027710597695438,True,1
"St. Christopher's Church, Tivim","JVF4+GQQ, Paina Wadda, Opposite Panchayat, Bardez, Tivim, Goa, Tivim, Goa 403502, India",4.7,295.0,ChIJF5QmB7mUvzsRnYe4Oy9coVQ,"tourist_attraction, church, place_of_worship, point_of_interest, establishment",Pernem,15.6238293,73.8569898,,,"['nightlife', 'religious']",13.293004911124225,0,1,0.925,0.9247878150389653,0.49154000151722327,0.7514886896302685,0.8800003501412251,0.8539640802525446,True,1
Casino Pride,"Captain Of Ports Jetty, Casino Pride, Panaji, Goa 403001, India",4.1,17952.0,ChIJAQAAAJTAvzsRP4-RtdRQHng,"casino, tourist_attraction, night_club, bar, point_of_interest, establishment",Tiswadi (Panaji),15.5014739,73.8278952,,,"['beaches', 'nightlife']",13.300354933155806,0,1,0.7749999999999999,0.7750048567510461,0.846147993479855,0.8034621114425697,0.8800003501412251,0.9130247633579097,True,1
Dharohar : National Museum of Customs and GST,"GR2H+C75 Captain & Port, Avenida Dom João de Castro, opp. Jetty, Ozari, Panaji, Goa 403001, India",4.7,78.0,ChIJTz2sLQXBvzsRZHM8YsJ-kVk,"museum, point_of_interest, establishment",Tiswadi (Panaji),15.501018,73.8282409,,,"['beaches', 'historical']",13.362325188215555,0,1,0.925,0.9242049778675159,0.37743809003120227,0.7054982227329905,0.8800003501412251,0.8017022068454518,True,1
Dharohar: National Museum of Customs & GST,"GR2H+C75, Avenida Dom João de Castro, Opp. Jetty Captain & Port, Ozari, Panaji, Goa 403001, India",4.7,75.0,ChIJ6S4n7IjAvzsRdRnA6yvbsQk,"tourist_attraction, museum, point_of_interest, establishment",Tiswadi (Panaji),15.501018,73.8282409,,,"['beaches', 'historical']",13.362325188215555,0,1,0.925,0.9241735954149176,0.3740938845326244,0.7041417110620003,0.8800003501412251,0.8001607169235756,True,1
"IPC Hebron Church, Panaji, Goa (Malayalam)","4th Floor, Keni's Hotel, 18th June Rd, Altinho, Panaji, Goa 403001, India",5.0,3.0,ChIJu_LRylPBvzsRKlegdAnOajE,"church, place_of_worship, point_of_interest, establishment",Tiswadi (Panaji),15.4974132,73.8255124,,,['religious'],13.444777960391438,0,1,1.0,0.9655483128834357,0.11974975181056162,0.627228888454286,0.8800003501412251,0.7127598169178301,True,1
Malson Shoes,"Souza Towers, opposite Garcia de Orta Garden, next to Petisco, Near Panjim Church, Altinho, Panaji, Goa 403001, India",4.1,600.0,ChIJQ-Iqz4jAvzsRuj6Z94O3VjI,"tourist_attraction, park, point_of_interest, establishment",Tiswadi (Panaji),15.4997434,73.8282138,,,"['historical', 'nature', 'religious']",13.4602129661165,0,1,0.7749999999999999,0.7751450802854137,0.552718222649282,0.6861743372309611,0.8800003501412251,0.7797432547848893,True,1
Goa State Museum,"Patto Centre Building, Adilshaha Palace, Old Secretariat, Panaji instead of, Patto, Panaji, Goa 403001, India",3.8,799.0,ChIJC_YOKJvAvzsRxHcRKHiw_JQ,"museum, point_of_interest, establishment",Tiswadi (Panaji),15.5007546,73.829868,,,['historical'],13.507364163304006,0,1,0.7,0.7002027415644172,0.5774246926111358,0.6510915219831046,0.8800003501412251,0.7398764351384809,True,1
Stella Maris Chapel,"FRP6+9R3, Miramar, Panaji, Goa 403001, India",4.3,33.0,ChIJiXyiUOnAvzsRsbTtcH_NtJ8,"church, place_of_worship, point_of_interest, establishment",Tiswadi (Panaji),15.4858225,73.8121107,,,['religious'],13.53652596989829,0,1,0.825,0.8260939191627571,0.3046112062925914,0.6175008340146908,0.8800003501412251,0.7017052139985994,True,1
Panaji Methodist Church,"FRQ9+R47, Santa Inez, Panaji, Goa 403001, India",4.5,65.0,ChIJKaO40OzAvzsRF0opJz4-oZI,"church, place_of_worship, point_of_interest, establishment",Tiswadi (Panaji),15.4895321,73.8177898,,,['religious'],13.568812220436914,0,1,0.875,0.8748059583565719,0.3619073478191965,0.6696465141416217,0.8800003501412251,0.7609616451108853,True,1
Gaspar Dias Fort Cannon,"FRM5+8HX, Miramar Cir, Miramar, Panaji, Goa 403001, India",3.9,9.0,ChIJubGBBADBvzsRlm-GIwNxcew,"point_of_interest, establishment",Tiswadi (Panaji),15.4833578,73.8089759,,,"['fort', 'historical']",13.57452343764608,0,1,0.725,0.7387193251533742,0.19890003244764673,0.5227916080710833,0.8800003501412251,0.594081136430439,True,1
St. Inez Church,"FRRC+G5Q, St. Inez, Altinho, Panaji, Goa 403001, India",4.4,903.0,ChIJSyUm7pLAvzsRdNjYcRuUOLs,"tourist_attraction, church, place_of_worship, point_of_interest, establishment",Tiswadi (Panaji),15.491332,73.820494,,,['religious'],13.59525794237484,0,1,0.8500000000000001,0.8500134881101038,0.5879819967422586,0.7452008915629658,0.8800003501412251,0.8468188580190606,True,1
St. Anthony Chapel,"FRM5+5HX, Miramar, Panaji, Goa 403001, India",4.4,10.0,ChIJDf09CSPBvzsRg0L_58ASXQ8,"church, place_of_worship, point_of_interest, establishment",Tiswadi (Panaji),15.4829928,73.8089995,,,['religious'],13.609859746555443,0,1,0.8500000000000001,0.8511084774121584,0.20713303886871293,0.5935183019947802,0.8800003501412251,0.6744523475468283,True,1
Radha Krishna Mandir,"FRWG+CH9, Near Mahalaxmi Temple, Altinho, Panaji, Goa 403001, India",4.7,65.0,ChIJFTOKV47AvzsRToe9oRwPg-0,"hindu_temple, place_of_worship, point_of_interest, establishment",Tiswadi (Panaji),15.496059,73.826468,,,['religious'],13.624629021621285,0,1,0.925,0.9240483825989961,0.3619073478191965,0.6991919686870762,0.8800003501412251,0.794536011917345,True,1
Praça de Igreja View Point,"FRXH+FP6, near chapel of our lady ( 17th century chapel, Altinho, Verem, Panaji, Goa 403001, India",4.5,13.0,ChIJedQc-I3BvzsRDL_D9wwMYMw,"tourist_attraction, point_of_interest, establishment",Tiswadi (Panaji),15.4986381,73.8292639,,,"['religious', 'scenic']",13.626692338479568,0,1,0.875,0.8740852322524102,0.22796490348555912,0.6156371007456697,0.8800003501412251,0.6995873361264804,True,1
Shree Mahalaxmi Temple,"FRWG+8J7, Dr Dada Vaidya Rd, next to Mushtifund, Situated, Saunthan, Panaji, Goa 403001, India",4.7,1114.0,ChIJO9qFUI7AvzsRwozHjNd4qpc,"hindu_temple, place_of_worship, point_of_interest, establishment",Tiswadi (Panaji),15.4957791,73.8265365,,,['religious'],13.65236134610347,0,1,0.925,0.9249436710776088,0.6061030699996117,0.79740743064641,0.8800003501412251,0.9061444470089581,True,1
Majestic Pride Casino,"Majestic Pride Jetty at River Mandovi Near District And Sessions Court, 27, Rua 31 de Janeiro, Altinho, Panaji, Goa 403001, India",4.0,6939.0,ChIJjegsF0jBvzsRndaK4QiTcYY,"casino, lodging, restaurant, food, point_of_interest, establishment,nightlife",Tiswadi (Panaji),15.5004674,73.8316279,,,"['beaches', 'food', 'nightlife']",13.665258933902285,0,1,0.75,0.7500161661745727,0.7640465233165457,0.7556283090313618,0.8800003501412251,0.8586681913366242,True,1
"Kings Casino, Goa","Noah's Ark, RND Jetty, Dayanand Bandodkar Road, Panaji",4.0,343.0,ChIJBzL7FYbAvzsRLuvR1UiqR7c,"casino, tourist_attraction, point_of_interest, establishment",Tiswadi (Panaji),15.5003534,73.8318225,,,"['beaches', 'nightlife']",13.689088963876928,0,1,0.75,0.7503261431730632,0.5045215565328296,0.6520043085169698,0.8800003501412251,0.7409136921506158,True,1
St. Thomas Chapel,"FRXJ+RV9, Rua São Tomé, Near G.P.O., Near Head Post Office, Patto Colony, Panaji, Goa 403001, India",4.4,23.0,ChIJI5nBd4bAvzsRClO4WUv4NQ4,"church, place_of_worship, point_of_interest, establishment",Tiswadi (Panaji),15.49953,73.8322278,,,['religious'],13.783801068632465,0,1,0.8500000000000001,0.8505080521472393,0.27452406076104524,0.6201144555927617,0.8800003501412251,0.7046752373373986,True,1
Vasco Da Gama Old Residence,"E-250, Gomes Pereira Road, Altinho, Panaji, Goa 403001, India",3.1,15.0,ChIJEb44UADBvzsRXnmaqsZQs5A,"tourist_attraction, point_of_interest, establishment",Tiswadi (Panaji),15.4981532,73.83186,,,['historical'],13.862168071295168,0,1,0.525,0.5460745782208589,0.23949950362112324,0.4234445483809646,0.8800003501412251,0.48118679533821657,True,1
Kamleshwar Temple,"PQ52+RJ9, Korgaon, Goa 403512, India",4.7,256.0,ChIJTar2S3SwvzsRbJqXvA8qDlA,"hindu_temple, tourist_attraction, place_of_worship, point_of_interest, establishment",Pernem,15.7095413,73.7516027,,,['religious'],13.863219543936896,0,1,0.925,0.9247556157647228,0.4793357764272531,0.746587680029735,0.8800003501412251,0.8483947533769962,True,1
"St. Sebastian's Chapel, Goa","FRWJ+F8M, Fontainhas (quarter), Altinho, Panaji, Goa 403001, India",4.4,436.0,ChIJefaaeYXAvzsRhVfqZuOAkRM,"tourist_attraction, church, place_of_worship, point_of_interest, establishment",Tiswadi (Panaji),15.4961996,73.830776,,,['religious'],13.933330037658656,0,1,0.8500000000000001,0.8500279021774229,0.5251918434908257,0.720093478702784,0.8800003501412251,0.8182877183937725,True,1
Archbishop's Palace,"FRRG+QF7, Altinho, Panaji, Goa 403001, India",4.6,201.0,ChIJK7CL6JHAvzsRcYYIaKrhVJw,"point_of_interest, establishment",Tiswadi (Panaji),15.491944,73.8261593,,,['historical'],13.939835235565905,0,1,0.8999999999999999,0.8998128378788798,0.4585344621861603,0.723301487601792,0.8800003501412251,0.821933181601251,True,1
Archdiocese of Goa & Daman,"Archbishop's House, Altinho, Panaji",4.6,33.0,ChIJUaDp2fK-vzsR-hP5gyIRAOc,"tourist_attraction, church, place_of_worship, point_of_interest, establishment",Tiswadi (Panaji),15.4917463,73.826237,,,"['historical', 'nature', 'religious']",13.961778701031562,0,1,0.8999999999999999,0.8988880368098159,0.3046112062925914,0.6611773046029261,0.8800003501412251,0.7513375471916782,True,1
Fontainhas old quarter,"E-212, Rua 31 de Janeiro, Fontainhas (quarter), Altinho, Panaji, Goa 403001, India",4.2,206.0,ChIJgxIsopzBvzsRCUcyNtt81KI,"tourist_attraction, point_of_interest, establishment",Tiswadi (Panaji),15.4955933,73.8314762,,,['historical'],14.034014789615098,0,1,0.8,0.8003004504905011,0.4606465768591685,0.6644389010379681,0.8800003501412251,0.7550439053022387,True,1
Goa Science Centre & Planetarium,"Marine Highway, Miramar, Panaji, Goa 403001, India",4.3,953.0,ChIJdeIJ_cLAvzsRv6JHTO2XsUI,"tourist_attraction, museum, point_of_interest, establishment",Tiswadi (Panaji),15.4774432,73.8089382,,,['historical'],14.1268821120763,0,1,0.825,0.8250389866368277,0.5926322684079776,0.7320762993452876,0.8800003501412251,0.8319045546150087,True,1
Miramar Beach,"Miramar Cir, Miramar, Panaji, Goa 403002, India",4.3,484.0,ChIJRf6dutzAvzsRkvcEmavoYpo,"point_of_interest, establishment",Tiswadi (Panaji),15.4760717,73.8066496,,,['beaches'],14.130245065652929,0,1,0.825,0.8250766871165645,0.5341941189539894,0.7087236598515344,0.8800003501412251,0.8053674748399774,True,1
Migratory Birds Area,"GVH5+F34, Salvador du Mundu, Goa 403101, India",4.4,166.0,ChIJ6UsCPJO_vzsRqu260Ym9L1o,"park, point_of_interest, establishment, wetland, bird watching, scenic, photography, peaceful",Sattari (Valpoi),15.528638,73.857701,,,"['nature', 'peaceful', 'photography', 'scenic']",14.153386823836065,0,1,0.8500000000000001,0.850073013482238,0.44209837823317316,0.6868831593826121,0.8800003501412251,0.7805487341821842,True,1
Maruti temple panjim,"FRRH+58G, Altinho, Panaji, Goa 403001, India",4.8,150.0,ChIJUao4dXzBvzsR08uyAXvqWHw,"hindu_temple, place_of_worship, point_of_interest, establishment",Tiswadi (Panaji),15.4904426,73.8283984,,,['religious'],14.224346549703839,0,1,0.95,0.9494184983545281,0.4333985855192856,0.7430105332204311,0.8800003501412251,0.8443298154383581,True,1
Mangrove Boardwalk,"Patto Centre, Panaji, Goa 403001, India",4.1,1224.0,ChIJ2cM03_jBvzsRXI4bnE6otDM,"museum, park, point_of_interest, establishment",Tiswadi (Panaji),15.4936894,73.8325406,,,"['historical', 'nature']",14.264979550537111,0,1,0.7749999999999999,0.7750711781645172,0.6142303682452884,0.7107348541968257,0.8800003501412251,0.8076529220502751,True,1
Shri Ajoba Temple,"PM5V+3MF, Querim, Goa 403524, India",4.7,279.0,ChIJI4G4h87vvzsR0y6tD2OFF2E,"hindu_temple, tourist_attraction, place_of_worship, point_of_interest, establishment",Pernem,15.7076804,73.6941635,,,['religious'],14.433969701537357,0,1,0.925,0.9247756901840491,0.48673981183848664,0.7495613388458241,0.8800003501412251,0.851773909778027,True,1
St. Thomas’ Church,"St. Thomas Church, Cottarbhat, Bardez, Aldona, Goa 403508, India",4.7,449.0,ChIJcz6PhxqVvzsRuMkNPmlkyW8,"tourist_attraction, church, place_of_worship, point_of_interest, establishment",Bicholim,15.5886702,73.8743444,,,"['nightlife', 'religious']",14.452477752926441,0,1,0.925,0.9248604294478527,0.5277240550804182,0.766005879700879,0.8800003501412251,0.8704608805870907,True,1
Bible Church Goa,"406, 4th Floor, Gera Imperium 2, above Ritz Classic Restaurant, Patto Centre, Panaji, Goa 403001, India",5.0,31.0,ChIJA03QsezAvzsRpCtFdbh5sOE,"church, place_of_worship, health, point_of_interest, establishment",Tiswadi (Panaji),15.4933117,73.8362419,,,"['food', 'religious']",14.574444900594555,0,1,1.0,0.9956935391104295,0.29937437952640406,0.7171658752768193,0.8800003501412251,0.8149608976425138,True,1
National Flag mast,"FRWQ+485, Panaji - Farmagudi - Margao Hwy Bypass Rd, Patto Centre, Bambolim, Panaji, Goa 403001, India",5.0,8.0,ChIJZ3G-qP_BvzsRv6dY5BejKwo,"museum, point_of_interest, establishment",Tiswadi (Panaji),15.4952612,73.838359,,,['historical'],14.586817038827904,0,1,1.0,0.9846881390593046,0.18979886609040555,0.666732429871745,0.8800003501412251,0.7576501870308867,True,1
Keri Beach,"PM6R+VQ5, Querim, Goa 403524, India",4.6,4445.0,ChIJ4ayK8NDvvzsR78k8dPh_ryw,"tourist_attraction, point_of_interest, establishment,beach",Pernem,15.7087743,73.6929842,,,['beaches'],14.591161575699127,0,1,0.8999999999999999,0.8999914964578348,0.7255812436364193,0.8302273953292687,0.8800003501412251,0.9434398465819147,True,1
"St. Francis Xavier’s Chapel, Goa","Portais, Four Pillars, Electricity Colony, Altinho, Panaji, Goa 403001, India",4.4,107.0,ChIJPzm07JnAvzsRJfi07ccxyKA,"church, place_of_worship, point_of_interest, establishment",Tiswadi (Panaji),15.4870506,73.8315095,,,['religious'],14.72770908232261,0,1,0.8500000000000001,0.8501129004771644,0.40444805094617,0.6718469606647667,0.8800003501412251,0.7634621515286291,True,1
Limitless Church Goa,"Limitless Church, 4th Floor, Panjim Convention Centre, Mala, Panaji, Goa 403001, India",4.9,43.0,ChIJ4bo7-mTBvzsR9tY_0z4d7AE,"church, place_of_worship, point_of_interest, establishment",Tiswadi (Panaji),15.4876395,73.8323398,,,['religious'],14.739044523216393,0,1,0.9750000000000001,0.9724362102621307,0.3268827906792745,0.7142148424289883,0.8800003501412251,0.8116074525588187,True,1
"Cabo View Point, Panjim","FQ5X+V23, Raj Bhavan Rd, Dona Paula Jetty, Panaji, Goa 403004, India",4.5,848.0,ChIJAZNVij_BvzsRdAHEnNaGR6o,"tourist_attraction, point_of_interest, establishment",Tiswadi (Panaji),15.4596433,73.7975451,,,"['beaches', 'scenic']",15.307913650215482,0,1,0.875,0.8749849154906169,0.5825598346256843,0.7580148831446438,0.8800003501412251,0.8613802062953672,True,1
aivão creek,"FQ5X+VF6, Aivão Beach Rd, Caranzalem, Dona Paula, Panaji, Goa 403004, India",4.5,11.0,ChIJnRvRiQrBvzsRPkEINzhZkHU,"tourist_attraction, point_of_interest, establishment",Tiswadi (Panaji),15.4596692,73.7986398,,,['beaches'],15.3533531697047,0,1,0.875,0.8739327709611451,0.2146491848557644,0.6102193365189927,0.8800003501412251,0.6934307883185079,True,1
Our Lady of Rosary Church,"FR74+4CC, Caranzalem, Taleigao, Durgavado, Goa 403004, India",4.8,69.0,ChIJDX15j0zBvzsRLRYityi0Tdo,"church, place_of_worship, point_of_interest, establishment",Tiswadi (Panaji),15.4628051,73.8060003,,,['religious'],15.385666475729098,0,1,0.95,0.9487456178790534,0.36699006002792506,0.716043394738602,0.8800003501412251,0.8136853520838818,True,1
Merces Bird Sanctuary,"FRRW+C54, Neugi Nagar, Mersi Tem, Goa 403005, India",4.1,573.0,ChIJLVUWB0m_vzsRIydp_djEClc,"park, point_of_interest, establishment, wildlife sanctuary, bird watching, scenic, photography, relaxation, peaceful",Tiswadi (Panaji),15.4910213,73.8454662,,,"['nature', 'peaceful', 'photography', 'relaxation', 'scenic']",15.465058433540644,0,1,0.7749999999999999,0.7751519046193966,0.5487476649181554,0.6845902087389002,0.8800003501412251,0.7779431094874395,True,1
St Bartholomew's Church,"GVWH+XQX, Church Road, Belbhat, Madel, Goa 403102, India",4.6,116.0,ChIJ8UYY29C_vzsRmc1yVq56HFc,"tourist_attraction, church, place_of_worship, point_of_interest, establishment",Bicholim,15.5474805,73.8794769,,,"['nightlife', 'religious']",15.58105879885766,0,1,0.8999999999999999,0.8996768653977242,0.41136223500907576,0.7043510132422648,0.8800003501412251,0.800398560215605,True,1
Taligao Church,"FR99+6WG, Taleigao Jct, Caranzalem, Taleigao, Goa 403002, India",4.5,89.0,ChIJ26FVv7fAvzsRPn2RW__MeT4,"church, place_of_worship, point_of_interest, establishment",Tiswadi (Panaji),15.4680625,73.8198125,,,['religious'],15.633629328597442,0,1,0.875,0.8748577027948194,0.3886988985380523,0.6803941810921126,0.8800003501412251,0.7731748981496664,True,1
"St. Michael's Church, Taleigão","FR89+VW2, Nagalli Hills Colony, Durgavado, Goa 403002, India",4.4,309.0,ChIJLX-5NbbAvzsRYRBOda3i5ac,"church, place_of_worship, point_of_interest, establishment",Tiswadi (Panaji),15.467134,73.8197629,,,['religious'],15.717009837187508,0,1,0.8500000000000001,0.8500393330694638,0.49553192174246097,0.7082363685386626,0.8800003501412251,0.8048137349320402,True,1
Shri Devaki Krishna Temple,"Bicholim Road, Madel, Goa 403102, India",4.6,273.0,ChIJd55Mn7y_vzsRV27vCZz-6kE,"hindu_temple, tourist_attraction, place_of_worship, point_of_interest, establishment",Sattari (Valpoi),15.5213649,73.870741,,,['religious'],15.764869023966904,0,1,0.8999999999999999,0.8998620191661815,0.4848686660442442,0.7338646779174065,0.8800003501412251,0.8339368021838102,True,1
Querim Beach,"Querim Beach, Goa, India",4.6,1494.0,ChIJ4-pZ_tDvvzsRA_whdNQx120,"natural_feature, establishment",Bardez (Mapusa),15.7192093,73.6900414,,,['beaches'],15.789653312449405,0,1,0.8999999999999999,0.8999747112050391,0.631436236229799,0.7925593212149431,0.8800003501412251,0.9006352339379761,True,1
Shri Devi Bhagavati Temple,"PQ9W+3MH, Pernem, Pernam Municipal Area, Goa 403512, India",4.7,533.0,ChIJgUv7kHftvzsR0ISyloIW7F0,"hindu_temple, tourist_attraction, place_of_worship, point_of_interest, establishment",Pernem,15.7176799,73.7967277,,,['religious'],15.934463606474525,0,1,0.925,0.9248823843661681,0.542508044525275,0.7719326484298108,0.8800003501412251,0.8771958423720271,True,1
Fort Tiracol Goa,"Taluka, Pernem, Tiracol, Goa 403524, India",4.3,3778.0,ChIJp9s4gCfwvzsRMv-zSTSCEVY,"lodging, point_of_interest, establishment,fort",Bardez (Mapusa),15.7213751,73.686522,,,"['fort', 'historical']",16.145134745141355,0,1,0.825,0.8250098420882598,0.7115403798797557,0.7796220572048582,0.8800003501412251,0.8859338034123988,True,1
Forte de Tiracol,"PMCM+X4, Querim, Goa 403524, India",4.4,170.0,ChIJgWvbrUvxvzsRcF-cwddaVZo,"point_of_interest, establishment",Bardez (Mapusa),15.7213968,73.6865637,,,"['fort', 'historical']",16.14582763604872,0,1,0.8500000000000001,0.8500713055645248,0.4441429988124684,0.6876999828637023,0.8800003501412251,0.7814769423141003,True,1
Dr. Salim Ali Bird Sanctuary,"GV7C+657, Ilhas, Madel, Ribandar, Goa 403102, India",3.8,3949.0,ChIJYU0mP3W_vzsReXl288rhJ9M,"tourist_attraction, park, point_of_interest, establishment, bird sanctuary, bird watching, scenic, photography, boating, peaceful",Tiswadi (Panaji),15.5130468,73.8704154,,,"['nature', 'peaceful', 'photography', 'scenic']",16.173738407367043,0,1,0.7,0.7000410615826668,0.7153632790212149,0.706169948558086,0.8800003501412251,0.8024655313429793,True,1
Shri Krishna Temple,"FVX6+QGG, Ilhas, Chimbel, Goa 403006, India",4.8,25.0,ChIJRUtZt3O_vzsRR2jel1eO8B0,"hindu_temple, place_of_worship, point_of_interest, establishment",Tiswadi (Panaji),15.499444,73.8613183,,,['religious'],16.181396969074278,0,1,0.95,0.9466228173666824,0.281438244823951,0.6805489883495899,0.8800003501412251,0.7733508154177136,True,1
St. Mary's Orthodox Syrian Church Panaji,"Ilhas, Ribandar, Goa 403006, India",4.5,84.0,ChIJiw2b1HS_vzsRkh-yRSpLLPo,"church, place_of_worship, point_of_interest, establishment",Tiswadi (Panaji),15.5043561,73.865231,,,['religious'],16.211387854190683,0,1,0.875,0.8748493323709853,0.38376148692967654,0.6784141941944618,0.8800003501412251,0.7709249139339409,True,1
River Of Life Church (ROLC),"Before Kadamba Tourist home, Eutico Apartments, Buttem bhat, Merces, Panaji, Mersi Tem, Goa 403005, India",5.0,3.0,ChIJRRQmBIbAvzsRZ_-RMsArvTg,"church, place_of_worship, point_of_interest, establishment",Tiswadi (Panaji),15.4865368,73.8511855,,,"['nature', 'religious']",16.253652330820987,0,1,1.0,0.9655483128834357,0.11974975181056162,0.627228888454286,0.8800003501412251,0.7127598169178301,True,1
Khareban Sunset & Fishing Point,"PQGP+3J, Pernem, Pernam Municipal Area, Goa 403512, India",4.5,45.0,ChIJf6_1wj_tvzsRsCAWdsRpk_Y,"tourist_attraction, park, point_of_interest, establishment",Pernem,15.7251585,73.7865024,,,"['nature', 'photography']",16.33485774668713,0,1,0.875,0.8747215924246465,0.3307225866740438,0.6571219901244054,0.8800003501412251,0.7467292371178585,True,1
Dona Paula View Point,"Dona Paula Jetty, Road, Dona Paula, Panaji, Goa 403004, India",4.1,47583.0,ChIJtW8AjS7HvzsRnnAZoefYMAg,"tourist_attraction, point_of_interest, establishment,viewpoint,sunset",Tiswadi (Panaji),15.4506125,73.8029961,,,"['beaches', 'photography', 'scenic']",16.463337238534127,0,1,0.7749999999999999,0.7750018324069337,0.9303471340994464,0.8371399530839387,0.8800003501412251,0.9512950227231068,True,1
Vainguinim Beach,"Vainguinim Beach, Goa 403004, India",4.4,350.0,ChIJUw_oZjTHvzsRdEnG1K85mmg,"natural_feature, establishment",Mormugao (Vasco),15.4555962,73.8134175,,,['beaches'],16.4676828083144,0,1,0.8500000000000001,0.8500347386083583,0.5062616680542785,0.7125255103867264,0.8800003501412251,0.8096877578200715,True,1
Corjuem Fort,"Off, Road, Corjuem, Aldona, Goa 403508, India",3.9,1078.0,ChIJi420u6uVvzsRqLpaRPrq6SI,"tourist_attraction, point_of_interest, establishment,historical,fort",Bicholim,15.5968001,73.8927884,,,"['fort', 'historical']",16.471784460702906,0,1,0.725,0.7251271485185669,0.6032680637618393,0.6763835146158759,0.8800003501412251,0.7686173244218912,True,1
Dona Paula Jetty Goa,"Dona Paula Jetty, Panaji, Goa 403004, India",4.3,85.0,ChIJNdY4U7nHvzsRfURbu9Uwoq4,"tourist_attraction, point_of_interest, establishment,viewpoint",Tiswadi (Panaji),15.4505614,73.8036167,,,"['beaches', 'scenic']",16.49611146297123,0,1,0.825,0.8254324796689969,0.3847718047222679,0.6491682096903053,0.8800003501412251,0.7376908538571886,True,1
Grace And Truth Baptist Church,"The International Centre Goa, Dr E Borges Rd, Dona Paula, Durgavado, Goa 403004, India",5.0,31.0,ChIJ16nFvo7AvzsRLORxlM-jylM,"church, place_of_worship, point_of_interest, establishment",Tiswadi (Panaji),15.4585576,73.8205986,,,['religious'],16.570199922390156,0,1,1.0,0.9956935391104295,0.29937437952640406,0.7171658752768193,0.8800003501412251,0.8149608976425138,True,1
Santa Cruz Church,"FRGV+CWV, Santa Cruz, Goa 403005, India",4.5,585.0,ChIJXUdVIFm_vzsR3203CpoRWx0,"church, place_of_worship, point_of_interest, establishment",Sattari (Valpoi),15.4761125,73.8447969,,,['religious'],16.586230702070527,0,1,0.875,0.874978145480433,0.5505349256377622,0.7452008575433646,0.8800003501412251,0.8468188193604383,True,1
Shirgao Manas,"JV4V+4MW, Bicholim – Poira – Sirigao - Assonora, Corjuem, Shrigao, Goa 403503, India",5.0,2.0,ChIJG66IfgCVvzsR2SkN_eE_J88,"point_of_interest, establishment",Bicholim,15.6052223,73.8939276,,,['religious'],16.690680267048158,0,1,1.0,0.9540644171779141,0.09489943304520278,0.6103984235248295,0.8800003501412251,0.6936342961987129,True,1
Bicholim poira sirigao road,"JV3V+MRJ, Bicholim – Poira – Sirigao - Assonora, Corjuem, Shrigao, Goa 403503, India",4.0,2.0,ChIJIZqC72OVvzsRab3VUVjKtoc,"point_of_interest, establishment",Bicholim,15.6042109,73.894511,,,['religious'],16.738246607919983,0,1,0.75,0.7873977505112475,0.09489943304520278,0.5103984235248296,0.8800003501412251,0.5799979777768489,True,1
St. Clara's Church,"Assonora, Asnode, Goa 403503, India",4.5,183.0,ChIJgXUNpV6UvzsR1UuvpU-LdeE,"tourist_attraction, church, place_of_worship, point_of_interest, establishment",Bicholim,15.6185641,73.8945492,,,['religious'],17.01479972188656,0,1,0.875,0.8749303981061616,0.45047233848460544,0.7051471742575391,0.8800003501412251,0.8013032882820729,True,1
Shree Devi Lairaee Devasthan Temple,"JV3X+QV6, Shirgao Rd, Assonora, Shrigao, Goa 403503, India",4.8,1847.0,ChIJU-okZFKUvzsRNIFBTzjZ_sw,"hindu_temple, tourist_attraction, place_of_worship, point_of_interest, establishment",Bicholim,15.6043999,73.8996597,,,['religious'],17.288047925834007,0,1,0.95,0.9499524855257216,0.6497471272100365,0.8298703421994476,0.8800003501412251,0.943034104550376,True,1
Dadeshwar Temple,"PV32+6C5, Dhargal, Goa 403513, India",4.6,54.0,ChIJIRcEBM-SvzsRioXJD0ZVEuU,"hindu_temple, tourist_attraction, place_of_worship, point_of_interest, establishment",Bicholim,15.7030311,73.8511241,,,['religious'],17.72063664528255,0,1,0.8999999999999999,0.8993126045733407,0.34615819541107884,0.678050840908436,0.8800003501412251,0.7705120126368363,True,1
Shantadurga Temple,"JWC3+QJH, Bicholim – Poira – Sirigao - Assonora, Moitem, Asnode, Goa 403503, India",4.4,33.0,ChIJX6vOrUSUvzsRL2lALOsyR94,"hindu_temple, place_of_worship, point_of_interest, establishment",Bicholim,15.6219508,73.9040997,,,['religious'],18.09537432779909,0,1,0.8500000000000001,0.8503586250451102,0.3046112062925914,0.6320596575441026,0.8800003501412251,0.7182493250629591,True,1
Khetoba Temple,"HW95+3GW, Vayangne, Goa 403504, India",4.6,62.0,ChIJAQAAQI2VvzsRAAHamfgyWQo,"hindu_temple, place_of_worship, point_of_interest, establishment",Bicholim,15.5677034,73.908892,,,['religious'],18.25567994084065,0,1,0.8999999999999999,0.8993998928814878,0.3578888936706839,0.6827954931971663,0.8800003501412251,0.775903660819668,True,1
Mahamaya Temple-Gaonkarwada-Mayem,"HWP6+F34 Mahamay temple, Dicholi, Bhatwadi, Goa 403504, India",4.5,45.0,ChIJIS_n_bCVvzsRyrmu4ePM96w,"hindu_temple, place_of_worship, point_of_interest, establishment",Bicholim,15.5861405,73.9101956,,,['religious'],18.28810131702671,0,1,0.875,0.8747215924246465,0.3307225866740438,0.6571219901244054,0.8800003501412251,0.7467292371178585,True,1
Shri Sharvani Devi Temple,"JWQ3+943, Advalpal, Goa 403503, India",4.8,218.0,ChIJQSma93CUvzsRHXfFhdx5Y30,"hindu_temple, place_of_worship, point_of_interest, establishment",Bicholim,15.6383919,73.9028078,,,['religious'],18.45950579572632,0,1,0.95,0.9495990559430764,0.46551441038360336,0.7559651977192872,0.8800003501412251,0.8590510192387624,True,1
Anjuna beach,"HPMP+QRQ, Dmello Vaddo, Anjuna, Goa 403509, India",4.4,261.0,ChIJ0RksR4PpvzsR_JmuqKSOBSg,"point_of_interest, establishment",Bardez (Mapusa),15.5844512,73.7371005,,,['beaches'],0.2735857052757591,1,2,0.8500000000000001,0.8500465391279916,0.48337864084875204,0.7033793798162957,0.8950855552047102,0.7858236296254715,True,0
Vagator beach Goa india,"Vagator, Anjuna, Goa 403509, India",4.4,30.0,ChIJj20T8_3pvzsRxe68CHW8xFw,"tourist_attraction, point_of_interest, establishment,beach",Bardez (Mapusa),15.587991,73.7345501,,,['beaches'],0.5977823159139405,1,2,0.8500000000000001,0.850393330694637,0.29809866585568795,0.6294754647590574,0.8950855552047102,0.7032573155703461,True,1
Sunset Point,"Anjuna, Vagator, Goa 403509, India",4.7,46.0,ChIJnemhO4rpvzsRcIfLZ5I1_JY,"tourist_attraction, point_of_interest, establishment",Bardez (Mapusa),15.5896849,73.7350371,,,['photography'],0.669790841462388,1,2,0.925,0.9236636862028457,0.33422485148407005,0.6878881523153354,0.8950855552047102,0.7685166499620387,True,1
Hill Top Goa,"Hilltop, Ozran Beach Rd, near St. Michael's School, Vagator, Goa 403509, India",4.5,6599.0,ChIJDz2o1n7pvzsRlVYVpfwcGg0,"point_of_interest, establishment,nightlife",Bardez (Mapusa),15.5931968,73.7423909,,,"['beaches', 'nightlife']",0.9206591087014551,1,2,0.875,0.8749980595835657,0.7634639913774945,0.8303844323011372,0.8950855552047102,0.9277151524484433,True,1
Shiva's Face,"HPRM+XGJ Ozran Beach, Vagator, Goa 403509, India",4.3,1427.0,ChIJXZmiGnfpvzsRHiMVouy_NnE,"tourist_attraction, point_of_interest, establishment,viewpoint",Bardez (Mapusa),15.5924547,73.7337776,,,"['beaches', 'scenic']",0.9907175602128343,1,2,0.825,0.8250260456943513,0.6305782652613312,0.7472469335211432,0.8950855552047102,0.8348329711903846,True,1
Anjuna Beach,"Monteiro Vaddo, Anjuna, Goa 403509, India",4.6,41.0,ChIJb2Nex3jpvzsRkBsDLIIHGBE,"tourist_attraction, point_of_interest, establishment",Bardez (Mapusa),15.5761254,73.7403916,,,['beaches'],1.0380684281157553,1,2,0.8999999999999999,0.8990998393222318,0.32446082651803604,0.6692442342005535,0.8950855552047102,0.7476874476512965,True,1
Little Vagator Beach,"HPVM+9RF, Ozran Beach, Small, near Vishwas Restaurant, Vagator, Goa 403509, India",4.4,57.0,ChIJ6ZnRqarpvzsRP9QN6TdJnbk,"tourist_attraction, point_of_interest, establishment",Bardez (Mapusa),15.5932924,73.7341937,,,"['beaches', 'food', 'shopping']",1.0410684023394154,1,2,0.8500000000000001,0.8502102284747198,0.3524802429799433,0.6511182342768093,0.8950855552047102,0.72743686957153,True,1
Ozran Beach,"Ozran Beach, Anjuna, Goa, India",4.5,2262.0,ChIJuyzTNnfpvzsRbeKRVdrY7wo,"natural_feature, establishment, beach, relaxation, scenic, nightlife",Bardez (Mapusa),15.593719,73.7344677,,,"['beaches', 'nightlife', 'relaxation', 'scenic']",1.0662896884143962,1,2,0.875,0.8749943408093388,0.6705462491325836,0.7932151041386367,0.8950855552047102,0.8861891464187742,True,1
Anjuna Beach Sandsite,"monteiro wado, Anjuna, Goa 403509, India",4.4,181.0,ChIJD8n3tKjpvzsRcIZe_ycntKI,"lodging, point_of_interest, establishment",Pernem,15.5738534,73.7407517,,,['beaches'],1.2933296914188042,1,2,0.8500000000000001,0.8500669958875482,0.4517510864616797,0.6907406321172008,0.8950855552047102,0.771703473596136,True,1
Anjuna sand Beach,"4241a, Calangute - Arpora Rd, Agar Vaddo, Prabhu wada, Calangute, Anjuna, Goa 403509, India",4.4,236.0,ChIJM8kiU6rrvzsRBj870doD4-E,"point_of_interest, establishment,beach,nature,nightlife",Pernem,15.5724968,73.7413421,,,"['beaches', 'nature', 'nightlife']",1.4508640279195322,1,2,0.8500000000000001,0.8500514483187079,0.4746731236395025,0.6999001184470257,0.8950855552047102,0.7819365583292821,True,1
Palacete Rodrigues - Heritage Holiday Mansion,"H.no, 1131, Bardez, Mazal Waddo, Anjuna, Goa 403509, India",4.2,174.0,ChIJX-9hTynqvzsRsFDhRJXbSFA,"bar, lodging, restaurant, food, point_of_interest, establishment",Bardez (Mapusa),15.5834853,73.753063,,,"['food', 'historical', 'nightlife']",1.4737902024135638,1,2,0.8,0.8003553900087643,0.4483464021781649,0.6595517948765246,0.8950855552047102,0.7368589416300904,True,1
Vagator Beach View,"HPXM+Q9F, Vagator, Goa 403509, India",4.5,1852.0,ChIJc5ouLHDpvzsR9nHjejLY4e4,"tourist_attraction, point_of_interest, establishment,beach,viewpoint",Bardez (Mapusa),15.5994407,73.7334125,,,"['beaches', 'scenic']",1.6881369854586352,1,2,0.875,0.8749930886408708,0.6531945313527762,0.786273665725633,0.8950855552047102,0.8784340906337256,True,1
Vagator Beach Cross,"HPXM+R2W, Bardez, Anjuna, Goa, India",4.4,74.0,ChIJ1RrC1nHpvzsRC-6IN8mKVNc,"point_of_interest, establishment",Bardez (Mapusa),15.5996173,73.7325904,,,"['beaches', 'nightlife']",1.7415673328710184,1,2,0.8500000000000001,0.8501625766871167,0.37479389696384413,0.6600151047978077,0.8950855552047102,0.7373765568665211,True,1
Vagator Hill View,"Chapora Fort Trail, Vagator, Goa 403509, India",4.6,320.0,ChIJNb7bl2jpvzsRQJxMZFXA3vo,"park, point_of_interest, establishment",Bardez (Mapusa),15.6009571,73.7342742,,,"['fort', 'historical', 'nature', 'scenic']",1.814738003184828,1,2,0.8999999999999999,0.8998822219673948,0.501009117512905,0.7403329801855988,0.8950855552047102,0.8271086220537669,True,1
Vagator Beach Sunset Point,"JP2M+CFM, Vagator Beach Rd, Vagator, Goa 403509, India",4.5,5524.0,ChIJww0daCnpvzsR09UMQ9s7oFk,"tourist_attraction, point_of_interest, establishment",Bardez (Mapusa),15.601075,73.733682,,,"['beaches', 'photography']",1.8474561364135222,1,2,0.875,0.8749976820364768,0.74803065223647,0.8242108701164741,0.8950855552047102,0.9208179769228576,True,1
W Goa,"Vagator Beach, Bardez, Goa, 403509, India",4.6,7783.0,ChIJn3MIgG_pvzsRfuIlXe1SYEY,"lodging, point_of_interest, establishment",Bardez (Mapusa),15.6024636,73.7369477,,,"['beaches', 'nightlife']",1.9143683473265434,1,2,0.8999999999999999,0.8999951430179257,0.7777874248586377,0.8511120557542106,0.8950855552047102,0.9508722946149626,True,1
Vagator Beach,"Vagator Beach, Anjuna, Goa, India",4.4,12983.0,ChIJrwFB_W7pvzsRAxuEMqa-5x8,"natural_feature, establishment",Bardez (Mapusa),15.6029835,73.733627,,,['beaches'],2.050468423856138,1,2,0.8500000000000001,0.8500009390982389,0.8222026843464018,0.8388816371975041,0.8950855552047102,0.9372083286559663,True,1
Chapora Fort,"Chapora Fort Trail, Vagator, Anjuna, Goa 403509, India",4.2,24749.0,ChIJ56FVYsbpvzsRB6GFWwDiCzc,"point_of_interest, establishment,fort,historical",Bardez (Mapusa),15.6046375,73.7369631,,,"['fort', 'historical']",2.1537757915893607,1,2,0.8,0.8000025128586479,0.8782033975031407,0.8312828667164449,0.8950855552047102,0.928718893833927,True,1
Chapora Beach,"Chapora Beach, Chapora, Goa, India",4.1,552.0,ChIJ01ErhWbpvzsRnEzT0GMVjh8,"natural_feature, establishment",Bardez (Mapusa),15.606325,73.7402468,,,['beaches'],2.326451854108848,1,2,0.7749999999999999,0.7751576731492471,0.5482256288538232,0.6843848554310775,0.8950855552047102,0.7646027259087602,True,1
Coco Heritage Resort Water Park & Swimming Pool,"near Goan Beach club, Baga-Arpora road, Arpora",3.4,358.0,ChIJ6z7MiyHqvzsRK5bfx4qcJTY,"tourist_attraction, amusement_park, point_of_interest, establishment",Tiswadi (Panaji),15.5690863,73.7534674,,,"['beaches', 'historical', 'nature', 'nightlife']",2.3561944183205794,1,2,0.6,0.6007303433190355,0.5107213423849091,0.5647267429453849,0.8950855552047102,0.630919289962432,True,1
Srikarisapusiá Beach,"ROCKPOOL, 495, W Goa, 2, Vagator Beach Rd, Vagator, Anjuna, Goa 403509, India",5.0,3.0,ChIJuVglFADpvzsRWe4ZHq21IEw,"tourist_attraction, point_of_interest, establishment",Bardez (Mapusa),15.6066796,73.7323809,,,['beaches'],2.482575670329042,1,2,1.0,0.9655483128834357,0.12034188682862641,0.627465742461512,0.8950855552047102,0.7010120304287646,True,1
St. Michael's Church,"Junction, Anjuna Beach Road, Bouta Waddo, Chapora, Anjuna, Goa 403510, India",4.5,614.0,ChIJtQOjQTPqvzsRK9oqbZt9oI0,"tourist_attraction, church, place_of_worship, point_of_interest, establishment",Bardez (Mapusa),15.5899919,73.7642162,,,"['beaches', 'religious']",2.700942241051195,1,2,0.875,0.8749791760187541,0.5574502514633876,0.7479676061966074,0.8950855552047102,0.8356381150911811,True,1
Badem Sunset Point,"Nr Church, Badem, Vagator, Goa 403509, India",4.5,291.0,ChIJyccR2t7rvzsRXjIMgotjDP4,"tourist_attraction, point_of_interest, establishment",Bardez (Mapusa),15.6076719,73.7513173,,,"['photography', 'religious']",2.781972080935119,1,2,0.875,0.8749561412723758,0.49278947010552215,0.7220894728056343,0.8950855552047102,0.8067267632762648,True,1
Our Lady of Miracles Church,"Road, Badem, Vagator, Assagao, Goa 403517, India",4.8,61.0,ChIJk4kTx97rvzsR2hCqZctn8iI,"church, place_of_worship, point_of_interest, establishment",Bardez (Mapusa),15.6079077,73.7523874,,,['religious'],2.8590722956019583,1,2,0.95,0.948583762121512,0.3582696092700012,0.7124581009809077,0.8950855552047102,0.7959664825760318,True,1
Sunset View Point,"JQ62+2QC, Assagao, Goa 403512, India",4.7,124.0,ChIJF9pAmLXrvzsR7y9eQPFouKs,"tourist_attraction, point_of_interest, establishment",Bardez (Mapusa),15.6100663,73.7518765,,,"['photography', 'scenic']",3.046931789892122,1,2,0.925,0.9244975460122701,0.4191378120287147,0.722353652418848,0.8950855552047102,0.8070219078148818,True,1
Baga Beach,"Tito's Ln, Baga, Calangute, Goa 403516, India",4.5,41273.0,ChIJwwC70xzqvzsRwtCdkhYXhE0,"point_of_interest, establishment,beach,nightlife",Bardez (Mapusa),15.5581911,73.7506843,,,"['beaches', 'nightlife']",3.257755678588198,1,2,0.875,0.8749996897139006,0.9225978045407416,0.894038935644637,0.8950855552047102,0.9988307044460863,True,1
Turtle Beach Morjim,"JP7P+WRQ, Kannaikwada, Morjim, Goa 403512, India",4.6,172.0,ChIJwy5iUwvpvzsRbT4ZrrFPizk,"tourist_attraction, point_of_interest, establishment",Pernem,15.6148324,73.7371049,,,['beaches'],3.280493192296632,1,2,0.8999999999999999,0.8997814638816978,0.4473485943915851,0.7188083160856527,0.8950855552047102,0.8030610167999614,True,1
Morgim Beach,"Morgim Beach, Morjim, Goa 403512, India",4.6,648.0,ChIJLcOVXEPpvzsRI3q63F4VEf0,"natural_feature, establishment",Pernem,15.6154449,73.7363853,,,['beaches'],3.355064996988119,1,2,0.8999999999999999,0.899941746150283,0.562121446220465,0.7648136261783558,0.8950855552047102,0.8544586846823143,True,1
Heritage Exotica Villa,"Villa A1, Heritage Exotica, Bardez, Arpora, Goa 403516, India",4.7,256.0,ChIJ7e3F0u7rvzsRiushDCJTilg,"point_of_interest, establishment",Bardez (Mapusa),15.5699222,73.7688268,,,"['historical', 'nightlife']",3.5873911816872988,1,2,0.925,0.9247556157647228,0.48170598174578155,0.7475357621571463,0.8950855552047102,0.8351556539041471,True,1
Morjim Beach Goa,"Tem, Morjim, Goa 403512, India",4.6,1446.0,ChIJr4aj2XbpvzsR0tYp5LuuRh8,"point_of_interest, establishment",Pernem,15.6173203,73.7335798,,,['beaches'],3.6027825873058976,1,2,0.8999999999999999,0.8999738723231056,0.6317256615216275,0.7926745880025143,0.8950855552047102,0.8855852755005369,True,1
Capela de São Sebastião,"Junction, Aguada - Siolim Rd, opposite Pinto Mansion, Arpora, Goa 403516, India",4.3,130.0,ChIJDyj6pBbqvzsR6PtSOPJwa9s,"church, place_of_worship, point_of_interest, establishment",Bardez (Mapusa),15.5634745,73.7647786,,,['religious'],3.6487538071015164,1,2,0.825,0.8252839179506392,0.4232076974344388,0.664453429744159,0.8950855552047102,0.7423351051533787,True,1
BENZ WAX MUSEUM & FISH AQUARIUM,"Junction, Calangute - Arpora Rd, near Arpora, Arpora, Goa 403516, India",4.6,27315.0,ChIJaQVTa_LrvzsRHDEKtziA-JE,"museum, point_of_interest, establishment",Bardez (Mapusa),15.5609664,73.7636452,,,['historical'],3.7560859278601044,1,2,0.8999999999999999,0.8999986159485844,0.8867667886087855,0.8947058850126648,0.8950855552047102,0.9995758280425399,True,1
Uddo Beach,"JQC2+2F, Unnamed Road, 403517, Kudal, Siolim, Goa 403517, India",4.2,714.0,ChIJzZriTOLrvzsR1b9GVIihz0g,"tourist_attraction, point_of_interest, establishment,beach",Pernem,15.6208175,73.7498994,,,['beaches'],4.092369099993337,1,2,0.8,0.8000869835685787,0.570528817068627,0.708263716968598,0.8950855552047102,0.7912804679398662,True,1
Calangute Beach,"Calangute Beach, Goa, India",4.4,29353.0,ChIJK-30SAHqvzsRF30lXa0vWcs,"natural_feature, establishment, beach, nightlife, shopping, scenic, water sports",Bardez (Mapusa),15.549441,73.7534857,,,"['adventure', 'beaches', 'nightlife', 'scenic', 'shopping', 'water sports']",4.273521986242208,1,2,0.8500000000000001,0.850000415386371,0.893013186614023,0.8672055238774319,0.8950855552047102,0.9688521045109458,True,1
Boho By The Beach,"Boho By The Beach, 1384/A, Teamwaddo Pernem, Morjim, Goa 403512, India",4.5,263.0,ChIJ22z3Yi7pvzsRZdq92PiJDlw,"lodging, health, point_of_interest, establishment",Pernem,15.6234773,73.732984,,,['beaches'],4.288412779235208,1,2,0.875,0.8749514895891429,0.4840387833583514,0.7185864070968263,0.8950855552047102,0.8028130974948895,True,1
Igreja de Santa Ana,"HQHH+HRX, Parra, Goa 403510, India",4.5,693.0,ChIJcVT1o0XqvzsRxGomyDsOAYE,"tourist_attraction, church, place_of_worship, point_of_interest, establishment",Bardez (Mapusa),15.5789951,73.7796048,,,['religious'],4.359787033076134,1,2,0.875,0.8749815464719507,0.5679410104609671,0.7521653320675573,0.8950855552047102,0.8403278632907148,True,1
Morjhim Beach,"Morjhim Beach, Morjim, Goa 403512, India",4.6,2050.0,ChIJFUx4sUjpvzsRODyBpvAASV0,"natural_feature, establishment",Pernem,15.6246696,73.7292137,,,['beaches'],4.50027705984675,1,2,0.8999999999999999,0.8999815666755405,0.6620074451405181,0.8047919180615315,0.8950855552047102,0.8991228976736999,True,1
St Anthony Church,"JQ7C+Q6J, Duler-Marna-Siolim Rd, Kudal, Siolim, Goa 403517, India",4.6,1741.0,ChIJv9czpurrvzsRgixBWE4MUgQ,"tourist_attraction, church, place_of_worship, point_of_interest, establishment",Pernem,15.614462,73.7705089,,,['religious'],4.636339589408804,1,2,0.8999999999999999,0.8999782969296978,0.6478322017278696,0.7991198588489665,0.8950855552047102,0.8927860071054371,True,1
St. Cajetan Church - Assagao,"Anjuna Road, Bardez, Assagao, Assagao",4.4,165.0,ChIJc7n1L7LrvzsRK1BttRrWihA,"tourist_attraction, church, place_of_worship, point_of_interest, establishment",Tiswadi (Panaji),15.5973163,73.7810426,,,"['nightlife', 'religious']",4.647069050970365,1,2,0.8500000000000001,0.8500734533224925,0.4437630803019045,0.6875493041142573,0.8950855552047102,0.7681380848080065,True,1
"Calangute Beach, Goa","Calangute Beach Rd, Umtav Vado, Calangute, Goa 403516, India",4.3,100672.0,ChIJgQ9KpXTrvzsRccrngLKJ-bM,"tourist_attraction, point_of_interest, establishment,beach",Bardez (Mapusa),15.5447206,73.754669,,,['beaches'],4.809902876274844,1,2,0.825,0.8250003694461427,1.0,0.8950002216676857,0.8950855552047102,0.9999046643792558,True,1
Morjim Beach,"JPHH+36R, Morjim, Goa 403512, India",4.6,8145.0,ChIJL0YJ38ruvzsRmbkATYIiC40,"point_of_interest, establishment, beach, relaxation, scenic, photography",Pernem,15.6277403,73.7280048,,,"['beaches', 'photography', 'relaxation', 'scenic']",4.863158425193099,1,2,0.8999999999999999,0.899995358857296,0.7817334415989027,0.8526905919539387,0.8950855552047102,0.9526358536295723,True,1
Montego Bay Beach Village - Beach Resort In North Goa,"Vithaldas Waddo, Morjim, Goa 403512, India",4.3,2127.0,ChIJZ1Sh30vpvzsRn02K543oOMU,"bar, lodging, restaurant, food, point_of_interest, establishment",Pernem,15.6279066,73.7285128,,,"['beaches', 'food', 'nightlife']",4.867678249420994,1,2,0.825,0.8250174780317358,0.6652067738557927,0.7610931963613585,0.8950855552047102,0.8503021771894118,True,1
MORJIM BEACH NORTH GOA,"943, Morjim Beach Road, Morjim, Goa 403512, India",4.7,23.0,ChIJXxFhXA_pvzsRvAtB8uO7J_8,"tourist_attraction, point_of_interest, establishment",Pernem,15.6278365,73.7281319,,,['beaches'],4.870105081991513,1,2,0.925,0.9223830521472394,0.2758815191876407,0.6637824389633998,0.8950855552047102,0.7415854664435845,True,1
Callgunte Beach,"Callgunte Beach, Near Calangute Beach, Calangute, Goa 403516, India",4.3,640.0,ChIJTYXuY_3BvzsRq4_IXSwnlic,"natural_feature, establishment",Bardez (Mapusa),15.5446641,73.7576483,,,['beaches'],4.932994105386882,1,2,0.825,0.8250580237933444,0.5610447400554363,0.7194527102981811,0.8950855552047102,0.8037809415141762,True,1
"De Soul Santé, Morjim Beach","Vithaldas wada, Pernem, Goa 403512, India",4.6,456.0,ChIJwwVBkKDpvzsR9fnvm-vckIU,"lodging, restaurant, food, point_of_interest, clothing_store, store, establishment",Pernem,15.6289499,73.7274457,,,"['beaches', 'food', 'shopping']",5.008465852308267,1,2,0.8999999999999999,0.8999172718851941,0.5316734859202212,0.752619757499205,0.8950855552047102,0.8408355526719201,True,1
Goa Water Sports Activities and Boat Tours,"near Carvalho's Bar & Restaurant Old Petrol Pump, Calangute, Goa 403516, India",4.3,4234.0,ChIJuT9rLsHrvzsRdSNYqdI0qUQ,"travel_agency, school, point_of_interest, establishment,adventure",Bardez (Mapusa),15.5450466,73.7625115,,,"['adventure', 'food', 'historical', 'nightlife', 'water sports']",5.123777380908602,1,2,0.825,0.8250087823498309,0.7249483265100148,0.7849846000139045,0.8950855552047102,0.8769939314173993,True,1
Shree Shantadurga Samsthaana,"Khobra Waddo, Calangute, Goa 403516, India",4.6,381.0,ChIJFfbT5gnqvzsR5sr9H0NVZw0,"hindu_temple, place_of_worship, point_of_interest, establishment",Bardez (Mapusa),15.5458769,73.7645145,,,['religious'],5.151578523942868,1,2,0.8999999999999999,0.8999010294542767,0.5161119846520379,0.7463854115333812,0.8950855552047102,0.8338704687985713,True,1
Baga beach,"Baga beach, Calangute - Mapusa Rd, Nagva, Saligao, Goa 403516, India",4.2,103.0,ChIJtVyLxm_qvzsRKbczJzzDfGY,"natural_feature, establishment",Bardez (Mapusa),15.5592353,73.7810841,,,['beaches'],5.32570838315974,1,2,0.8,0.8005980120339784,0.4031717791312844,0.6416275188729008,0.8950855552047102,0.7168337318617075,True,1
Fort Aguda Beach Resort,"Umtta Vaddo, Calangute, Goa 403516, India",4.4,198.0,ChIJv6ZPU-LBvzsReAh985eXiYE,"lodging, point_of_interest, establishment",Bardez (Mapusa),15.5426013,73.762876,,,"['beaches', 'fort', 'historical']",5.381697528198125,1,2,0.8500000000000001,0.8500612726207726,0.45950290791908294,0.6938379267400967,0.8950855552047102,0.7751638071976402,True,1
Morjai Temple,"JPPQ+CXG, Morjim, Goa 403512, India",4.7,508.0,ChIJ9QLB6azuvzsR6HCy9IyNjeU,"hindu_temple, tourist_attraction, place_of_worship, point_of_interest, establishment",Pernem,15.63606,73.7399396,,,['religious'],5.63151110491674,1,2,0.925,0.924876607566864,0.5410283522087816,0.771337305423631,0.8950855552047102,0.8617470150629596,True,1
S2 Beach Shack and Cottages,"Gawde Wada, Morjim, Ashvem Loto Beach, Goa 403512, India",4.4,1001.0,ChIJoV4QxcruvzsRCcyTzd4SrPE,"lodging, restaurant, food, point_of_interest, establishment",Pernem,15.6341112,73.7223019,,,"['beaches', 'food']",5.717525008587934,1,2,0.8500000000000001,0.8500121689137063,0.599824085529492,0.7499369355600206,0.8950855552047102,0.8378382727766247,True,1
Marjoram beach,"JPPC+3QF, Pernem, Gawde Vaddo, Morjim, Goa 403512, India",4.4,22.0,ChIJC6KWU_jvvzsRvpDEHPyr5-w,"tourist_attraction, point_of_interest, establishment",Pernem,15.634123,73.722051,,,['beaches'],5.727452694130831,1,2,0.8500000000000001,0.8505301413710323,0.2721869904890465,0.619192881018238,0.8950855552047102,0.6917694933381264,True,1
Kerkar Art Complex,"GQM6+7JM, Holiday St, Gauravaddo, Calangute, Goa 403516, India",3.5,39.0,ChIJJ9made_BvzsRIjH1r4LkwGs,"tourist_attraction, museum, point_of_interest, establishment",Bardez (Mapusa),15.5331651,73.761561,,,['historical'],6.274354745148318,1,2,0.625,0.6309298312883436,0.32022543425251115,0.5066480724740106,0.8950855552047102,0.566033123345553,True,1
Candolim Beach Water Sports,"Candolim Rd, Candolim, Calangute, Goa 403516, India",4.3,934.0,ChIJB9aW60rBvzsRh8LHIhKk6fM,"school, travel_agency, store, point_of_interest, establishment,adventure",Bardez (Mapusa),15.5333171,73.7621735,,,"['adventure', 'beaches', 'shopping', 'water sports']",6.2838298168690185,1,2,0.825,0.8250397788786457,0.5938163635092644,0.7325504127308932,0.8950855552047102,0.8184138471135929,True,1
Our Lady of the Sea Church,"JQHH+XFX, Oshal, Goa 403507, India",4.7,99.0,ChIJ_eSN7I7rvzsRvSyVZvgdzg0,"tourist_attraction, church, place_of_worship, point_of_interest, establishment",Pernem,15.6299914,73.7787372,,,['religious'],6.501487799270555,1,2,0.925,0.9243719325153374,0.39976709484776957,0.7145299974483104,0.8950855552047102,0.7982812294238109,True,1
Mae De Deus Church,"GQWP+R47, Chogm Rd, Muddavaddi, Saligao, Goa 403511, India",4.4,3887.0,ChIJFbog2NfBvzsRlZ2Ry-UD8g0,"tourist_attraction, church, place_of_worship, point_of_interest, establishment,religious,historical",Bardez (Mapusa),15.5470308,73.7853113,,,"['historical', 'religious']",6.507792415528791,1,2,0.8500000000000001,0.8500031361243657,0.717527218380758,0.7970127690269226,0.8950855552047102,0.8904319418322443,True,1
Thalassa Beach Boutique Resort,"251/4 Village Mandrem, Taluka, Pernem, Ashvem, Goa 403512, India",4.4,1181.0,ChIJ35vRwdrvvzsRO2pDE6PEySM,"lodging, restaurant, food, point_of_interest, establishment",Pernem,15.6416115,73.7192854,,,"['beaches', 'food']",6.611187546185129,1,2,0.8500000000000001,0.8500103157796395,0.6141656810884869,0.7556724619031784,0.8950855552047102,0.8442460695618673,True,1
La Cabana Beach & Spa,"Ashvem Beach, Ashvem Wada, Mandrem, Goa 403527, India",4.3,4568.0,ChIJPw4jycjuvzsRB9S1HRzbLZ8,"lodging, point_of_interest, establishment",Pernem,15.6428474,73.7203813,,,['beaches'],6.704549899616966,1,2,0.825,0.825008140348333,0.7315380360091643,0.7876200986126656,0.8950855552047102,0.8799383411259868,True,1
"Shri Devi Sateri Sansthan, Khorli, Mhapasa","HRW2+9JV, Ghateshwar Nagar, Khorlim, Mapusa, Goa 403507, India",4.7,76.0,ChIJOV7TNgLrvzsRHeJsPxsGzjc,"hindu_temple, place_of_worship, point_of_interest, establishment",Sattari (Valpoi),15.5960279,73.8015381,,,['religious'],6.753736614535891,1,2,0.925,0.9241843279419967,0.3770784583297325,0.705341980097091,0.8950855552047102,0.788016269501496,True,1
Ashvem Beach,"Ashvem Beach, Goa, India",4.6,2570.0,ChIJx3JytMXuvzsRl1R6ni18FbY,"natural_feature, establishment",Pernem,15.6437966,73.7174025,,,['beaches'],6.907587603088158,1,2,0.8999999999999999,0.8999852949247505,0.6816233001569311,0.8126404970176228,0.8950855552047102,0.9078914214315168,True,1
Shri Dev Bodgeshwar Sansthan,"HRM4+V99, Calangute - Mapusa Rd, Mapusa, Goa, Mapusa, Goa 403507, India",4.8,3556.0,ChIJmXJVz_rqvzsRK_hbmAoRP2Y,"hindu_temple, tourist_attraction, place_of_worship, point_of_interest, establishment",Bardez (Mapusa),15.5846637,73.805974,,,['religious'],7.125661871161307,1,2,0.95,0.9499753143805267,0.7098032401730539,0.8539064846975376,0.8950855552047102,0.9539942631542582,True,1
Palm Grove Beach Resort,"Ashvem Beach, Mandrem, Goa 403527, India",4.4,890.0,ChIJAQAAAIzuvzsRl0tqGeguwkc,"lodging, point_of_interest, establishment",Pernem,15.647245,73.7169639,,,['beaches'],7.284503796104841,1,2,0.8500000000000001,0.850013684906323,0.5896320199495149,0.7458610189235997,0.8950855552047102,0.8332846112716207,True,1
St. Diogo's Church,"Sangolda, Goa 403510, India",4.5,449.0,ChIJqSzzbY_qvzsRHhDqLOqL2iY,"church, place_of_worship, point_of_interest, establishment",Bardez (Mapusa),15.5614189,73.8034299,,,"['historical', 'religious']",7.354259338216109,1,2,0.875,0.8749715405589639,0.5303335293228584,0.7371163360645216,0.8950855552047102,0.8235149498038092,True,1
Shree Hanuman Maharudra Sansthan,"8/3, Hutatma Circle, Mapusa, Goa 403507, India",4.6,669.0,ChIJH6lhruPqvzsR1e-1dkaL6eM,"hindu_temple, tourist_attraction, place_of_worship, point_of_interest, establishment",Bardez (Mapusa),15.5910889,73.8101578,,,['religious'],7.599381881410811,1,2,0.8999999999999999,0.8999435720172145,0.5648858568490964,0.7659204859499672,0.8950855552047102,0.8556952813016825,True,1
Candolim Beach,"Candolim Beach Rd, Candolim, Goa 403515, India",4.5,42536.0,ChIJv9F7IjzBvzsR70r6HmyML_o,"tourist_attraction, point_of_interest, establishment,beach",Bardez (Mapusa),15.5179749,73.7626122,,,['beaches'],7.899018638765861,1,2,0.875,0.8749996989268526,0.9252143396214967,0.8950855552047102,0.8950855552047102,1.0,True,1
Candolim Beach Entry Gate,"573, Candolim Beach Rd, Candolim, Goa 403515, India",4.6,40.0,ChIJER7Qg7HBvzsRuBcwWRhOKv0,"tourist_attraction, point_of_interest, establishment",Bardez (Mapusa),15.5181114,73.7638247,,,['beaches'],7.926443702473075,1,2,0.8999999999999999,0.8990778841837497,0.322368958509115,0.6683943139138958,0.8950855552047102,0.746737906814987,True,1
Faith Community Church,"near Kidzee school, Altinho, Mapusa, Goa 403507, India",4.8,139.0,ChIJ41A_1XTrvzsR5J3dOH6TcGM,"point_of_interest, establishment",Bardez (Mapusa),15.5924455,73.8177769,,,['religious'],8.425506409091152,1,2,0.95,0.9493728089395267,0.42897568499721966,0.7412139593626039,0.8950855552047102,0.828092862243861,True,1
St. Jerome Church,"HRQ9+Q9R, Market Rd, Angod, Mapusa, Goa 403507, India",4.6,1209.0,ChIJ6W_gAd7qvzsRJwDxJqg3318,"tourist_attraction, church, place_of_worship, point_of_interest, establishment,religious,historical",Bardez (Mapusa),15.589499,73.818388,,,"['food', 'historical', 'religious', 'shopping']",8.46686790000491,1,2,0.8999999999999999,0.8999687547533336,0.6161980757653063,0.7864604831581227,0.8950855552047102,0.8786428052436345,True,1
"Our Lady of Good Hope Church, Candolim","GQ9G+5WW, Candolim, Goa 403511, India",4.5,655.0,ChIJj8rE_7vBvzsRoMEWGV1J-Nc,"tourist_attraction, church, place_of_worship, point_of_interest, establishment,religious,historical",Tiswadi (Panaji),15.5179909,73.777324,,,"['historical', 'religious']",8.524807154853995,1,2,0.875,0.874980477517582,0.5630527321663678,0.7502093793770963,0.8950855552047102,0.8381426501799819,True,1
St. Francis Xavier’s Church Duler,"Duler Ground Rd, opp. Sankalp Hospital Building, Alto Duler, Karaswada, Mapusa, Goa 403526, India",4.5,496.0,ChIJsVb74BjrvzsR97sR_JuTdAE,"church, place_of_worship, point_of_interest, establishment",Bardez (Mapusa),15.603661,73.817261,,,['religious'],8.57706049760887,1,2,0.875,0.874974231894434,0.5389572800990736,0.7405674511762899,0.8950855552047102,0.8273705757735289,True,1
Francoise beach,"GQ67+JV3, Candolim, Goa 403515, India",4.5,220.0,ChIJQfjVvdbBvzsRMto7GRPLuBA,"tourist_attraction, point_of_interest, establishment",Bardez (Mapusa),15.5114419,73.7646301,,,['beaches'],8.656630942768079,1,2,0.875,0.8749420509119173,0.4686054442173268,0.7124074082340811,0.8950855552047102,0.7959098480492741,True,1
Shri Shantadurga Devasthan,"GQ79+6WC, Candolim, Goa 403515, India",4.6,1012.0,ChIJc-AclZfBvzsRRTRhOUOou1A,"hindu_temple, tourist_attraction, place_of_worship, point_of_interest, establishment",Bardez (Mapusa),15.51302,73.7697696,,,['religious'],8.680700633788327,1,2,0.8999999999999999,0.8999626784319187,0.6007718781093475,0.7802863583028903,0.8950855552047102,0.8717450010959401,True,1
Padnir sunset point,"MQ5C+CV8, Parse, Goa 403512, India",4.3,6.0,ChIJkaSbVgDtvzsRhsmRuRrH-d8,"tourist_attraction, point_of_interest, establishment",Pernem,15.6585332,73.7722103,,,['photography'],8.854791754119852,1,2,0.825,0.8303133216476775,0.16892119415902176,0.5657564706522151,0.8950855552047102,0.6320697137413015,True,1
Our Lady of Piety Church,"GWG2+556 Diver Island, Piedade, Goa 403403, India",4.5,907.0,ChIJEwdWYU--vzsRao8N7k9UurM,"tourist_attraction, church, place_of_worship, point_of_interest, establishment",Sattari (Valpoi),15.525597,73.9004056,,,['religious'],18.480459718935446,2,3,0.875,0.8749858956514689,0.6137319741617661,0.7704843270555878,0.9249998836525789,0.8329561340193361,True,0
Nauxim Beach,"FR2V+F2Q, Tiswadi, Bambolim, Goa 403206, India",3.9,34.0,ChIJX1r4L6i4vzsRCgJM-9aCFeY,"tourist_attraction, point_of_interest, establishment",Tiswadi (Panaji),15.4512113,73.8426049,,,['beaches'],18.570010071126887,2,3,0.725,0.7289198071866784,0.32035714229624973,0.5654947412305069,0.9249998836525789,0.6113457430908189,True,1
Museum Solar Souto Maior,"H.NO.B-40,ST.PEDRO BAINGUINIM, Old Goa, 403402, India",3.8,29.0,ChIJB2W7l_y-vzsRlN1n1DugmKc,"museum, point_of_interest, establishment",Tiswadi (Panaji),15.4998023,73.8940311,,,['historical'],19.1014312943608,2,3,0.7,0.7054064417177914,0.30646728667075107,0.5458307796989753,0.9249998836525789,0.5900874036260788,True,1
Bambolim Beach,"CVX2+RQR, Bambolim, Goa 403206, India",4.2,109.0,ChIJb-oRWo25vzsRYL3u1Oyxe_M,"tourist_attraction, point_of_interest, establishment,beach",Tiswadi (Panaji),15.4496162,73.8518753,,,['beaches'],19.316133618578423,2,3,0.8,0.8005653931957614,0.4235400954735393,0.6497552741068726,0.9249998836525789,0.7024382225229712,True,1
"São Pedro Church, Goa","GV2W+4VH, Old Goa, Baingini, Goa 403402, India",4.5,91.0,ChIJ624yk_q-vzsRS1inwISMJ4Y,"tourist_attraction, church, place_of_worship, point_of_interest, establishment",Tiswadi (Panaji),15.5002292,73.8972411,,,"['historical', 'religious']",19.377054805409422,2,3,0.875,0.8748607962123233,0.40743894593667745,0.6878920561020649,0.9249998836525789,0.7436671812171066,True,1
Holy Cross Shrine,"FV27+VP8, Siridao, Bambolim, Goa 403202, India",4.8,588.0,ChIJK84awre4vzsRHJvfRAEHflo,"church, place_of_worship, point_of_interest, establishment",Tiswadi (Panaji),15.4521705,73.8643258,,,['religious'],19.963207880654718,2,3,0.95,0.9498509223285801,0.5747325857278182,0.7998035876882753,0.9249998836525789,0.8646526359874375,True,1
Church of Our Lady of the Rosary,"GW23+PX9, Old Goa, Goa 403402, India",4.5,127.0,ChIJ89dPoPG-vzsRpKOATjYJRvE,"church, place_of_worship, point_of_interest, establishment",Salcete (Margao),15.501778,73.9049807,,,"['historical', 'religious']",20.02382483631517,2,3,0.875,0.8748999472776073,0.4371956058313576,0.6998182106991074,0.9249998836525789,0.7565603229437297,True,1
Royal Chapel of St. Anthony,"Royal Chapel of St Antony, Old Goa, Goa 403402, India",4.6,16.0,ChIJ4TTwkvG-vzsR_nQNomX0_H8,"tourist_attraction, church, place_of_worship, point_of_interest, establishment",Salcete (Margao),15.5006988,73.9056926,,,"['historical', 'religious']",20.147265736150064,2,3,0.8999999999999999,0.8977760736196317,0.2552886847419435,0.6407811180685564,0.9249998836525789,0.6927364309909769,True,1
Main Altar Of Church Of St. Augustine,"GW24+483, Old Goa, Goa 403402, India",4.6,48.0,ChIJXRkP7vG-vzsR4oOh-TTs0Zw,"point_of_interest, establishment",Salcete (Margao),15.5002558,73.9057977,,,"['historical', 'religious']",20.180303677567245,2,3,0.8999999999999999,0.8992284337047701,0.35067521026646226,0.679807144329447,0.9249998836525789,0.7349267349581377,True,1
Fort of Mormugao,"CQ6V+MMV, Headland Sada, Vasco Da Gama, Goa 403803, India",3.8,75.0,ChIJL1-OdB3HvzsR4MgQ9kp6Clg,"point_of_interest, establishment",Mormugao (Vasco),15.4117376,73.7941706,,,"['fort', 'historical']",20.182724395801326,2,3,0.7,0.7021341217307071,0.3902237792043394,0.5773699847201601,0.9249998836525789,0.6241838457755036,True,1
Shri Vetal Maharudra Temple,"Shirodwadi, Mulgaon, Goa 403503, India",4.8,69.0,ChIJ5ysdXSWUvzsRSkcmckK5434,"hindu_temple, place_of_worship, point_of_interest, establishment",Bicholim,15.6149619,73.9255214,,,['religious'],20.196996936090745,2,3,0.95,0.9487456178790534,0.38281365741501516,0.7223728336934381,0.9249998836525789,0.7809437022207826,True,1
Church of Our Lady of Grace,"Old Goa, Goa 403402, India",4.4,1139.0,ChIJxapT8fG-vzsRv5zxNSl-WWI,"church, place_of_worship, point_of_interest, establishment",Salcete (Margao),15.5002453,73.9061058,,,"['historical', 'religious']",20.210003957916168,2,3,0.8500000000000001,0.8500106958346788,0.6342345507563252,0.7637002378033373,0.9249998836525789,0.8256219825538657,True,1
St. Ann's Church,"FVHR+6MW Santana, Talauim, Goa 403006, India",4.6,257.0,ChIJLQE-VNi-vzsRz50PIq-vPYQ,"tourist_attraction, church, place_of_worship, point_of_interest, establishment",Tiswadi (Panaji),15.4781079,73.891706,,,['religious'],20.210245615542863,2,3,0.8999999999999999,0.899853462215247,0.5003533361982077,0.7400534118084312,0.9249998836525789,0.8000578431276735,True,1
St. Augustine Tower,"Church of St. Augustine Ruins, Old Goa, Goa 403402, India",4.5,3868.0,ChIJ7YKn9fG-vzsRqG6gJbaQxPs,"tourist_attraction, point_of_interest, establishment,viewpoint,historical,religious",Salcete (Margao),15.5005094,73.9064616,,,"['historical', 'religious', 'scenic']",20.229951878132333,2,3,0.875,0.874996689907349,0.7443408216137068,0.8227343425898921,0.9249998836525789,0.8894426444045945,True,1
Museum Of Christian Art,"Monte Santo (Holy Hill, next to St. Augustine Tower, Old Goa, Goa 403402, India",4.4,437.0,ChIJAQAAAIO-vzsRAl-vdrBfS3U,"museum, tourist_attraction, point_of_interest, establishment",Salcete (Margao),15.5011002,73.9069769,,,['historical'],20.24826628408369,2,3,0.8500000000000001,0.8500278384738215,0.5480426206519274,0.7292337513450637,0.9249998836525789,0.7883609114257543,True,1
Buttress Of The Church Of Santa Monica,"GW24+9VR, Convent of Santa Monica,, Old Goa, Goa 403402, India",4.4,552.0,ChIJT-kKI_K-vzsRoSkEmd7AExU,"point_of_interest, establishment",Salcete (Margao),15.5009998,73.9071469,,,"['historical', 'religious']",20.26958137688219,2,3,0.8500000000000001,0.8500220492794462,0.5690497827371365,0.7376331426625223,0.9249998836525789,0.7974413356138003,True,1
Convent of Santa Monica and The Chapel of The Weeping Cross,"GW24+CXQ Monte Santo, Old Goa, Goa 403402, India",4.6,111.0,ChIJ1TGrOvK-vzsR97M1pNwn4yY,"tourist_attraction, place_of_worship, point_of_interest, establishment",Salcete (Margao),15.5009908,73.9073793,,,"['historical', 'religious']",20.292114058631594,2,3,0.8999999999999999,0.8996624397458369,0.4251636656082926,0.7098629300908192,0.9249998836525789,0.7674194804087532,True,1
Fort Mormugao (Entrance),"CQ6V+49G, Headland Sada, Vasco Da Gama, Goa 403803, India",3.8,5.0,ChIJA0wbPQDHvzsRB1d7XDjetBI,"point_of_interest, establishment",Mormugao (Vasco),15.4103248,73.7934457,,,"['fort', 'historical']",20.310839365232372,2,3,0.7,0.7270322085889571,0.16144774950773244,0.5007984249564672,0.9249998836525789,0.5414037707539456,True,1
Shri Ravalnath Mahalaxmi Temple,"Ravalnath Mahalaxmi, Mapusa - Bicholim Rd, Mulgaon, Goa 403503, India",4.7,246.0,ChIJd8blfiWUvzsRPY8neQb6F-E,"hindu_temple, tourist_attraction, place_of_worship, point_of_interest, establishment",Bicholim,15.6147347,73.9268307,,,['religious'],20.331311355398363,2,3,0.925,0.9247457216661286,0.49642731816896774,0.7534183602672642,0.9249998836525789,0.8145064378735002,True,1
Church and Convent of St. John of God,"Monte Santo, Old Goa, Goa 403402, India",4.5,56.0,ChIJWbMUFfK-vzsRxQGL0-uPxFM,"tourist_attraction, church, place_of_worship, point_of_interest, establishment",Salcete (Margao),15.5007488,73.9078115,,,"['historical', 'religious']",20.345620686629566,2,3,0.875,0.8747753202023464,0.36430198335577574,0.6705859854637182,0.9249998836525789,0.7249579133088668,True,1
Dr.Sophia Waterfall,"Old Goa, Baingini, Goa 403402, India",3.5,32.0,ChIJHbPbiNy_vzsRVGBXJbg_6lU,"park, point_of_interest, establishment, waterfall, scenic, relaxation, peaceful",Tiswadi (Panaji),15.4888494,73.9013952,,,"['historical', 'nature', 'peaceful', 'relaxation', 'scenic']",20.4035224362614,2,3,0.625,0.6321876742889013,0.3150552775807224,0.5053347156056297,0.9249998836525789,0.5463078693698826,True,1
Capela de Santa Catarina de Alexandria,"GW36+953, Old Goa, Goa 403402, India",4.3,178.0,ChIJNcH7EPO-vzsRl1RKlSloJoI,"tourist_attraction, church, place_of_worship, point_of_interest, establishment,historical,religious",Salcete (Margao),15.503375,73.910435,,,"['historical', 'religious']",20.46323535361942,2,3,0.825,0.8252077835281213,0.46741305323875987,0.6820898914123767,0.9249998836525789,0.7373945699527927,True,1
Siridao Beach View,"CVR5+VP9, Tiswadi, Siridao, Goa 403108, India",4.3,294.0,ChIJ9RqAKby4vzsRUVLFLojS6gM,"tourist_attraction, point_of_interest, establishment",Tiswadi (Panaji),15.4421588,73.8593677,,,"['beaches', 'scenic']",20.46541171492007,2,3,0.825,0.8251260788187584,0.5124289217137865,0.7000472159767697,0.9249998836525789,0.756807896248018,True,1
Mill Stones of Gun Powder Factory,"GW36+43Q, Old Goa, Goa 403402, India",4.3,47.0,ChIJh0e2BPO-vzsReWmKgvI50V0,"point_of_interest, establishment",Salcete (Margao),15.5028285,73.9102318,,,['historical'],20.470962624515433,2,3,0.825,0.8257748594069529,0.34881729486402857,0.6349918335897832,0.9249998836525789,0.686477744280755,True,1
Shree Devi Kelbai Mandir,"Sharda Nagar, Maem, Bhatwadi, Goa 403504, India",4.7,229.0,ChIJW9M22N2VvzsRpbRgop-wvyI,"hindu_temple, place_of_worship, point_of_interest, establishment",Bicholim,15.5831,73.9306042,,,['religious'],20.475584068107448,2,3,0.925,0.9247269271805815,0.4900019679809307,0.7508369435007212,0.9249998836525789,0.8117157166937854,True,1
Beach Sun set View Point,"CQ4P+PFM, Headland Sada, Vasco Da Gama, Mormugao, Goa 403804, India",4.7,48.0,ChIJuzunganHvzsRn9Vmk-FqYs8,"tourist_attraction, point_of_interest, establishment",Mormugao (Vasco),15.4068494,73.7861705,,,"['beaches', 'scenic']",20.47717779034658,2,3,0.925,0.9237182296231375,0.35067521026646226,0.6945010218804675,0.9249998836525789,0.7508120099843336,True,1
Archaeological Museum of Goa,"GW36+797, behind Se Cathedral, Old Goa, Goa 403402, India",4.3,935.0,ChIJkRYoGPO-vzsRJtAbk3TQPEc,"tourist_attraction, museum, point_of_interest, establishment,historical",Salcete (Margao),15.503157,73.9109342,,,"['historical', 'religious']",20.521920607673742,2,3,0.825,0.8250397363798437,0.6164685833363892,0.741611275162462,0.9249998836525789,0.8017420199384631,True,1
Archaeological Survey of India,"GW36+79H, Old Goa, Goa 403402, India",4.4,11103.0,ChIJk8ZOOfO-vzsRKrPdHNmlgSE,"museum, point_of_interest, establishment",Salcete (Margao),15.5031845,73.9109878,,,['historical'],20.525697414758515,2,3,0.8500000000000001,0.8500010980954192,0.839340106518495,0.8457367014646495,0.9249998836525789,0.914310062532181,True,1
Sada beach,"CQ4P+HJ3, Marmugao Port Trust Colony, Vasco Da Gama, Mormugao, Goa 403804, India",4.5,8.0,ChIJ73lVbwDHvzsRjcDsuc01CpM,"tourist_attraction, point_of_interest, establishment",Mormugao (Vasco),15.4063837,73.7865601,,,['beaches'],20.537616312156622,2,3,0.875,0.8735770279481935,0.19798246877793413,0.6033392042800897,0.9249998836525789,0.652258681263465,True,1
Church of St. Francis of Assisi,"Off National Highway 4, Old Goa, Goa 403402, India",4.5,4807.0,ChIJ78JjO_O-vzsRRzk9_PvVgE0,"tourist_attraction, church, place_of_worship, point_of_interest, establishment,religious,historical",Salcete (Margao),15.5030158,73.911237,,,"['historical', 'religious']",20.55796225122114,2,3,0.875,0.8749973363667916,0.7639194505940514,0.8305661820576955,0.9249998836525789,0.8979094989482703,True,1
Japanese Beach,"CQ4P+PFM, Headland Sada, Vasco Da Gama, Mormugao, Goa 403804, India",4.5,37.0,ChIJlVnNLwDHvzsR2HLCAvOgE5w,"tourist_attraction, point_of_interest, establishment",Mormugao (Vasco),15.4059645,73.7863033,,,['beaches'],20.576072383154557,2,3,0.875,0.8746629803035195,0.32776726408557405,0.6559046938163413,0.9249998836525789,0.7090862446666997,True,1
Se Cathedral,"Old Goa, Goa 403402, India",4.5,6710.0,ChIJE0a0LfO-vzsR8JyKJEBHTMk,"tourist_attraction, church, place_of_worship, point_of_interest, establishment,religious,historical",Salcete (Margao),15.5035996,73.9122204,,,"['historical', 'religious']",20.6235811387346,2,3,0.875,0.8749980916780709,0.7939667092319128,0.8425855386996077,0.9249998836525789,0.9109033996549937,True,1
Shri Shantadurga Kalangutkarin Temple (Mandir),"JWMG+R3Q, SH130, Nanora, Latambarcem, Goa 403503, India",4.7,327.0,ChIJN2M3iRqUvzsR6FK9I1W8DbM,"hindu_temple, tourist_attraction, place_of_worship, point_of_interest, establishment",Bicholim,15.6345969,73.9252188,,,"['nightlife', 'religious']",20.632560375871776,2,3,0.925,0.9248085160107736,0.5219835731322973,0.7636785388593831,0.9249998836525789,0.8255985242331267,True,1
Churches and Convents of Goa,"GW26+WPJ, Old Goa, Goa 403402, India",4.6,218.0,ChIJuYbOebq_vzsR4EdqL-jhF2E,"point_of_interest, establishment,religious",Salcete (Margao),15.5023377,73.9117653,,,"['historical', 'religious']",20.64230219238136,2,3,0.8999999999999999,0.8998273664453594,0.48558610553316206,0.7341308620804804,0.9249998836525789,0.7936550858596788,True,1
"Viceroys Arch, Goa","Old Goa, Goa 403402, India",4.4,1143.0,ChIJrRLnXou-vzsRTmy-Yn5wi5A,"tourist_attraction, point_of_interest, establishment,historical",Salcete (Margao),15.5057585,73.9137064,,,['historical'],20.662436399936592,2,3,0.8500000000000001,0.8500106584366555,0.6345501577502104,0.7638264581620775,0.9249998836525789,0.8257584370129104,True,1
Galeria de Arte da Basílica do Bom Jesus,"GW26+7GW, National Hwy 4A Bypass Rd, Old Goa, Goa 403402, India",4.5,329.0,ChIJW5wLvPK-vzsRcm-uEwdR0EI,"art_gallery, point_of_interest, establishment",Salcete (Margao),15.5008576,73.9113513,,,"['historical', 'religious']",20.677027595142476,2,3,0.875,0.8749611916713144,0.5225313298625064,0.7339892469477912,0.9249998836525789,0.793501988399677,True,1
Basilica of Bom Jesus,"Old Goa Road, Old Goa, Goa 403402, India",4.5,66043.0,ChIJiQKbufK-vzsRuKcVn2hWgB4,"tourist_attraction, church, place_of_worship, point_of_interest, establishment,historical,religious",Salcete (Margao),15.5008429,73.9114097,,,"['historical', 'religious']",20.683343548539796,2,3,0.875,0.8749998060876315,1.0,0.9249998836525789,0.9249998836525789,1.0,True,1
Estátua de Jesus,"GW37+J6H, Old Goa, Goa 403402, India",4.5,144.0,ChIJUW7ot4y-vzsROtZKFppwIhI,"point_of_interest, establishment",Salcete (Margao),15.504073,73.9131182,,,['historical'],20.686850838297683,2,3,0.875,0.8749116775967843,0.44843210063187866,0.704319846810822,0.9249998836525789,0.7614269571901459,True,1
Grandmother's Hole Beach,"Grandmother's Hole Beach, Goa, India",4.3,270.0,ChIJM8Wr1VbGvzsRYf0ap71yeoo,"natural_feature, establishment",Salcete (Margao),15.4049801,73.7865791,,,['beaches'],20.689438152774546,2,3,0.825,0.8251372444706042,0.5047828637934332,0.6969954921997358,0.9249998836525789,0.7535087349930096,True,1
Hole Beach View Point,"CQ3P+XM8, Headland Sada, Mormugao, Goa, India",3.7,3.0,ChIJ_YzheqHHvzsRvTnncPdnjy0,"tourist_attraction, point_of_interest, establishment",Mormugao (Vasco),15.4049002,73.7867089,,,"['beaches', 'scenic']",20.70145213095221,2,3,0.675,0.7217983128834358,0.12491303023753074,0.48304419982507374,0.9249998836525789,0.5222100114409317,True,1
Adil Shah Palace Gateway,"Near Divar Jetty Old Goa, Mandrem, Goa 403402, India",4.1,167.0,ChIJrUMKXou-vzsRG2SLL5cWces,"tourist_attraction, point_of_interest, establishment,historical",Salcete (Margao),15.5056312,73.9140955,,,"['beaches', 'historical']",20.706169169252853,2,3,0.7749999999999999,0.7755190074496056,0.4616983848784943,0.649990758421161,0.9249998836525789,0.7026928001920607,True,1
Relics Of St. Francis Xavier,"GW26+8M8, Old Goa Road, Old Goa, Goa 403402, India",4.6,283.0,ChIJ3VHkufK-vzsR-qTYDyPRyq4,"tourist_attraction, place_of_worship, point_of_interest, establishment",Salcete (Margao),15.5007713,73.9116972,,,['historical'],20.714399207366696,2,3,0.8999999999999999,0.8998668776462455,0.5090048041834587,0.7435220482611308,0.9249998836525789,0.8038077208454986,True,1
The Cross Of Basilica Bom Jesus,"GW26+9V7 Bom Jesus church, Ella, Old Goa, Goa 403402, India",4.4,252.0,ChIJw8S7tfK-vzsR5NDN4VhVNjg,"landmark, point_of_interest, establishment",Salcete (Margao),15.5009092,73.9121616,,,"['historical', 'religious']",20.751776216053475,2,3,0.8500000000000001,0.850048194670094,0.498589958890902,0.7094649003584171,0.9249998836525789,0.7669891779412217,True,1
"St. Cajetan Church, Goa","GW48+62M, Old Goa, Goa 403402, India",4.6,860.0,ChIJPzptf4u-vzsRYl7FhM9LGJc,"tourist_attraction, church, place_of_worship, point_of_interest, establishment",Salcete (Margao),15.5055969,73.9150423,,,"['historical', 'religious']",20.799489583753633,2,3,0.8999999999999999,0.8999560897230356,0.6089428672981992,0.783550800753101,0.9249998836525789,0.8470820533069334,True,1
Wax World Museum,"GW27+4G6, Old Goa, Goa 403402, India",3.4,1997.0,ChIJ751RXI2-vzsRLoDZRIDrQc4,"tourist_attraction, museum, point_of_interest, establishment",Salcete (Margao),15.5002895,73.9136885,,,['historical'],20.928850922488987,2,3,0.6,0.6001312278536204,0.6847945211765741,0.6339965451828019,0.9249998836525789,0.6854017566784094,True,1
Haatkatro Khamb,"Ella, Old Goa, Goa 403402, India",4.1,238.0,ChIJ1V6apJK-vzsR3seZXsRBSvc,"tourist_attraction, point_of_interest, establishment",Salcete (Margao),15.4992048,73.9135309,,,['historical'],20.968704137106503,2,3,0.7749999999999999,0.7753648253202248,0.49346060724400115,0.6626031380897353,0.9249998836525789,0.7163278069541927,True,1
Shri rudreshwar devasthan,"HWWP+5CC, lamgao bicholim goa, lamgao, Dicholi, Goa 403504, India",4.5,10.0,ChIJM1fbn5qXvzsRXkhTVsMVTxE,"hindu_temple, place_of_worship, point_of_interest, establishment",Bicholim,15.5954348,73.9360294,,,['religious'],21.08385593358507,2,3,0.875,0.8738357501394312,0.21606404319175532,0.6107270673603609,0.9249998836525789,0.6602455612737613,True,1
Seashells beach,"Siridao, Goa 403108, India",4.3,742.0,ChIJhaMrnGi5vzsROP4xHUOrXxk,"tourist_attraction, point_of_interest, establishment",Tiswadi (Panaji),15.4357505,73.8605905,,,['beaches'],21.105254536439794,2,3,0.825,0.8250500582120238,0.5956614252242062,0.7332946050168967,0.9249998836525789,0.7927510240556043,True,1
Siridao Rock Beach,"CVP6+877, Siridao, Goa 403108, India",4.5,495.0,ChIJty0vRly5vzsR89Oss_mrsjU,"tourist_attraction, point_of_interest, establishment",Tiswadi (Panaji),15.435788,73.8606813,,,['beaches'],21.10795143913034,2,3,0.875,0.8749741799426083,0.559247897236071,0.7486836668599934,0.9249998836525789,0.8093878497623593,True,1
Lamgao Buddhist Caves,"lamgao bicholim goa, lamgao, Dicholi, Goa 403504, India",3.9,295.0,ChIJ0epMpHiWvzsRIK8KYfUIWY8,"tourist_attraction, hindu_temple, place_of_worship, point_of_interest, establishment",Pernem,15.5959317,73.9365402,,,['religious'],21.141446519018064,2,3,0.725,0.725463490714641,0.5127338482472037,0.640371633727666,0.9249998836525789,0.6922937451613599,True,1
Mhatrai Temple,"HWRP+MV4, Lamgaon, Dicholi, Goa 403504, India",4.3,20.0,ChIJxxSz7XeWvzsRa86rUhxRKHw,"hindu_temple, place_of_worship, point_of_interest, establishment",Bicholim,15.5916264,73.9372051,,,['religious'],21.19177791281522,2,3,0.825,0.8267711072158924,0.2743288395221982,0.6057942001384147,0.9249998836525789,0.6549127311738616,True,1
Carmelite church ruins,"GW39+355, Old Goa, Goa 403402, India",4.7,9.0,ChIJKRKDYgC_vzsRvlbgYtg-b5Y,"point_of_interest, establishment",Salcete (Margao),15.5026414,73.9179693,,,"['historical', 'religious']",21.224057740798628,2,3,0.925,0.9187193251533743,0.207476052281784,0.6342220160047382,0.9249998836525789,0.6856455089489999,True,1
Monkey Beach,"CQ2R+5F9, Unnamed Road, Bogda, Headland Sada, Vasco Da Gama, Mormugao, Goa 403804, India",3.9,310.0,ChIJo1f9PInHvzsROGswlHitpMs,"tourist_attraction, point_of_interest, establishment,beach",Mormugao (Vasco),15.4004081,73.7912483,,,['beaches'],21.307642388614276,2,3,0.725,0.7254411358570217,0.5171880847996924,0.64213991543409,0.9249998836525789,0.6942054013006467,True,1
Our Lady Of Miracles Church,"FWR7+X9G, Old Goa, Goa 403110, India",4.7,97.0,ChIJN1VVpu2-vzsRlQkcMrUJn4A,"tourist_attraction, church, place_of_worship, point_of_interest, establishment",Salcete (Margao),15.4924326,73.9134459,,,"['historical', 'religious']",21.315795775459815,2,3,0.925,0.9243591148115688,0.4131317253852277,0.7198681590410323,0.9249998836525789,0.778235945499219,True,1
Church of the Cross of Miracles,"FWR7+V92, Ella, Old Goa, Goa 403110, India",4.7,513.0,ChIJfU7MxZS-vzsR0AG4t-cAHE8,"tourist_attraction, church, place_of_worship, point_of_interest, establishment,religious,historical",Salcete (Margao),15.492147,73.913386,,,"['historical', 'religious']",21.32562182637208,2,3,0.925,0.9248778078823614,0.5624599258106521,0.7799106550536777,0.9249998836525789,0.8431467601639231,True,1
Shri Mahamaya Temple,"JW2Q+3JJ, Borden, Dicholi, Goa 403504, India",4.4,78.0,ChIJhc1C4n6WvzsR0WlIDCL0Lfg,"hindu_temple, place_of_worship, point_of_interest, establishment",Bicholim,15.6002218,73.9390012,,,['religious'],21.43575794410172,2,3,0.8500000000000001,0.8501543449561235,0.3937121776039053,0.6675774780152363,0.9249998836525789,0.7217054724149262,True,1
Chapel of St. Francis Xavier,"GW29+8M5, Old Goa, Goa 403402, India",4.5,340.0,ChIJL5VuzY--vzsRomHlFP3bsyI,"tourist_attraction, church, place_of_worship, point_of_interest, establishment",Salcete (Margao),15.5007503,73.9192267,,,"['historical', 'religious']",21.43710670679214,2,3,0.875,0.8749624435528849,0.5254858799527649,0.7351718181128368,0.9249998836525789,0.7947804438740452,True,1
"Shree Saptakoteshwar Temple, Narva","HW3P+MVJ, Temple Road, near Saptakoteshwara Temple, Narva, Maem, Goa 403504, India",4.7,686.0,ChIJ3a5sPv69vzsRhRFPt21J4yM,"hindu_temple, place_of_worship, point_of_interest, establishment",Bicholim,15.5541678,73.9371746,,,['religious'],21.46233485756408,2,3,0.925,0.9249085782409515,0.5886005842993266,0.7903853806643015,0.9249998836525789,0.8544707892754316,True,1
NCPOR Sunset Point,"9QWR+W9J, Unnamed Road, Alto Desterro, Mormugao, Goa 403803, India",4.8,20.0,ChIJRf-Nh2PHvzsRDtdgPz_kCfk,"park, point_of_interest, establishment",Mormugao (Vasco),15.3973406,73.7908956,,,"['nature', 'photography']",21.627486005506643,2,3,0.95,0.9458187262635115,0.2743288395221982,0.6772227715669862,0.9249998836525789,0.7321328181067583,True,1
The Our Lady On The Mount Chapel,"GW3F+R9, Old Goa, Goa 403110, India",4.0,129.0,ChIJOZ0xvOS_vzsRwQVuIXvcIxo,"tourist_attraction, point_of_interest, establishment",Bicholim,15.5044718,73.9233285,,,"['historical', 'religious']",21.657353346350725,2,3,0.75,0.750863025011798,0.43859262148394296,0.625954863600656,0.9249998836525789,0.6767080457663697,True,1
Siridao seashore,"CVJ6+2W6, Siridao, Goa 403108, India",4.4,117.0,ChIJi7O8aGO5vzsRVSySVra0fMU,"tourist_attraction, point_of_interest, establishment",Tiswadi (Panaji),15.4300495,73.8622689,,,['beaches'],21.717244393635717,2,3,0.8500000000000001,0.8501033326401165,0.42986589966953326,0.6820083594518831,0.9249998836525789,0.7373064272817129,True,1
Alorna Fort,"PW24+35C, Alorna, Goa 403503, India",4.1,339.0,ChIJGZUMw06SvzsRD4ROWUW0Vr0,"tourist_attraction, point_of_interest, establishment",Bardez (Mapusa),15.7001787,73.9053878,,,"['fort', 'historical']",21.87566257154181,2,3,0.7749999999999999,0.775256450739805,0.5252212521424929,0.6752423713008802,0.9249998836525789,0.7299918445768094,True,1
Shantadurga Math,"Dicholi, Goa 403504, India",4.8,18.0,ChIJaxVqKXKWvzsR7tY-2zO_OCE,"hindu_temple, place_of_worship, point_of_interest, establishment",Bicholim,15.5871594,73.945241,,,['religious'],22.042300896882253,2,3,0.95,0.9453785921859863,0.2653107489668087,0.6733514548983153,0.9249998836525789,0.7279476103709648,True,1
Shri Mahamaaya Kalika Devasthan,"JWXM+PWC, Kasarpal Bicholim, Latambarcem, Goa 403503, India",4.8,150.0,ChIJ__v79f-TvzsRaQNLiR9QiIU,"hindu_temple, place_of_worship, point_of_interest, establishment",Bicholim,15.6493154,73.934776,,,"['nightlife', 'religious']",22.09122344899771,2,3,0.95,0.9494184983545281,0.45208553503739973,0.7504853130276767,0.9249998836525789,0.8113355755940309,True,1
Namazgah,"HWJW+XCQ, Dicholi, Goa 403504, India",4.4,174.0,ChIJX91kyHKWvzsRqMI1tBk80e4,"mosque, tourist_attraction, place_of_worship, point_of_interest, establishment",Bicholim,15.5824605,73.9461171,,,['religious'],22.137978623082393,2,3,0.8500000000000001,0.8500696757230501,0.4653766794592684,0.6961924772175374,0.9249998836525789,0.7526406105787368,True,1
Koteshwar Temple,"HWRW+8F7, Dicholi, Goa 403504, India",4.8,13.0,ChIJdQz903GWvzsRAGkAiAvNXNY,"hindu_temple, place_of_worship, point_of_interest, establishment",Bicholim,15.5907841,73.9461707,,,['religious'],22.14887247443826,2,3,0.95,0.9437280893952673,0.23779412025199648,0.661354501737959,0.9249998836525789,0.7149779296473483,True,1
Laxmi Narayan Temple,"HWPW+7RJ, Auchitwada, Dicholi, Goa 403504, India",5.0,20.0,ChIJ8R1W-Q-XvzsRT32O5D7_5Lg,"hindu_temple, place_of_worship, point_of_interest, establishment",Bicholim,15.5856935,73.9470159,,,['religious'],22.23165213526914,2,3,1.0,0.9934377738825592,0.2743288395221982,0.7057942001384148,0.9249998836525789,0.763020852879917,True,1
St. Andrew's Church,"9RWF+JPJ, Swatantra Path, Vaddem, New Vaddem, Vasco Da Gama, Goa 403802, India",4.5,1650.0,ChIJwQ43br3HvzsRKlPsZEgQzBs,"tourist_attraction, church, place_of_worship, point_of_interest, establishment",Mormugao (Vasco),15.399596,73.8173423,,,['religious'],22.284445118028504,2,3,0.875,0.8749922430354535,0.6676054600018289,0.7920375298220036,0.9249998836525789,0.8562568966976057,True,1
Siddhivinayak Temple,"HWXW+CW6, Borden, Dicholi, Goa 403504, India",4.8,45.0,ChIJNXg5UXuWvzsRZvniMqOqBRk,"hindu_temple, place_of_worship, point_of_interest, establishment",Bicholim,15.598534,73.9473257,,,['religious'],22.31184189288483,2,3,0.95,0.9480911576420379,0.3449824308179121,0.7068476669123875,0.9249998836525789,0.7641597360220563,True,1
Baina Beach Sunset Point,"Ground floor, Menezes Souza Building, near Sanjivani Hospital, Baina, Vasco Da Gama, Mormugao, Goa 403802, India",4.3,568.0,ChIJv_vJElTHvzsR1UCX6rUIL4k,"tourist_attraction, point_of_interest, establishment",Mormugao (Vasco),15.3946396,73.8046205,,,"['beaches', 'photography']",22.333357268682022,2,3,0.825,0.8250653659956656,0.5716198166247681,0.7236871462473066,0.9249998836525789,0.7823645808361167,True,1
Vasco Clock Tower,"Muncipal Market, Vaddem, Vasco Da Gama, Goa 403802, India",4.1,120.0,ChIJ3X-jDrrHvzsRA4RuAi7OVYE,"tourist_attraction, museum, point_of_interest, establishment",Tiswadi (Panaji),15.3965513,73.8106686,,,"['food', 'historical', 'shopping']",22.344496668291477,2,3,0.7749999999999999,0.7757206053845762,0.43212808638351063,0.63828359778415,0.9249998836525789,0.6900364087222775,True,1
Shree Damodar Mandir,"Dr Borges, Building nr, Childrens Park, Vaddem, Vasco Da Gama, Goa 403802, India",4.8,393.0,ChIJo02cU7zHvzsR5-DQ2RfvCHk,"hindu_temple, place_of_worship, point_of_interest, establishment",Mormugao (Vasco),15.3982086,73.815334,,,"['nature', 'religious']",22.348376971813963,2,3,0.95,0.9497771402323191,0.5385033098166556,0.7852676080660537,0.9249998836525789,0.8489380614462787,True,1
Vaddem Beach,"Vaddem, Vasco Da Gama, Goa 403802, India",3.8,398.0,ChIJ6ROfhZrHvzsRVpkUvD1gv9o,"point_of_interest, establishment",Salcete (Margao),15.4031689,73.8277388,,,['beaches'],22.36454072639119,2,3,0.7,0.7004064993772775,0.539639588489007,0.6360997350219693,0.9249998836525789,0.6876754757094459,True,1
Kalbhairav temple Gaonkarwaddo Bicholim Goa,"HWJX+JCC, Gainkarwaddo, Dicholi, Goa 403504, India",5.0,4.0,ChIJ45yRlFmXvzsRFTWZjC3BDBg,"hindu_temple, place_of_worship, point_of_interest, establishment",Bicholim,15.5815952,73.9486289,,,['religious'],22.40864633767086,2,3,1.0,0.9724386503067486,0.1450195371630186,0.6414710050492566,0.9249998836525789,0.6934822548477065,True,1
Shantadurga Temple Gaonkarwada,"HWMX+XG3, Gaonkarwada, Dicholi, Goa 403504, India",4.7,375.0,ChIJyy7lnW2WvzsRfwEnkkCCFi4,"hindu_temple, tourist_attraction, place_of_worship, point_of_interest, establishment",Bicholim,15.5848897,73.9488047,,,['religious'],22.423343089938104,2,3,0.925,0.9248329607753558,0.5342898079496261,0.7686156996450639,0.9249998836525789,0.8309359960241343,True,1
Shri Chamundeshwari Devasthan,"HW5W+8QV, Piligaon, Goa 403504, India",4.7,92.0,ChIJ2zX2zQKWvzsRYLW2O9OC5MY,"hindu_temple, place_of_worship, point_of_interest, establishment",Bicholim,15.5583859,73.9469172,,,['religious'],22.42488161724901,2,3,0.925,0.9243246586186424,0.4084130711499766,0.7179600236311762,0.9249998836525789,0.7761730961480154,True,1
Baina Beach,"9RR4+JPM, Beach, Baina, Mormugao, Goa 403802, India",4.2,2322.0,ChIJn9jM-MjHvzsR9KTwwkmmR8E,"point_of_interest, establishment",Mormugao (Vasco),15.3915832,73.8068001,,,['beaches'],22.72951312101631,2,3,0.8,0.8000267728159852,0.6983746018355714,0.7593659044238197,0.9249998836525789,0.8209362161487906,True,1
Our Lady Of Pilar Church,"CVRV+QFF Church of Our Lady of Pilar, Fr. Agnel Church, Goa Velha, Goa 403203, India",4.8,674.0,ChIJc4cPWB-5vzsRB5tSVBRmjlw,"church, place_of_worship, point_of_interest, establishment",Tiswadi (Panaji),15.4419078,73.8936199,,,['religious'],22.967293943452095,2,3,0.95,0.9498699159281981,0.5870127774929385,0.8047270605540943,0.9249998836525789,0.8699753100253816,True,1
Pilar Seminary Museum,"CVVW+22W, Fr. Agnel Church, Pilar, Goa Velha, Goa 403203, India",4.8,46.0,ChIJQc3I1bm5vzsRdyf8hmJ3THs,"museum, point_of_interest, establishment",Tiswadi (Panaji),15.4425841,73.8950171,,,"['historical', 'religious']",23.023234751089994,2,3,0.95,0.9481317713092285,0.3469202625933299,0.7076471678228691,0.9249998836525789,0.7650240614394007,True,1
Kumbhar Pottery Studio,"Industrial Estate, 91, opp. Shri Kulneshwar Temple, Dicholi, Goa 403529, India",4.8,49.0,ChIJJTxCthSWvzsRYPFUgWX43wY,"point_of_interest, establishment",Bicholim,15.5820525,73.9547889,,,['religious'],23.0674062190564,2,3,0.95,0.9482438650306748,0.35249558944480264,0.7099445547963259,0.9249998836525789,0.7675077233447245,True,1
St. Blaise Church,"GW6R+WHQ, Gandaulim",4.3,78.0,ChIJCzaAWSu8vzsRODO4wKXK2vs,"tourist_attraction, church, place_of_worship, point_of_interest, establishment",Tiswadi (Panaji),15.5123375,73.9414844,,,['religious'],23.11824799278747,2,3,0.825,0.8254708006523259,0.3937121776039053,0.6527673514329577,0.9249998836525789,0.7056945227445357,True,1
Krishi Setu,"GWCW+3FQ, Near Govnali bridge, Marcel, Old Goa Road, Madapai, Ponda, Goa 403106, India",4.2,21.0,ChIJ-c1HcgC_vzsRCncr2Zugj00,"tourist_attraction, point_of_interest, establishment",Ponda,15.5202216,73.9462324,,,['historical'],23.307311570601552,2,3,0.8,0.8028269659788065,0.2785205583105207,0.5931044029114921,0.9249998836525789,0.6411940297435286,True,1
"Igreja de São Francisco Xavier, Chicalim",Chicalim,4.5,320.0,ChIJNSIr8onHvzsRiJi9p3n2qEk,"tourist_attraction, church, place_of_worship, point_of_interest, establishment",Tiswadi (Panaji),15.3982841,73.8407609,,,['religious'],23.469847511628817,2,3,0.875,0.8749601035873326,0.5200397691477879,0.7329919698115147,0.9249998836525789,0.7924238508194446,True,1
"Saibaba Temple,Lakhere Bicholim","JX45+Q7C, Borden, Dicholi, Goa 403504, India",4.6,20.0,ChIJRy9qwIqWvzsRTXleJ6FsVZA,"hindu_temple, place_of_worship, point_of_interest, establishment",Bicholim,15.6069344,73.9581632,,,['religious'],23.54624499409021,2,3,0.8999999999999999,0.8981996786444638,0.2743288395221982,0.6486513429955576,0.9249998836525789,0.7012447833335996,True,1
Thapneshwar Temple,"House of Sanjiv, Fadte, Kumbhar Juven, Goa 403107, India",4.5,23.0,ChIJb1V2bzS8vzsRppEWbjfhoSI,"hindu_temple, place_of_worship, point_of_interest, establishment",Bicholim,15.5170286,73.947626,,,['religious'],23.561585821192708,2,3,0.875,0.8744663854805726,0.2863607797452632,0.6392241431864489,0.9249998836525789,0.6910532146904954,True,1
St. Estevam Fort,"St Estevam, Jua, St Estevam Island, Goa 403106, India",4.4,399.0,ChIJq6pa8MG9vzsR7Ku-9sMcN1U,"tourist_attraction, point_of_interest, establishment",Ponda,15.5360191,73.9543531,,,"['fort', 'historical']",23.666504976921896,2,3,0.8500000000000001,0.8500304831288346,0.5398651348010987,0.7259643437977401,0.9249998836525789,0.7848264163354266,True,1
Shri santa sathguru balumama temple Lakherem,"JX56+4CV Shri santa sathguru balumama temple, Borden, Lakherem, Dicholi, Goa 403504, India",4.9,30.0,ChIJ5xMRTzeXvzsROyFhUOaBXV8,"hindu_temple, place_of_worship, point_of_interest, establishment",Bicholim,15.6078689,73.9610544,,,['religious'],23.86490549743173,2,3,0.9750000000000001,0.9713610726301208,0.3094218367610095,0.7065853782824763,0.9249998836525789,0.7638761807108108,True,1
Varunapuri Beach,"9RJ5+44Q, Varunapuri, Mormugao, Goa 403802, India",4.1,52.0,ChIJPwQ3aLPHvzsRTr6U3_ecIh8,"tourist_attraction, point_of_interest, establishment",Mormugao (Vasco),15.3803477,73.8078643,,,['beaches'],23.95220117750107,2,3,0.7749999999999999,0.7766451556893158,0.3577459504695119,0.6090854736013942,0.9249998836525789,0.6584708650948986,True,1
Shree Vathadev temple,"119, Sarvan, Vatadev, Vathadev, Sarvan, Goa 403529, India",4.3,27.0,ChIJMfPLx0OWvzsRkxKAS7f-gDw,"hindu_temple, place_of_worship, point_of_interest, establishment",Bicholim,15.5900735,73.9633101,,,['religious'],23.982177466895035,2,3,0.825,0.8263283304119193,0.30025063537076185,0.6158972523954563,0.9249998836525789,0.6658349512039305,True,1
Sunset Park,"9RJ6+68M, Unnamed Road, Varunapuri, Vasco Da Gama, Mormugao, Goa 403802, India",4.3,115.0,ChIJ02xTgsTHvzsRBKIIjTnsOBE,"park, point_of_interest, establishment",Mormugao (Vasco),15.3805756,73.8107895,,,"['nature', 'photography']",24.025970177181712,2,3,0.825,0.8253206314787391,0.4283255937063908,0.6665226163697997,0.9249998836525789,0.7205650813034472,True,1
Shyam purush devastan,"HXF8+99X, Sarvan, Dicholi, Goa 403529, India",4.9,28.0,ChIJDbSVZzuWvzsRyi-wOUJl3q4,"hindu_temple, place_of_worship, point_of_interest, establishment",Bicholim,15.573487,73.965967,,,['religious'],24.29837102788396,2,3,0.9750000000000001,0.9711101121218533,0.3034125634688601,0.704031092660656,0.9249998836525789,0.761114790502053,True,1
St. Lawrence Martyr Church,"CVGX+54V, Near Syndicate Bank, Merkuri, Agaçaim, Goa 403204, India",4.4,420.0,ChIJVX7F0gW5vzsRPe8R0M_H168,"tourist_attraction, church, place_of_worship, point_of_interest, establishment",Tiswadi (Panaji),15.4254953,73.8978095,,,['religious'],24.57896810850733,2,3,0.8500000000000001,0.8500289625927168,0.5444756893177508,0.7278076532827303,0.9249998836525789,0.7868191835968792,True,1
Hansa Beach,"Hansa Beach, Vasco Da Gama, Goa, India",4.3,194.0,ChIJs18hiNzHvzsRbzenwLDrX9M,"natural_feature, establishment",Mormugao (Vasco),15.3761369,73.8137851,,,['beaches'],24.596488397939744,2,3,0.825,0.8251907346232499,0.4751273407541447,0.6851653770756078,0.9249998836525789,0.7407194197366508,True,1
Ulta Pulta Museum,"UMIA QUATRO B, 5, Airport Rd, Green Valley, Dabolim, Ijorshi, Goa 403711, India",4.0,1120.0,ChIJG72jTQC5vzsR2st1JNppuI8,"museum, point_of_interest, establishment",Mormugao (Vasco),15.3870509,73.8452905,,,['historical'],24.80235504258229,2,3,0.75,0.7501000831860247,0.6327201335175766,0.7031481033186455,0.9249998836525789,0.7601602073095408,True,1
Canal sunset view,"PWW2+4G, Alorna, Goa 403512, India",4.4,12.0,ChIJK_Jw3SeNvzsRcOKUrffBkfs,"tourist_attraction, point_of_interest, establishment",Pernem,15.745255,73.90125,,,"['photography', 'scenic']",24.818841880715873,2,3,0.8500000000000001,0.8509379424256726,0.231116569202159,0.6030093931362671,0.9249998836525789,0.6519021286307012,True,1
Shri Durgadatta Temple Marcel,"Chimulawada, Orgao, Goa 403107, India",4.9,60.0,ChIJu3gqnkq8vzsR485kp_j5GA0,"hindu_temple, place_of_worship, point_of_interest, establishment",Sattari (Valpoi),15.5130161,73.9595066,,,['religious'],24.910397023307993,2,3,0.9750000000000001,0.9731507090415368,0.3704131861889227,0.7320556999004912,0.9249998836525789,0.7914116670045381,True,1
Shree Lakshmi Ravalnath Temple,"GX75+CV9, Orgao, Goa 403107, India",4.8,73.0,ChIJKVwjwEe9vzsRvY1YY6QAqD0,"hindu_temple, place_of_worship, point_of_interest, establishment",Bicholim,15.5135369,73.959745,,,['religious'],24.91590117436996,2,3,0.95,0.9488134223180236,0.38782081800967305,0.7244163805946834,0.9249998836525789,0.7831529423919011,True,1
Shri DevkiKrishna Ravalnath Saunsthan,"GX76+C3M, Marcel, Orgao, Goa 403107, India",4.7,756.0,ChIJ6YGmpEq8vzsRJhDNDkqk_XI,"hindu_temple, place_of_worship, point_of_interest, establishment",Bicholim,15.5135694,73.9601784,,,['religious'],24.95872122926322,2,3,0.925,0.9249170320363721,0.5973434472194259,0.7938875981095935,0.9249998836525789,0.8582569707735986,True,1
Shree Sateri Mandir,"PW5P+2PC, Unnamed Rd, Maharashtra, Ibrampur",4.7,33.0,ChIJkUrlF4iRvzsRK6o3l_uiMGU,"hindu_temple, tourist_attraction, place_of_worship, point_of_interest, establishment",Pernem,15.7075738,73.9367595,,,['religious'],25.116664916835994,2,3,0.925,0.923152742692169,0.31774519986070887,0.6809897255595849,0.9249998836525789,0.736205201313688,True,1
Sateri Temple Candola,"GXC7+QWH, Khandola, Goa 403107, India",4.7,118.0,ChIJt2Jatra9vzsRNksaUoHDx9k,"hindu_temple, place_of_worship, point_of_interest, establishment",Sattari (Valpoi),15.5219107,73.9648593,,,['religious'],25.157896315168166,2,3,0.925,0.9244722121977627,0.43062628987517465,0.7269338432687275,0.9249998836525789,0.7858745240034613,True,1
Bimbel Beach,"Bimbel Beach, Vasco Da Gama, Goa 403801, India",3.7,32.0,ChIJCTDr0-DHvzsR9UEtahayNOE,"natural_feature, establishment",Mormugao (Vasco),15.3731347,73.8211375,,,['beaches'],25.175581422586735,2,3,0.675,0.6806725227737499,0.3150552775807224,0.5344256246965389,0.9249998836525789,0.5777575047752807,True,1
Amona Sunset cycling point,"GXH9+3HG, Amona Bridge, Khandola",4.4,5.0,ChIJx5D0aua9vzsRuymwPTuFN1Q,"tourist_attraction, point_of_interest, establishment",Bicholim,15.5276836,73.9689678,,,['photography'],25.410571792237246,2,3,0.8500000000000001,0.8520322085889572,0.16144774950773244,0.5757984249564673,0.9249998836525789,0.6224848620334872,True,1
"Shri Devi Yogeshwari Devasthaan, Parvatinagar, Goa","Sakhali, Road, Sarvan, Dicholi, Goa 403505, India",4.6,159.0,ChIJA2wKxjOWvzsRQnd6JkIBG7M,"hindu_temple, place_of_worship, point_of_interest, establishment",Bicholim,15.576385,73.9774018,,,['religious'],25.506508952030646,2,3,0.8999999999999999,0.8997637078220858,0.45730211275684546,0.7227790697959897,0.9249998836525789,0.781382876440943,True,1
Shri Mahaganapati Temple,"NH 30, opp. Adwalpalkar Greens Estate, Khandola, Goa 403107, India",4.7,236.0,ChIJvUrXlUy8vzsRitpYtMHqu4M,"hindu_temple, place_of_worship, point_of_interest, establishment",Ponda,15.5128607,73.9661413,,,['religious'],25.58948258964035,2,3,0.925,0.9247349926225054,0.49270341199287243,0.7519223603706522,0.9249998836525789,0.8128891404845484,True,1
Naval Aviation Museum,"Bogmalo Road, Vasco Da Gama, Bogmalo, Goa 403806, India",4.6,7127.0,ChIJoW7X1f7HvzsRsbml_wpjpE4,"tourist_attraction, museum, point_of_interest, establishment",Salcete (Margao),15.3746494,73.8387763,,,['historical'],25.740079501248694,2,3,0.8999999999999999,0.8999946960229422,0.7993985261039197,0.8597562280553332,0.9249998836525789,0.9294663094014501,True,1
Bogmalo Beach,"Bogmalo Beach, Bogmalo, Goa 403806, India",4.4,2435.0,ChIJWw10cf3HvzsRnMktzbQW5J0,"natural_feature, establishment",Mormugao (Vasco),15.3698038,73.8336358,,,['beaches'],26.01300407111872,2,3,0.8500000000000001,0.8500050054398745,0.702654433228589,0.7910647765553602,0.9249998836525789,0.8552052714122033,True,1
C & A adventures water sports,"beach, Bogmalo, Mormugao, Goa 403806, India",3.6,7.0,ChIJRWe7SVrHvzsRoavk_URtYgc,"tourist_attraction, point_of_interest, establishment",Mormugao (Vasco),15.369213,73.8341244,,,"['adventure', 'beaches', 'water sports']",26.0938826993063,2,3,0.65,0.6765241564417178,0.1873695453562961,0.48086231200754914,0.9249998836525789,0.5198512135036726,True,1
Bogmalo beach,"9V82+W9, Dabolim, Bogmalo, Goa 403806, India",4.4,113.0,ChIJ7bvk4Ri3vzsRd3ebxCUBpG0,"tourist_attraction, point_of_interest, establishment",Salcete (Margao),15.3692522,73.8347112,,,['beaches'],26.11438402703093,2,3,0.8500000000000001,0.8501069583467872,0.42675849847454117,0.6807675743978888,0.9249998836525789,0.7359650378654302,True,1
Birla Mandir | Radha Krishna Mandir,"9VQG+545, Pilani, Sancoale, Goa 403726, India",4.8,2813.0,ChIJdxyGcmK5vzsR13qbjATeMEk,"hindu_temple, place_of_worship, point_of_interest, establishment",Salcete (Margao),15.3879374,73.8752534,,,['religious'],26.343058617116984,2,3,0.95,0.949968796464653,0.7156521458765687,0.8562421362294192,0.9249998836525789,0.9256672907334285,True,1
Bits pilani temple,"D-58, Pilani, Chicalim, Sancoale, Goa 403726, India",4.7,75.0,ChIJP7ti3Ce5vzsRN8dzJlMmYQg,"hindu_temple, place_of_worship, point_of_interest, establishment",Salcete (Margao),15.387899,73.8754283,,,['religious'],26.35697528849024,2,3,0.925,0.9241735954149176,0.3902237792043394,0.7105936689306863,0.9249998836525789,0.7682094684431101,True,1
"Shantadurga Ravalnath Temple, Orgao, Marcel","GX4C+FXR, Marcel, Ponda, Orgao, Goa 403107, India",4.8,72.0,ChIJUcYZOlC8vzsRZLn8StwmSOo,"hindu_temple, place_of_worship, point_of_interest, establishment",Sattari (Valpoi),15.5062375,73.9723902,,,['religious'],26.461825595459505,2,3,0.95,0.9487971678292293,0.386594871144195,0.7239162491552156,0.9249998836525789,0.7826122596866311,True,1
Dream Beach,"9R8P+3MC, Bogmalo, Goa 403806, India",4.9,7.0,ChIJDSI10u7JvzsR4lzwLqAN-nk,"park, point_of_interest, establishment",Mormugao (Vasco),15.3651972,73.8366373,,,"['beaches', 'nature']",26.610130648562972,2,3,0.9750000000000001,0.960899156441718,0.1873695453562961,0.6514873120075493,0.9249998836525789,0.7043106961646296,True,1
Shri Shantadurga Lakshminarasimha Temple,"CW22+85J, Sancoale, Goa 403710, India",4.6,558.0,ChIJt2V2Wre5vzsR0oqXaSJusFg,"hindu_temple, place_of_worship, point_of_interest, establishment",Tiswadi (Panaji),15.4008368,73.9003882,,,['religious'],26.80760051146804,2,3,0.8999999999999999,0.8999323671762678,0.5700221558926343,0.7679682826628144,0.9249998836525789,0.8302360856850182,True,1
Shri Sateri Temple,"FXG7+395, NH 4A, Karmali, Boma, Goa 403115, India",4.8,24.0,ChIJ-b7_iXO8vzsRbfePQT-yneY,"hindu_temple, place_of_worship, point_of_interest, establishment",Sattari (Valpoi),15.4751252,73.9634888,,,['religious'],26.95401311419177,2,3,0.95,0.9464877300613497,0.2900390743260372,0.6839082677672247,0.9249998836525789,0.7393603824755659,True,1
Hollant Beach,"Hollant Beach, Dabolim, Goa 403806, India",4.2,788.0,ChIJZQCkofW3vzsRynAlDHSbosk,"natural_feature, establishment",Mormugao (Vasco),15.3698695,73.8619695,,,['beaches'],27.3283222945281,2,3,0.8,0.8000788254138578,0.6010740997822318,0.7204769351612074,0.9249998836525789,0.7788940819281353,True,1
Sankval Beach,"9VC8+4PM, Sancoale, Goa 403806, India",4.4,97.0,ChIJCykkqXy3vzsROgn8KsepF3Q,"tourist_attraction, point_of_interest, establishment",Mormugao (Vasco),15.3703384,73.8667957,,,['beaches'],27.53522193455716,2,3,0.8500000000000001,0.8501244209340179,0.4131317253852277,0.6753273427145018,0.9249998836525789,0.7300837055760628,True,1
"Shri Mandodari Devi Temple, Betki","GX4Q+8X3, Betki, Khandola, Goa 403107, India",4.6,40.0,ChIJ5e9FCfq8vzsRROF-v_spH0k,"hindu_temple, place_of_worship, point_of_interest, establishment",Ponda,15.5057912,73.9898689,,,['religious'],28.250002000955458,2,3,0.8999999999999999,0.8990778841837497,0.3346140277760011,0.6732923416206502,0.9249998836525789,0.7278837041168023,True,1
Shree Navadurga Temple,"CW9V+GC6, Madkai, Goa 403404, India",4.8,625.0,ChIJZ93paSy6vzsROAzAo0uhzMM,"hindu_temple, place_of_worship, point_of_interest, establishment",Ponda,15.4187934,73.9435096,,,['religious'],28.659204357707974,2,3,0.95,0.9498597336286481,0.5802222025670624,0.8020047212040138,0.9249998836525789,0.8670322400875448,True,1
maharaja dipaji rane's fort,"H284+PP8, Zariwada Vithallapur, Vithallapur, Sanquelim, Karapur, Goa 403505, India",4.1,30.0,ChIJ41L7g-CXvzsR18Ty6YoD0_0,"point_of_interest, establishment",Bicholim,15.5667848,74.0068242,,,"['fort', 'historical']",28.713635252712805,2,3,0.7749999999999999,0.7778126855333464,0.3094218367610095,0.5904563460244117,0.9249998836525789,0.638331265181198,True,1
Shri Pandurang Mandir,"H284+PRQ, Zariwada Vithallapur, Vithallapur, Sanquelim, Karapur, Goa 403505, India",4.6,97.0,ChIJxRrwheCXvzsRO0UZqL1C1YA,"hindu_temple, tourist_attraction, place_of_worship, point_of_interest, establishment",Bicholim,15.5668093,74.0069899,,,['religious'],28.731139333495985,2,3,0.8999999999999999,0.8996142168523851,0.4131317253852277,0.705021220265522,0.9249998836525789,0.7621851988581668,True,1
Vittal Rukumai Temple,"H284+PVG, Sanquelim Bridge, Karapur, Vithallapur, Sanquelim, Karapur, Goa 403505, India",4.7,77.0,ChIJ4zCzZuCXvzsRzJhGq3kwRS8,"hindu_temple, place_of_worship, point_of_interest, establishment",Sattari (Valpoi),15.5668139,74.0071963,,,['religious'],28.753152611346724,2,3,0.925,0.9241947852760737,0.39256431870989145,0.7115425986496008,0.9249998836525789,0.7692353385385391,True,1
Sankhali Fort,"H274+FRH, Market Rd, Desai Nagar, Sanquelim, Goa 403505, India",4.0,9.0,ChIJHVSYAjWXvzsRce_3QFJN3sw,"point_of_interest, establishment",Bicholim,15.5636883,74.0071034,,,"['food', 'fort', 'historical', 'shopping']",28.770545357290818,2,3,0.75,0.7612193251533743,0.207476052281784,0.5397220160047381,0.9249998836525789,0.5834833339367776,True,1
Ganesh Temple,"240, Dinanath Mangeshkar Road, Mardol",4.6,23.0,ChIJLzbp7727vzsRPO8oOz0EQs0,"hindu_temple, tourist_attraction, place_of_worship, point_of_interest, establishment",Ponda,15.4460956,73.966177,,,['religious'],28.811523236821746,2,3,0.8999999999999999,0.8984247188139058,0.2863607797452632,0.6535991431864488,0.9249998836525789,0.7065937571857408,True,1
Valor Beach,"9V7H+79, Consua, Goa 403712, India",4.4,33.0,ChIJ666TNqG3vzsRA-sPd0TohsU,"tourist_attraction, point_of_interest, establishment",Mormugao (Vasco),15.363175,73.8783893,,,['beaches'],28.85103835868483,2,3,0.8500000000000001,0.8503586250451102,0.31774519986070887,0.6373132549713496,0.9249998836525789,0.6889873893332492,True,1
Shree Mangesh temple,"CXV8+XH6, Dinanath Mangeshkar Rd, Mangeshi village, Mardol, Priol, Goa 403404, India",4.6,23175.0,ChIJAQAAALy6vzsR9rv-XA9g7a8,"hindu_temple, tourist_attraction, place_of_worship, point_of_interest, establishment",Ponda,15.4448919,73.9663431,,,['religious'],28.89874011781198,2,3,0.8999999999999999,0.899998368711233,0.9056409523440352,0.9022554021643538,0.9249998836525789,0.9754113682712985,True,1
Tirupati Balaji Temple,"FX4F+GFH, Kumkaliem, Goa 403404, India",4.7,1896.0,ChIJfTbQ-5q7vzsRVIqwaY9pJ8E,"hindu_temple, place_of_worship, point_of_interest, establishment",Ponda,15.4563074,73.9737458,,,['religious'],28.91775887111144,2,3,0.925,0.9249668915400812,0.6801204689266643,0.8270283224947144,0.9249998836525789,0.8940847854261333,True,1
Shri Dattatreya Temple,"Desai Nagar, Sanquelim, Goa 403505, India",4.7,597.0,ChIJSYhATeCXvzsR_lN7IjVpyho,"hindu_temple, tourist_attraction, place_of_worship, point_of_interest, establishment",Sattari (Valpoi),15.5658875,74.0092031,,,['religious'],28.97515359171919,2,3,0.925,0.9248949719925315,0.576099000020071,0.7853765832035473,0.9249998836525789,0.8490558724205497,True,1
Shri Shantadurga Temple Kunkolim-Ponda,"FX6H+VJ8, Cuncoliem, Kumkaliem, Goa 403404, India",4.7,202.0,ChIJVVVVVYK7vzsRFowSDFbUqEE,"hindu_temple, place_of_worship, point_of_interest, establishment",Ponda,15.4621231,73.9790703,,,['religious'],29.103853723790323,2,3,0.925,0.9246906071504126,0.4787501686020912,0.746314431731084,0.9249998836525789,0.8068265141656954,True,1
Mangeshi Temple,"Priol, Mardol, Goa 403404, India",4.6,310.0,ChIJtymMXL27vzsRumner5zdq-M,"transit_station, point_of_interest, establishment",Ponda,15.4465904,73.9700775,,,['religious'],29.135531993872117,2,3,0.8999999999999999,0.8998784348923914,0.5171880847996924,0.7468022948553118,0.9249998836525789,0.8073539338257945,True,1
Bairagi Temple,"H256+Q7P, Desai Nagar, Maulangtad, Sanquelim, Goa 403505, India",4.4,5.0,ChIJIQ1C41u9vzsRKTT5nH0Crgw,"hindu_temple, place_of_worship, point_of_interest, establishment",Sattari (Valpoi),15.559473,74.0107072,,,['religious'],29.19808611134185,2,3,0.8500000000000001,0.8520322085889572,0.16144774950773244,0.5757984249564673,0.9249998836525789,0.6224848620334872,True,1
Radha Krishna Temple,"H266+CVC, Gokulwadi, Desai Nagar, Sanquelim, Goa 403505, India",4.7,244.0,ChIJN57s1V69vzsRrMkPdWX28Ls,"hindu_temple, place_of_worship, point_of_interest, establishment",Sattari (Valpoi),15.56109,74.0121407,,,['religious'],29.33364455364601,2,3,0.925,0.9247436459246274,0.49569474742948094,0.7531240865265688,0.9249998836525789,0.8141883040597603,True,1
Sunset Point Parampai,"Madkai - Kundai Link Rd, Ponda, Madkai, Goa 403404, India",4.4,52.0,ChIJv6UuCLm7vzsR_sS0dmVD4uE,"tourist_attraction, point_of_interest, establishment",Ponda,15.4068838,73.9443716,,,['photography'],29.60153609717827,2,3,0.8500000000000001,0.8502300613496933,0.3577459504695119,0.6532364169976207,0.9249998836525789,0.7062016207160627,True,1
Iskcon Bhakti Kutir (Hare Krishna Temple),"H2C8+G7F, SH 4, Desai Nagar, Sanquelim, Pariye, Goa 403505, India",4.6,19.0,ChIJS6KpjOSXvzsRZ3YU-DcLNns,"hindu_temple, place_of_worship, point_of_interest, establishment",Bicholim,15.5713588,74.0156619,,,['religious'],29.626350292028704,2,3,0.8999999999999999,0.898109662576687,0.26993256740054933,0.6468388245062319,0.9249998836525789,0.6992853036392147,True,1
Shri Siddhivinayak Temple,"H278+278, Desai Nagar, Sanquelim, Goa 403505, India",4.7,66.0,ChIJNez6W1i9vzsRHlWf0KqsSDs,"hindu_temple, place_of_worship, point_of_interest, establishment",Bicholim,15.5625244,74.015708,,,['religious'],29.69994257975923,2,3,0.925,0.9240625858437872,0.378866791235605,0.7059842680005143,0.9249998836525789,0.7632263316755996,True,1
Shri Mahalasa Narayani Temple,"CXRF+638, Mardol, Priol, Goa 403404, India",4.8,7218.0,ChIJjwIevqS7vzsRmEMcHpIC0LA,"hindu_temple, tourist_attraction, place_of_worship, point_of_interest, establishment",Ponda,15.4405329,73.9727179,,,['religious'],29.735625569758692,2,3,0.95,0.9499878367158239,0.8005415844553279,0.8902093358116254,0.9249998836525789,0.9623885921978986,True,1
Shri Sateri Kelbai Devasthan,"G2X7+2PF, Sanquelim, Goa 403505, India",4.8,34.0,ChIJBbdmJES9vzsRxCF9OCboU9Q,"hindu_temple, place_of_worship, point_of_interest, establishment",Sattari (Valpoi),15.5475172,74.014281,,,['religious'],29.738990136748757,2,3,0.95,0.9474912357581069,0.32035714229624973,0.696637598373364,0.9249998836525789,0.7531218226996171,True,1
Velsao Beach,"9V3M+QG9, Consua, Goa 403712, India",4.3,4971.0,ChIJY6h2EJ-3vzsRB_haiJ7F51w,"tourist_attraction, point_of_interest, establishment,beach",Mormugao (Vasco),15.3544232,73.8838637,,,['beaches'],29.98751683351787,2,3,0.825,0.8250074805413383,0.7669416839080558,0.8017811618880253,0.9249998836525789,0.8667905543101307,True,1
