name,address,rating,user_ratings_total,place_id,types,taluka,latitude,longitude,Unnamed: 9,Unnamed: 10,categories
"Mangrove Boating & Wildlife Tour: Crocodiles, Birdwatching & Fishing by GoaSay","Vanxim Island, Panaji, Goa 403403, India",5.0,187.0,ChIJ8xU_9vG_vzsR70nvInd_y4w,"tourist_attraction, point_of_interest, establishment",Sattari (Valpoi),15.5418446,73.9067666,,,['nature']
PCCE FALLS,"Gounlloy, Verna, Lotli, Goa 403713, India",5.0,46.0,ChIJI3Xzhlm3vzsRIzZQ7Lu0nm4,"tourist_attraction, point_of_interest, establishment",Salcete (Margao),15.3269517,73.9336924,,,['nature']
Kalimata Temple,"GQ4V+J2G Kalimata Temple, Nerul, Goa 403114, India",5.0,43.0,ChIJod_l4qPBvzsREhr_w9NrCyM,"hindu_temple, place_of_worship, point_of_interest, establishment",Tiswadi (Panaji),15.5066216,73.7926002,,,['religious']
Bible Church Goa,"406, 4th Floor, Gera Imperium 2, above Ritz Classic Restaurant, Patto Centre, Panaji, Goa 403001, India",5.0,31.0,ChIJA03QsezAvzsRpCtFdbh5sOE,"church, place_of_worship, health, point_of_interest, establishment",Tiswadi (Panaji),15.4933117,73.8362419,,,"['food', 'religious']"
Grace And Truth Baptist Church,"The International Centre Goa, Dr E Borges Rd, Dona Paula, Durgavado, Goa 403004, India",5.0,31.0,ChIJ16nFvo7AvzsRLORxlM-jylM,"church, place_of_worship, point_of_interest, establishment",Tiswadi (Panaji),15.4585576,73.8205986,,,['religious']
Laxmi Narayan Temple,"HWPW+7RJ, Auchitwada, Dicholi, Goa 403504, India",5.0,20.0,ChIJ8R1W-Q-XvzsRT32O5D7_5Lg,"hindu_temple, place_of_worship, point_of_interest, establishment",Bicholim,15.5856935,73.9470159,,,['religious']
Konkan Vihar,"Dodamarg Teacher Colony, Road, Sawantwadi",5.0,16.0,ChIJKXwUpoaRvzsR3DkW7TGLCPM,"tourist_attraction, point_of_interest, establishment",Pernem,15.683735,73.969832,,,['nature']
Prabhupad Bhavan Iskcon,"H23J+2JX, Dinkarnagar, Rudreshwar Colony, Harvale, Goa 403505, India",5.0,12.0,ChIJCc6DOtujvzsR5ySYMANc41s,"hindu_temple, place_of_worship, point_of_interest, establishment",Sattari (Valpoi),15.5526135,74.0316081,,,['religious']
Shivde Dharbandora Goa (घोडकाआजो प्रसन्न),"C48V+RRQ, MDR33, Darbandora, Conquirem Shivade, Goa 403406, India",5.0,7.0,ChIJqVYZDACnvzsRrLH7fqCoz4w,"hindu_temple, place_of_worship, point_of_interest, establishment",Dharbandora,15.4170784,74.1446069,,,['religious']
Shree Sateri Pachapuris Temple,"6662+7FW, Salavli, Goa 403704, India",5.0,6.0,ChIJg7JfPPFVvjsROW1w24_OvtU,"hindu_temple, place_of_worship, point_of_interest, establishment",Sanguem,15.210737,74.201206,,,['religious']
Mahadev Temple,"949R+QRG, Thatodi, Darbandora, Goa 403406, India",5.0,6.0,ChIJbVsfkLmpvzsRQvvdRZSZ96Y,"hindu_temple, place_of_worship, point_of_interest, establishment",Dharbandora,15.3694294,74.1420644,,,['religious']
Nuvem Church Christmas Crib,"8W5W+5CV, Majorda-Nuvem Road, Madgaon",5.0,5.0,ChIJpybrdQCxvzsRXoafLa5gOFo,"tourist_attraction, point_of_interest, establishment",Salcete (Margao),15.3081875,73.9462052,,,['religious']
Spring Valley,"Advai Desaiwada, Birondem VP, Goa 403530, India",5.0,5.0,ChIJhWohAACjvzsRWf1N3RjmvO4,"park, point_of_interest, establishment",Sattari (Valpoi),15.4966217,74.1005419,,,['nature']
River queen boat trip and kayaking by Tulsidas ji,"X3V5+JFR, Canacona, Poingunin, Goa 403702, India",5.0,5.0,ChIJ9dbnRgBbvjsRy72DZZVaiWo,"tourist_attraction, point_of_interest, establishment",Canacona,14.9941098,74.0586288,,,['adventure']
Shree Rampurush Gaudepurush Sati Devi Temple (Bandora),"CX47+46P Bandiwade- Bander, Bandoda, Bandiwada, Goa 403401, India",5.0,5.0,ChIJ49Wz0Xu7vzsR9v1Xc6bNGtI,"hindu_temple, place_of_worship, point_of_interest, establishment",Dharbandora,15.4053481,73.9630924,,,['religious']
Kalbhairav temple Gaonkarwaddo Bicholim Goa,"HWJX+JCC, Gainkarwaddo, Dicholi, Goa 403504, India",5.0,4.0,ChIJ45yRlFmXvzsRFTWZjC3BDBg,"hindu_temple, place_of_worship, point_of_interest, establishment",Bicholim,15.5815952,73.9486289,,,['religious']
Massorde spring,"G4GV+3J, Valpoy, Massorde, Goa 403506, India",5.0,4.0,ChIJV1l3DMahvzsR_WKW_p-ZeeA,"tourist_attraction, point_of_interest, establishment",Sattari (Valpoi),15.5227656,74.143643,,,['nature']
Bāndalagange Waterfalls || Karnataka,"M487+3PV, Sada",5.0,4.0,ChIJL4qt6bGbvzsRuZpoEqv1_3Y,"tourist_attraction, point_of_interest, establishment",Sattari (Valpoi),15.6652373,74.1142822,,,['nature']
Chapoli Waterfall Canacona South Goa,"23M2+7CH, Chapoli, Canacona, Mallikarjun, Goa 403702, India",5.0,4.0,ChIJZ60NMgBRvjsRsumez_C2uNk,"tourist_attraction, point_of_interest, establishment",Canacona,15.033731,74.050117,,,"['nature', 'shopping']"
Small Waterfall,"86HM+V2, Shigaon, Goa 403410, India",5.0,4.0,ChIJazK4bgAHvzsRmMWDF_G6-TY,"tourist_attraction, point_of_interest, establishment",Dharbandora,15.3297474,74.2325394,,,"['nature', 'shopping']"
Gavcho Waterfall,"F62M+F8J, Surla, Goa 403406, India",5.0,3.0,ChIJ1VJ49kYJvzsRmPfnQVJNPpM,"tourist_attraction, point_of_interest, establishment, waterfall, scenic, peaceful",Dharbandora,15.4512087,74.2332505,,,"['nature', 'peaceful', 'scenic']"
"IPC Hebron Church, Panaji, Goa (Malayalam)","4th Floor, Keni's Hotel, 18th June Rd, Altinho, Panaji, Goa 403001, India",5.0,3.0,ChIJu_LRylPBvzsRKlegdAnOajE,"church, place_of_worship, point_of_interest, establishment",Tiswadi (Panaji),15.4974132,73.8255124,,,['religious']
River Of Life Church (ROLC),"Before Kadamba Tourist home, Eutico Apartments, Buttem bhat, Merces, Panaji, Mersi Tem, Goa 403005, India",5.0,3.0,ChIJRRQmBIbAvzsRZ_-RMsArvTg,"church, place_of_worship, point_of_interest, establishment",Tiswadi (Panaji),15.4865368,73.8511855,,,"['nature', 'religious']"
Shrine,"C4M5+2HM, Tisca, Goa 403406, India",5.0,3.0,ChIJtaZmhHGlvzsRi6qY1cbZYNg,"hindu_temple, place_of_worship, point_of_interest, establishment",Sattari (Valpoi),15.4325977,74.1089303,,,['religious']
Rudreshwar Mahadev Mandir,"H24G+2Q2, Rudreshwar Colony, Harvale, Goa 403505, India",5.0,3.0,ChIJwdeqFQC9vzsRHnvPUR_PAgc,"hindu_temple, place_of_worship, point_of_interest, establishment",Sattari (Valpoi),15.5550175,74.026886,,,['religious']
Sakhleshwar mandir,"H2MF+XW9, Pariye, Goa 403505, India",5.0,3.0,ChIJ5Qj37PyXvzsRbxpljeM-WNM,"hindu_temple, place_of_worship, point_of_interest, establishment",Sattari (Valpoi),15.5849149,74.0248667,,,['religious']
Gulambe waterfall chorla,"M46C+4H, Sada",5.0,3.0,ChIJMTH1LACZvzsRN7gDri_NMLM,"tourist_attraction, point_of_interest, establishment",Sattari (Valpoi),15.660319,74.121424,,,['nature']
Shirgao Manas,"JV4V+4MW, Bicholim – Poira – Sirigao - Assonora, Corjuem, Shrigao, Goa 403503, India",5.0,2.0,ChIJG66IfgCVvzsR2SkN_eE_J88,"point_of_interest, establishment",Bicholim,15.6052223,73.8939276,,,['religious']
Ghogal waterfall,"HX8P+VHJ, Karapur",5.0,2.0,ChIJV_zNYgCXvzsRlMvG5NmzRAU,"tourist_attraction, point_of_interest, establishment",Bicholim,15.5672137,73.9863965,,,['nature']
Satteri Devi Temple,"647X+G6, Sanguem, Goa 403704, India",5.0,2.0,ChIJlQL8cUGrvzsRe1JLBCVM950,"hindu_temple, place_of_worship, point_of_interest, establishment",Sanguem,15.2137876,74.1481576,,,['religious']
Shri Huligemma Devi Temple (Goa),"C36R+37P, Pratapnagar, Darbandora, Goa 403406, India",5.0,2.0,ChIJH4yChjalvzsROcimDp2yKiE,"hindu_temple, place_of_worship, point_of_interest, establishment",Dharbandora,15.4102185,74.0906928,,,['religious']
Anthony Da Costa Coconut Plantation,"CR2R+76M, Chicalim",5.0,1.0,ChIJ9appPgDHvzsR6QsHJruw2cw,"tourist_attraction, point_of_interest, establishment",Mormugao (Vasco),15.4007049,73.8405456,,,"['food', 'nature']"
Sahakari Spice Plantation,"C25F+CQ3 Sahakari Spice Farm, Curti, Ponda, Goa 403401, India",5.0,1.0,ChIJ9XrYTAC7vzsRQz6Bk0B68DE,"park, point_of_interest, establishment",Ponda,15.4085238,74.0244231,,,"['food', 'nature']"
"Bhagwan Mahavir Wildlife Sanctuary, Bolkarne Gate","C5JW+X52, Surla, Goa 403406, India",5.0,1.0,ChIJpXeS16mnvzsRa2DeqYmebpw,"point_of_interest, establishment",Ponda,15.4323949,74.1953814,,,['nature']
Bhagwan Mahavir Wildlife Sanctuary Check Post,"C5MW+235, Unnamed Road, Surla, Goa 403406, India",5.0,1.0,ChIJP7q-VMynvzsRMd6RujwGemU,"point_of_interest, establishment",Ponda,15.4325051,74.1952426,,,['nature']
Karmale Waterfall,"C2R8+XR, Keri",5.0,1.0,ChIJF5SFRQC7vzsRAFNKsVhgl8s,"tourist_attraction, point_of_interest, establishment",Ponda,15.4424787,74.0170052,,,['nature']
Dabem vaircho trek waterfall,"H456+P3V, Dabem, Jarma, Goa 403506, India",5.0,1.0,ChIJT9LKYACjvzsRJqvn73XzNrE,"tourist_attraction, point_of_interest, establishment",Sattari (Valpoi),15.5593564,74.1101854,,,"['adventure', 'nature']"
mhalshekar wada Poriem satari goa,"Mhalshekar wada, Pariye, Satari, Goa 403505, India",5.0,1.0,ChIJb7QSJQCZvzsREwI2iXKLFUQ,"hindu_temple, place_of_worship, point_of_interest, establishment",Sattari (Valpoi),15.5794829,74.0354899,,,['religious']
Bhati waterfall,"663C+3W3, Bati, Goa 403704, India",5.0,1.0,ChIJCQ9zHwD_vjsR610iVIUUfvI,"park, point_of_interest, establishment",Sanguem,15.2026283,74.2223068,,,['nature']
RAJ DUDHSAGAR WATERFALLS,"Gudi, Paroda, Margao, Goa 403714, India",5.0,1.0,ChIJnQ8VZmmtvzsRHOG0_45A7Ds,"amusement_park, point_of_interest, establishment",Sanguem,15.2428627,74.0355993,,,['nature']
Saraswati temple vakarwada,"64PX+H4, Sanguem, Goa 403706, India",5.0,1.0,ChIJBy4eKYGrvzsRfpZ6sU6qqEw,"hindu_temple, place_of_worship, point_of_interest, establishment",Sanguem,15.2364551,74.1465475,,,['religious']
Hidden Waterfall,"25XG+WVJ, Mangal, Goa 403702, India",5.0,1.0,ChIJQY6pAgBXvjsRZFGL41GIuXo,"park, point_of_interest, establishment",Dharbandora,15.0498253,74.1771558,,,['nature']
Goosebumps Virtual Escape,"first floor, 516/2, Calangute - Baga Rd, Arpora, Baga, Goa 403509, India",4.9,2106.0,ChIJ92vg_37rvzsRdvBfxHb-CS0,"tourist_attraction, amusement_park, point_of_interest, store, establishment",Tiswadi (Panaji),15.5692012,73.7578682,,,"['nature', 'shopping']"
Baga kayaking - Vhoddekar,"Calangute - Baga Rd, Saunta Vaddo, Calangute, Goa 403516, India",4.9,1478.0,ChIJUZcw0bXrvzsR7SWTFIrxfkA,"tourist_attraction, travel_agency, point_of_interest, store, establishment,adventure",Bardez (Mapusa),15.5557145,73.7638814,,,"['adventure', 'shopping']"
St. Anthony's Chapel,"Deusua, Devsua, Goa 403715, India",4.9,408.0,ChIJt3XxcCuzvzsRcSjhRpE0K2k,"church, place_of_worship, point_of_interest, establishment",Salcete (Margao),15.2172151,73.9692823,,,['religious']
Shree Katamgal Dada Prassan,"CX6G+73P, Bandoda, Bandiwada, Goa 403401, India",4.9,205.0,ChIJH1iSTFq6vzsRSOzyr-klavU,"hindu_temple, place_of_worship, point_of_interest, establishment",Ponda,15.4107144,73.9751878,,,['religious']
Laxmi Narasimha Temple,"CXMF+62H, Veling, Goa 403404, India",4.9,159.0,ChIJwXXrPAC7vzsRwq_gRMC53og,"hindu_temple, place_of_worship, point_of_interest, establishment",Ponda,15.4330458,73.9725648,,,['religious']
Palolem boat kayaking backwater,"Beach, near st.cruz chapel, Palolem, Canacona, Goa 403702, India",4.9,107.0,ChIJRwiKArBFvjsRWln8gzgJsjU,"tourist_attraction, point_of_interest, establishment",Canacona,15.0130747,74.0159922,,,"['adventure', 'beaches', 'religious']"
Shri Durgadatta Temple Marcel,"Chimulawada, Orgao, Goa 403107, India",4.9,60.0,ChIJu3gqnkq8vzsR485kp_j5GA0,"hindu_temple, place_of_worship, point_of_interest, establishment",Sattari (Valpoi),15.5130161,73.9595066,,,['religious']
The Tent Church,"4th Floor, Reliance Magnum Building, Kadamba Bus Stand, Madel, Madgaon, Goa 403601, India",4.9,54.0,ChIJgfDAaoaxvzsRtBMM02PIkCE,"church, tourist_attraction, place_of_worship, point_of_interest, establishment",Salcete (Margao),15.2876692,73.9548415,,,"['nature', 'religious']"
Limitless Church Goa,"Limitless Church, 4th Floor, Panjim Convention Centre, Mala, Panaji, Goa 403001, India",4.9,43.0,ChIJ4bo7-mTBvzsR9tY_0z4d7AE,"church, place_of_worship, point_of_interest, establishment",Tiswadi (Panaji),15.4876395,73.8323398,,,['religious']
Untamed west - Birding in Goa,"St. Roque vaddo, Kolval, Bardez, Goa 403513, India",4.9,41.0,ChIJk3BdDU_rvzsRfX3StPRPCP4,"park, point_of_interest, establishment, wildlife experience, bird watching, guided tours, photography",Pernem,15.6435292,73.8352628,,,"['nature', 'nightlife', 'photography']"
Shree Kalyan Maruti Temple Kavle Ponda,"9XWQ+GVP, Donshiwado, Queula, Ponda, Goa 403401, India",4.9,41.0,ChIJkb7yuY66vzsRuhzq4YfRCmg,"hindu_temple, place_of_worship, point_of_interest, establishment",Ponda,15.3963253,73.9896906,,,['religious']
Shree Paikdev Temple,"6595+W24, Kotarli",4.9,37.0,ChIJc7LUSzCrvzsReEINfdTtYVs,"hindu_temple, tourist_attraction, place_of_worship, point_of_interest, establishment",Canacona,15.219766,74.1575717,,,['religious']
श्री शांतेरी आनी कामाक्षी देवुळ Shri Shanteri and Kamakshi Temple,"9XXJ+G9R, Unnamed Road, Agapur, Bandiwada, Goa 403401, India",4.9,32.0,ChIJfR1WQ9q7vzsRqy4CXyrAYd4,"hindu_temple, place_of_worship, point_of_interest, establishment",Ponda,15.3988599,73.9808794,,,['religious']
Shri santa sathguru balumama temple Lakherem,"JX56+4CV Shri santa sathguru balumama temple, Borden, Lakherem, Dicholi, Goa 403504, India",4.9,30.0,ChIJ5xMRTzeXvzsROyFhUOaBXV8,"hindu_temple, place_of_worship, point_of_interest, establishment",Bicholim,15.6078689,73.9610544,,,['religious']
Shyam purush devastan,"HXF8+99X, Sarvan, Dicholi, Goa 403529, India",4.9,28.0,ChIJDbSVZzuWvzsRyi-wOUJl3q4,"hindu_temple, place_of_worship, point_of_interest, establishment",Bicholim,15.573487,73.965967,,,['religious']
Parental Umbrage - A Boat Trip Adventure,"near Lalit Resort, Rajbag, Tarir, Canacona, Chauri, Goa 403702, India",4.9,26.0,ChIJ1WgQ57tbvjsRJWv2aHVT1J8,"tourist_attraction, point_of_interest, establishment",Canacona,14.9855084,74.0383984,,,['adventure']
Vithal Mandir,"65J2+9PP, Sanguem Rd, Bamansai, Sanguem, Goa 403704, India",4.9,25.0,ChIJxWtzXT6rvzsRBRZt0Q6PdP8,"hindu_temple, place_of_worship, point_of_interest, establishment",Sanguem,15.2309646,74.1518249,,,['religious']
Shree Navadurga Devasthan,"Deulwada, 403506, Pale, Goa 403105, India",4.9,25.0,ChIJK4foqH2jvzsR2IkxLPpZrzQ,"hindu_temple, place_of_worship, point_of_interest, establishment",Dharbandora,15.4793947,74.0684853,,,['religious']
Shankar Parvati Ganesh Mandir,"Dhumre Velpe, H 113, near Shiv Parvati Mandir, Friends Colony, Khadpabandh, Ponda, Goa 403401, India",4.9,19.0,ChIJ0cxbT-C7vzsRFcNh2R1T8O4,"hindu_temple, place_of_worship, point_of_interest, establishment",Ponda,15.3963705,73.9972564,,,['religious']
Shree Kalnath Temple Marangan Mugoli sanguem Goa,"65V3+J4G, Marangan Mugoli, Sanguem, Muguli, Goa 403704, India",4.9,11.0,ChIJOZGixaWrvzsRNVPxKIycoo0,"hindu_temple, place_of_worship, point_of_interest, establishment",Sanguem,15.24406,74.1528377,,,['religious']
Avali waterfall,"25P8+XX, Gaundongren, Goa 403702, India",4.9,8.0,ChIJd7bCNWpXvjsRwLVIgem8sbI,"tourist_attraction, point_of_interest, establishment, waterfall, scenic, relaxation, peaceful",Sanguem,15.037483,74.167388,,,"['nature', 'peaceful', 'relaxation', 'scenic']"
Kudnem Important Bird and Biodiversity Area,"Kudne, Goa 403505, India",4.9,8.0,ChIJGUzc3We9vzsR0jH48u3EoiM,"park, point_of_interest, establishment",Sattari (Valpoi),15.5360625,74.0025625,,,['nature']
Dream Beach,"9R8P+3MC, Bogmalo, Goa 403806, India",4.9,7.0,ChIJDSI10u7JvzsR4lzwLqAN-nk,"park, point_of_interest, establishment",Mormugao (Vasco),15.3651972,73.8366373,,,"['beaches', 'nature']"
Shri Mahalasa Narayani Temple,"CXRF+638, Mardol, Priol, Goa 403404, India",4.8,7218.0,ChIJjwIevqS7vzsRmEMcHpIC0LA,"hindu_temple, tourist_attraction, place_of_worship, point_of_interest, establishment",Ponda,15.4405329,73.9727179,,,['religious']
"Kadamba Shri Mahadeva Temple, Tambdisurla","C7Q3+J27, Near Bhagwan Mahaveer Wildlife Sanctury, Sanguem, Surla, Goa 403406, India",4.8,5158.0,ChIJKTeIBk4IvzsRekHQksfEKkk,"hindu_temple, tourist_attraction, place_of_worship, point_of_interest, establishment,historical",Dharbandora,15.4390499,74.2525571,,,"['historical', 'nature', 'religious']"
Shri Mahalasa Narayani Devalaya,"Verna Industrial Estate, Verna, Lotli, Goa 403722, India",4.8,4719.0,ChIJsdmBW6SwvzsRdHowSm-kY-w,"hindu_temple, tourist_attraction, place_of_worship, point_of_interest, establishment",Dharbandora,15.3596731,73.9448662,,,['religious']
Shri Kamakshi Temple,"82CM+9W7, Shiroda, Goa 403103, India",4.8,3751.0,ChIJPdxPUCGuvzsRlMdO5abGa8g,"hindu_temple, tourist_attraction, place_of_worship, point_of_interest, establishment",Ponda,15.3208241,74.0348146,,,['religious']
"Shree Mahalaxmi Saunsthan, Bandora","Shree Mahalaxmi Sausthan Bandiwade, Left feom Nageshi, Bandora, Ponda, Goa 403401, India",4.8,3618.0,ChIJ0bVnNrm6vzsRbJmOx8GFSV4,"hindu_temple, tourist_attraction, place_of_worship, point_of_interest, establishment",Ponda,15.4060292,73.9798296,,,['religious']
Shri Dev Bodgeshwar Sansthan,"HRM4+V99, Calangute - Mapusa Rd, Mapusa, Goa, Mapusa, Goa 403507, India",4.8,3556.0,ChIJmXJVz_rqvzsRK_hbmAoRP2Y,"hindu_temple, tourist_attraction, place_of_worship, point_of_interest, establishment",Bardez (Mapusa),15.5846637,73.805974,,,['religious']
Birla Mandir | Radha Krishna Mandir,"9VQG+545, Pilani, Sancoale, Goa 403726, India",4.8,2813.0,ChIJdxyGcmK5vzsR13qbjATeMEk,"hindu_temple, place_of_worship, point_of_interest, establishment",Salcete (Margao),15.3879374,73.8752534,,,['religious']
"Shri Nageshi Temple,","Bandiwade, Donshiwado, Ponda, Bandiwada, Goa 403401, India",4.8,2812.0,ChIJ9Z288fW6vzsRiiAZ44P99zg,"hindu_temple, tourist_attraction, place_of_worship, point_of_interest, establishment,historical",Ponda,15.4074651,73.9837259,,,"['historical', 'religious']"
"Shri Ramnath Devasthan, Bandora","9XXJ+H8F, Ramnathim, Ponda, Bandiwada, Goa 403401, India",4.8,2763.0,ChIJAQAAALy6vzsR9lBaCux2meY,"hindu_temple, tourist_attraction, place_of_worship, point_of_interest, establishment",Ponda,15.3989676,73.9808124,,,['religious']
Shri Shantadurga Kunkallikarin Temple,"Fatarpa, Goa 403703, India",4.8,2751.0,ChIJ6yERsa9NvjsR-mdVHMVj7po,"hindu_temple, tourist_attraction, place_of_worship, point_of_interest, establishment",Salcete (Margao),15.1437754,73.9920561,,,['religious']
Shree Devi Lairaee Devasthan Temple,"JV3X+QV6, Shirgao Rd, Assonora, Shrigao, Goa 403503, India",4.8,1847.0,ChIJU-okZFKUvzsRNIFBTzjZ_sw,"hindu_temple, tourist_attraction, place_of_worship, point_of_interest, establishment",Bicholim,15.6043999,73.8996597,,,['religious']
"Shree Ramnath Damodar Sansthaan, Goa","Zambaulim, Quepem, Goa 403705, India",4.8,1595.0,ChIJdz1rKzxTvjsRwaH6hzHpmN0,"hindu_temple, place_of_worship, point_of_interest, establishment",Canacona,15.1866463,74.0949954,,,"['nature', 'religious']"
"Mallikarjun Temple, Canacona","near mallikarjun temple, Shristhal, Canacona, Mallikarjun, Goa 403702, India",4.8,1379.0,ChIJEQrqGoBavjsRh6M68FG3VnU,"hindu_temple, place_of_worship, point_of_interest, establishment",Canacona,15.0227158,74.0763636,,,"['religious', 'shopping']"
Shri Vijayadurga Temple,"FX8X+V5W, Keri, Betki, Goa 403404, India",4.8,739.0,ChIJ-RwEnmO7vzsR0ss1RXzAy4k,"hindu_temple, place_of_worship, point_of_interest, establishment",Ponda,15.4672429,73.9979551,,,['religious']
Shri Shantadurga Fatarpekarin Temple,"4XWR+6FR, Fatarpa, Cuncolim, Goa 403703, India",4.8,730.0,ChIJOWe--q5NvjsRs7KlhSfwRCs,"hindu_temple, place_of_worship, point_of_interest, establishment",Salcete (Margao),15.1455425,73.9911349,,,['religious']
Our Lady Of Pilar Church,"CVRV+QFF Church of Our Lady of Pilar, Fr. Agnel Church, Goa Velha, Goa 403203, India",4.8,674.0,ChIJc4cPWB-5vzsRB5tSVBRmjlw,"church, place_of_worship, point_of_interest, establishment",Tiswadi (Panaji),15.4419078,73.8936199,,,['religious']
Shree Navadurga Temple,"CW9V+GC6, Madkai, Goa 403404, India",4.8,625.0,ChIJZ93paSy6vzsROAzAo0uhzMM,"hindu_temple, place_of_worship, point_of_interest, establishment",Ponda,15.4187934,73.9435096,,,['religious']
Holy Cross Shrine,"FV27+VP8, Siridao, Bambolim, Goa 403202, India",4.8,588.0,ChIJK84awre4vzsRHJvfRAEHflo,"church, place_of_worship, point_of_interest, establishment",Tiswadi (Panaji),15.4521705,73.8643258,,,['religious']
"Shrimad Anant Devasthan, Savoi Verem","F2H9+9VX, Ponda - Apewal - Querim - Savoi - Verem – Betqui - Marcela, Savoi-Verem, Khandepar, Goa 403107, India",4.8,561.0,ChIJhd9aoqi8vzsRCroS9b2ppJY,"hindu_temple, tourist_attraction, place_of_worship, point_of_interest, establishment",Ponda,15.4784893,74.0197433,,,['religious']
Shree Damodar Mandir,"Dr Borges, Building nr, Childrens Park, Vaddem, Vasco Da Gama, Goa 403802, India",4.8,393.0,ChIJo02cU7zHvzsR5-DQ2RfvCHk,"hindu_temple, place_of_worship, point_of_interest, establishment",Mormugao (Vasco),15.3982086,73.815334,,,"['nature', 'religious']"
Shri Someshwara Temple,"558P+6QF, Kurdi, Goa 403704, India",4.8,298.0,ChIJk5UIF6dVvjsRTl0kyAoov1M,"hindu_temple, place_of_worship, point_of_interest, establishment",Sanguem,15.1655655,74.1869144,,,['religious']
Shree Mahalasa Devi Temple,"Madhalamaj, Mandre, Pedne, Goa, Keri to Mapusa, Goa 403527, India",4.8,227.0,ChIJ34cZKPLuvzsRd1RrGTiogQw,"hindu_temple, place_of_worship, point_of_interest, establishment",Bardez (Mapusa),15.6691965,73.7184572,,,['religious']
Shri Sharvani Devi Temple,"JWQ3+943, Advalpal, Goa 403503, India",4.8,218.0,ChIJQSma93CUvzsRHXfFhdx5Y30,"hindu_temple, place_of_worship, point_of_interest, establishment",Bicholim,15.6383919,73.9028078,,,['religious']
Kamakshi Temple Arch,"82CM+8XC, Shiroda, Goa 403103, India",4.8,200.0,ChIJyZ7-9QevvzsRFR22zt8ZYD4,"hindu_temple, place_of_worship, point_of_interest, establishment",Ponda,15.3208195,74.0348865,,,"['historical', 'religious']"
Maruti temple panjim,"FRRH+58G, Altinho, Panaji, Goa 403001, India",4.8,150.0,ChIJUao4dXzBvzsR08uyAXvqWHw,"hindu_temple, place_of_worship, point_of_interest, establishment",Tiswadi (Panaji),15.4904426,73.8283984,,,['religious']
Shri Mahamaaya Kalika Devasthan,"JWXM+PWC, Kasarpal Bicholim, Latambarcem, Goa 403503, India",4.8,150.0,ChIJ__v79f-TvzsRaQNLiR9QiIU,"hindu_temple, place_of_worship, point_of_interest, establishment",Bicholim,15.6493154,73.934776,,,"['nightlife', 'religious']"
Faith Community Church,"near Kidzee school, Altinho, Mapusa, Goa 403507, India",4.8,139.0,ChIJ41A_1XTrvzsR5J3dOH6TcGM,"point_of_interest, establishment",Bardez (Mapusa),15.5924455,73.8177769,,,['religious']
"Shri Brahmadev Ji Temple, Brahma Karmali Goa","H597+R24, Karambali Bramha, Goa 403506, India",4.8,115.0,ChIJSwsP1HyfvzsRjXhZD_cc4Yg,"hindu_temple, place_of_worship, point_of_interest, establishment",Sattari (Valpoi),15.5695168,74.1625753,,,['religious']
Holy Cross Church,"S-9, Church Building, near Verna Post office, near Central Bank of India, Verna, Lotli, Goa 403722, India",4.8,84.0,ChIJrfCcPFW3vzsRy-9VJbl6STc,"church, place_of_worship, point_of_interest, establishment",Salcete (Margao),15.3483627,73.9314132,,,['religious']
Sansthan Maruti Temple,"7444+CPW, Kakoda, Vodlemol Cacora, Kudchaden, Goa 403706, India",4.8,80.0,ChIJwatO12OsvzsRrAARh7_VnRs,"hindu_temple, place_of_worship, point_of_interest, establishment",Sanguem,15.2561103,74.1068441,,,['religious']
Flames Garden Cafe & Plants Nursery,"opposite Chandor Club, Villa Formosa, Chandor",4.8,78.0,ChIJ40ujhS2tvzsRQYI0mfOey6w,"cafe, tourist_attraction, clothing_store, food, store, point_of_interest, establishment",Sanguem,15.2598132,74.0476968,,,"['food', 'nature', 'nightlife', 'shopping']"
Shree Lakshmi Ravalnath Temple,"GX75+CV9, Orgao, Goa 403107, India",4.8,73.0,ChIJKVwjwEe9vzsRvY1YY6QAqD0,"hindu_temple, place_of_worship, point_of_interest, establishment",Bicholim,15.5135369,73.959745,,,['religious']
"Shantadurga Ravalnath Temple, Orgao, Marcel","GX4C+FXR, Marcel, Ponda, Orgao, Goa 403107, India",4.8,72.0,ChIJUcYZOlC8vzsRZLn8StwmSOo,"hindu_temple, place_of_worship, point_of_interest, establishment",Sattari (Valpoi),15.5062375,73.9723902,,,['religious']
Our Lady of Rosary Church,"FR74+4CC, Caranzalem, Taleigao, Durgavado, Goa 403004, India",4.8,69.0,ChIJDX15j0zBvzsRLRYityi0Tdo,"church, place_of_worship, point_of_interest, establishment",Tiswadi (Panaji),15.4628051,73.8060003,,,['religious']
Shri Vetal Maharudra Temple,"Shirodwadi, Mulgaon, Goa 403503, India",4.8,69.0,ChIJ5ysdXSWUvzsRSkcmckK5434,"hindu_temple, place_of_worship, point_of_interest, establishment",Bicholim,15.6149619,73.9255214,,,['religious']
Our Lady of Miracles Church,"Road, Badem, Vagator, Assagao, Goa 403517, India",4.8,61.0,ChIJk4kTx97rvzsR2hCqZctn8iI,"church, place_of_worship, point_of_interest, establishment",Bardez (Mapusa),15.6079077,73.7523874,,,['religious']
Shri Mhalsa Bhavani Temple,"H2JP+CPR, Pariye, Goa 403505, India",4.8,54.0,ChIJYyEwkhuYvzsR0BD7ureglHk,"hindu_temple, tourist_attraction, place_of_worship, point_of_interest, establishment",Bicholim,15.5811177,74.0367633,,,['religious']
Kumbhar Pottery Studio,"Industrial Estate, 91, opp. Shri Kulneshwar Temple, Dicholi, Goa 403529, India",4.8,49.0,ChIJJTxCthSWvzsRYPFUgWX43wY,"point_of_interest, establishment",Bicholim,15.5820525,73.9547889,,,['religious']
Pilar Seminary Museum,"CVVW+22W, Fr. Agnel Church, Pilar, Goa Velha, Goa 403203, India",4.8,46.0,ChIJQc3I1bm5vzsRdyf8hmJ3THs,"museum, point_of_interest, establishment",Tiswadi (Panaji),15.4425841,73.8950171,,,"['historical', 'religious']"
Siddhivinayak Temple,"HWXW+CW6, Borden, Dicholi, Goa 403504, India",4.8,45.0,ChIJNXg5UXuWvzsRZvniMqOqBRk,"hindu_temple, place_of_worship, point_of_interest, establishment",Bicholim,15.598534,73.9473257,,,['religious']
Our Lady of the Assumption Church,"6272+G2W Sarzora Church, Sarzora, Goa 403715, India",4.8,38.0,ChIJh5IG1ZGzvzsRPvLe2ZyO5nI,"church, place_of_worship, point_of_interest, establishment",Salcete (Margao),15.2138763,74.0001521,,,['religious']
Shri Sateri Kelbai Devasthan,"G2X7+2PF, Sanquelim, Goa 403505, India",4.8,34.0,ChIJBbdmJES9vzsRxCF9OCboU9Q,"hindu_temple, place_of_worship, point_of_interest, establishment",Sattari (Valpoi),15.5475172,74.014281,,,['religious']
Igreja de Nossa Senhora dos Remédios,"8W2C+F6M, Fatona, Betalbatim, Goa 403713, India",4.8,32.0,ChIJ3XY4Nea3vzsRs7qfAFAD6ko,"church, place_of_worship, point_of_interest, establishment",Salcete (Margao),15.301218,73.9206486,,,['religious']
Shri Krishna Temple,"FVX6+QGG, Ilhas, Chimbel, Goa 403006, India",4.8,25.0,ChIJRUtZt3O_vzsRR2jel1eO8B0,"hindu_temple, place_of_worship, point_of_interest, establishment",Tiswadi (Panaji),15.499444,73.8613183,,,['religious']
Shri Sateri Temple,"FXG7+395, NH 4A, Karmali, Boma, Goa 403115, India",4.8,24.0,ChIJ-b7_iXO8vzsRbfePQT-yneY,"hindu_temple, place_of_worship, point_of_interest, establishment",Sattari (Valpoi),15.4751252,73.9634888,,,['religious']
NCPOR Sunset Point,"9QWR+W9J, Unnamed Road, Alto Desterro, Mormugao, Goa 403803, India",4.8,20.0,ChIJRf-Nh2PHvzsRDtdgPz_kCfk,"park, point_of_interest, establishment",Mormugao (Vasco),15.3973406,73.7908956,,,"['nature', 'photography']"
श्री राक्षस मळ्ळीकेश्वर प्रसन्न,"86XR+2GX, Metawada-Collem, Darbandora, Colem, Kolem, Goa 403410, India",4.8,19.0,ChIJ3cGvqnQHvzsRVOwGe-_3HiQ,"hindu_temple, place_of_worship, point_of_interest, establishment",Sanguem,15.3476215,74.2413703,,,['religious']
Harvest Ministries,"Sh. No. 6&7, Grace Heritage Complex, Fatorda, Madgaon, Goa 403601, India",4.8,18.0,ChIJeX_hhmGxvzsRR3f-FDZnutg,"church, place_of_worship, point_of_interest, establishment",Salcete (Margao),15.2901892,73.9652548,,,"['historical', 'religious']"
Shantadurga Math,"Dicholi, Goa 403504, India",4.8,18.0,ChIJaxVqKXKWvzsR7tY-2zO_OCE,"hindu_temple, place_of_worship, point_of_interest, establishment",Bicholim,15.5871594,73.945241,,,['religious']
"Shri Mahalaxmi Temple - Codar (kodar), Ponda, Goa.","C338+28M, Shri Mahalaxmi Temple - Codar (kodar), Ponda - Goa., Khandepar Rd, Kodar, Goa 403406, India",4.8,16.0,ChIJW6W1-3GlvzsRoEd0oeUkO2Y,"hindu_temple, place_of_worship, point_of_interest, establishment",Ponda,15.4025853,74.0658506,,,['religious']
Brahmarashtroli Temple,"Brahmarashtroli Temple, Sakhali Housing Board, Sakhali housing board Colony, Harvale, Goa 403505, India",4.8,16.0,ChIJ1QqoCVS9vzsRexye1ZAEegE,"hindu_temple, place_of_worship, point_of_interest, establishment",Sattari (Valpoi),15.55941,74.0251214,,,['religious']
Koteshwar Temple,"HWRW+8F7, Dicholi, Goa 403504, India",4.8,13.0,ChIJdQz903GWvzsRAGkAiAvNXNY,"hindu_temple, place_of_worship, point_of_interest, establishment",Bicholim,15.5907841,73.9461707,,,['religious']
All day kayak adventure,"Palolem Down St, Palolem, Canacona, Goa 403702, India",4.8,13.0,ChIJ5wuzXnZFvjsRjEUe0CzKj9k,"tourist_attraction, point_of_interest, establishment",Canacona,15.0114947,74.0211434,,,['adventure']
Shree Chandreshwar Temple,"453W+XFM, Vichundrem, Digali, Goa 403704, India",4.8,13.0,ChIJuzQSlxRWvjsRzAZkvTWQDJ4,"hindu_temple, tourist_attraction, place_of_worship, point_of_interest, establishment",Sanguem,15.1049457,74.1961618,,,['religious']
"Shri Somnath Temple ,Codar ,Ponda ,Goa.","C328+W94, Kodar, Nirankal, Goa 403406, India",4.8,11.0,ChIJ-5xT43GlvzsRJNDKNT-ig6s,"hindu_temple, place_of_worship, point_of_interest, establishment",Dharbandora,15.4022693,74.06596,,,['religious']
Shree Mahadev Devasthan Betora,"Shree Mahadev Devasthan, Talewada, Betora, Goa 403103, India",4.8,8.0,ChIJgz2AQvqvvzsRY_W5EHoI3iY,"hindu_temple, place_of_worship, point_of_interest, establishment",Dharbandora,15.3765277,74.0403033,,,['religious']
Keri Karmale waterfall,"F244+P2M, Keri, Goa 403404, India",4.8,5.0,ChIJJxvS8ru7vzsRk8yTEK6BlDc,"tourist_attraction, point_of_interest, establishment, waterfall, scenic, adventure, peaceful",Ponda,15.4568345,74.00504,,,"['adventure', 'nature', 'peaceful', 'scenic']"
River of Life Church,"3rd floor, Goa Chamber Building (GCCI, Opposite Azad Maidan, Panaji, Goa 403001, India",4.8,5.0,ChIJHXm8OD_BvzsRKgDDAzL7Ydk,"church, place_of_worship, point_of_interest, establishment",Tiswadi (Panaji),15.5003808,73.8265699,,,['religious']
Shree Shantadurga Temple,"Kapileswari - Kavlem Rd, Donshiwado, Ponda, Goa 403401, India",4.7,8275.0,ChIJrYu521bAvzsRMZ5n0rjkYnA,"hindu_temple, place_of_worship, point_of_interest, establishment",Ponda,15.3962235,73.9852776,,,['religious']
Tirupati Balaji Temple,"FX4F+GFH, Kumkaliem, Goa 403404, India",4.7,1896.0,ChIJfTbQ-5q7vzsRVIqwaY9pJ8E,"hindu_temple, place_of_worship, point_of_interest, establishment",Ponda,15.4563074,73.9737458,,,['religious']
Shri Chandreshwar Bhootnath Temple,"627P+5PQ, Unnamed Road, Talewada, Paroda, Goa 403705, India",4.7,1414.0,ChIJ0_uBqlCtvzsRSPxTyrAkFmM,"hindu_temple, tourist_attraction, place_of_worship, park, point_of_interest, establishment",Sanguem,15.2134237,74.0365689,,,"['nature', 'religious']"
Neturlem Waterfall (Savri),"366J+FQM, Neturlim, Netravli, Goa 403704, India",4.7,1142.0,ChIJ9WBFt234vjsR5aNM4Prx2cA,"tourist_attraction, park, point_of_interest, establishment,waterfall,nature",Dharbandora,15.0612063,74.2319242,,,['nature']
Shree Mahalaxmi Temple,"FRWG+8J7, Dr Dada Vaidya Rd, next to Mushtifund, Situated, Saunthan, Panaji, Goa 403001, India",4.7,1114.0,ChIJO9qFUI7AvzsRwozHjNd4qpc,"hindu_temple, place_of_worship, point_of_interest, establishment",Tiswadi (Panaji),15.4957791,73.8265365,,,['religious']
Shree Saunsthan Shantadurga Chamundeshwari Kudtari Mahamaya,"63H3+CJ8, Ghudo, Aveden",4.7,811.0,ChIJ8-UvLxWtvzsRHh2_XWuMJYU,"hindu_temple, tourist_attraction, place_of_worship, point_of_interest, establishment",Salcete (Margao),15.2285273,74.0540636,,,['religious']
Our Lady of Fatima Church - Don Bosco Panjim,"Don Bosco, MG Road, Panjim, Panaji, Goa 403001, India",4.7,798.0,ChIJ68trVozAvzsRaVyUmInnBCo,"church, place_of_worship, point_of_interest, establishment,religious,historical",Tiswadi (Panaji),15.4967764,73.821457,,,"['historical', 'religious']"
Shri DevkiKrishna Ravalnath Saunsthan,"GX76+C3M, Marcel, Orgao, Goa 403107, India",4.7,756.0,ChIJ6YGmpEq8vzsRJhDNDkqk_XI,"hindu_temple, place_of_worship, point_of_interest, establishment",Bicholim,15.5135694,73.9601784,,,['religious']
"Shree Saptakoteshwar Temple, Narva","HW3P+MVJ, Temple Road, near Saptakoteshwara Temple, Narva, Maem, Goa 403504, India",4.7,686.0,ChIJ3a5sPv69vzsRhRFPt21J4yM,"hindu_temple, place_of_worship, point_of_interest, establishment",Bicholim,15.5541678,73.9371746,,,['religious']
"Shree Damodar, Temple","7XQ7+X79, Fatorda, Madgaon, Goa 403601, India",4.7,667.0,ChIJ-e0cpWGxvzsRAbBV0ZRV7LQ,"hindu_temple, tourist_attraction, place_of_worship, point_of_interest, establishment",Salcete (Margao),15.2899024,73.963249,,,"['nature', 'religious']"
Shri Dattatreya Temple,"Desai Nagar, Sanquelim, Goa 403505, India",4.7,597.0,ChIJSYhATeCXvzsR_lN7IjVpyho,"hindu_temple, tourist_attraction, place_of_worship, point_of_interest, establishment",Sattari (Valpoi),15.5658875,74.0092031,,,['religious']
Shree Vimleshwar Temple,"5474+PQX, Main Road, Rivona, Goa 403705, India",4.7,582.0,ChIJl6T5zxRTvjsRbjYb7Ha3P7I,"hindu_temple, tourist_attraction, place_of_worship, point_of_interest, establishment",Canacona,15.1643649,74.1069956,,,['religious']
Shri Devi Bhagavati Temple,"PQ9W+3MH, Pernem, Pernam Municipal Area, Goa 403512, India",4.7,533.0,ChIJgUv7kHftvzsR0ISyloIW7F0,"hindu_temple, tourist_attraction, place_of_worship, point_of_interest, establishment",Pernem,15.7176799,73.7967277,,,['religious']
Shri Navadurga Temple,"9286+FCH, Borim, Goa 403103, India",4.7,529.0,ChIJC76blBOwvzsRn03-gkLgyjI,"hindu_temple, tourist_attraction, place_of_worship, point_of_interest, establishment",Ponda,15.3661782,74.0111115,,,['religious']
Shri Shantadurga Shankhwaleshwari Devasthana,"CXJC+M37, Gothan, Veling, Mardol, Goa 403404, India",4.7,519.0,ChIJBQ9r4q27vzsRCSLDSbllqjc,"hindu_temple, place_of_worship, point_of_interest, establishment",Ponda,15.4301473,73.9724502,,,['religious']
Church of the Cross of Miracles,"FWR7+V92, Ella, Old Goa, Goa 403110, India",4.7,513.0,ChIJfU7MxZS-vzsR0AG4t-cAHE8,"tourist_attraction, church, place_of_worship, point_of_interest, establishment,religious,historical",Salcete (Margao),15.492147,73.913386,,,"['historical', 'religious']"
Morjai Temple,"JPPQ+CXG, Morjim, Goa 403512, India",4.7,508.0,ChIJ9QLB6azuvzsR6HCy9IyNjeU,"hindu_temple, tourist_attraction, place_of_worship, point_of_interest, establishment",Pernem,15.63606,73.7399396,,,['religious']
St. Thomas’ Church,"St. Thomas Church, Cottarbhat, Bardez, Aldona, Goa 403508, India",4.7,449.0,ChIJcz6PhxqVvzsRuMkNPmlkyW8,"tourist_attraction, church, place_of_worship, point_of_interest, establishment",Bicholim,15.5886702,73.8743444,,,"['nightlife', 'religious']"
Mainapi Waterfall Netravali,"3794+VGF, Neturlim, Netravli, Goa 403704, India",4.7,401.0,ChIJU3FMEfr5vjsRjKsNl2jWNx0,"tourist_attraction, zoo, park, point_of_interest, establishment",Sanguem,15.0696893,74.2563011,,,['nature']
Shantadurga Temple Gaonkarwada,"HWMX+XG3, Gaonkarwada, Dicholi, Goa 403504, India",4.7,375.0,ChIJyy7lnW2WvzsRfwEnkkCCFi4,"hindu_temple, tourist_attraction, place_of_worship, point_of_interest, establishment",Bicholim,15.5848897,73.9488047,,,['religious']
Shri Shantadurga Kalangutkarin Temple (Mandir),"JWMG+R3Q, SH130, Nanora, Latambarcem, Goa 403503, India",4.7,327.0,ChIJN2M3iRqUvzsR6FK9I1W8DbM,"hindu_temple, tourist_attraction, place_of_worship, point_of_interest, establishment",Bicholim,15.6345969,73.9252188,,,"['nightlife', 'religious']"
"St. Christopher's Church, Tivim","JVF4+GQQ, Paina Wadda, Opposite Panchayat, Bardez, Tivim, Goa, Tivim, Goa 403502, India",4.7,295.0,ChIJF5QmB7mUvzsRnYe4Oy9coVQ,"tourist_attraction, church, place_of_worship, point_of_interest, establishment",Pernem,15.6238293,73.8569898,,,"['nightlife', 'religious']"
Shri Ajoba Temple,"PM5V+3MF, Querim, Goa 403524, India",4.7,279.0,ChIJI4G4h87vvzsR0y6tD2OFF2E,"hindu_temple, tourist_attraction, place_of_worship, point_of_interest, establishment",Pernem,15.7076804,73.6941635,,,['religious']
Dudhsagar Plantation,"Karmane Village, Mollem, Goa 403706, India",4.7,260.0,ChIJd_7s7g2pvzsR0zPOCYSiIw0,"lodging, point_of_interest, food, establishment",Sanguem,15.3296133,74.1601603,,,"['food', 'nature']"
Kamleshwar Temple,"PQ52+RJ9, Korgaon, Goa 403512, India",4.7,256.0,ChIJTar2S3SwvzsRbJqXvA8qDlA,"hindu_temple, tourist_attraction, place_of_worship, point_of_interest, establishment",Pernem,15.7095413,73.7516027,,,['religious']
Shri Damodar Sal,"7XJ4+4Q9, Comba, Madgaon, Goa 403601, India",4.7,254.0,ChIJYfYxUuazvzsR1ADZVfi4QtA,"hindu_temple, tourist_attraction, place_of_worship, point_of_interest, establishment",Salcete (Margao),15.2802765,73.9570518,,,"['nature', 'religious']"
Shri Ravalnath Mahalaxmi Temple,"Ravalnath Mahalaxmi, Mapusa - Bicholim Rd, Mulgaon, Goa 403503, India",4.7,246.0,ChIJd8blfiWUvzsRPY8neQb6F-E,"hindu_temple, tourist_attraction, place_of_worship, point_of_interest, establishment",Bicholim,15.6147347,73.9268307,,,['religious']
Shri Shani temple,"Moddir Mandop, Shaneshwar Nagar, Navelim, Dramapur, Goa 403725, India",4.7,245.0,ChIJGfgobFWyvzsR56P2bdkpq90,"hindu_temple, place_of_worship, point_of_interest, establishment",Salcete (Margao),15.2448652,73.9850796,,,['religious']
Radha Krishna Temple,"H266+CVC, Gokulwadi, Desai Nagar, Sanquelim, Goa 403505, India",4.7,244.0,ChIJN57s1V69vzsRrMkPdWX28Ls,"hindu_temple, place_of_worship, point_of_interest, establishment",Sattari (Valpoi),15.56109,74.0121407,,,['religious']
Shri Mahaganapati Temple,"NH 30, opp. Adwalpalkar Greens Estate, Khandola, Goa 403107, India",4.7,236.0,ChIJvUrXlUy8vzsRitpYtMHqu4M,"hindu_temple, place_of_worship, point_of_interest, establishment",Ponda,15.5128607,73.9661413,,,['religious']
Shree Devi Kelbai Mandir,"Sharda Nagar, Maem, Bhatwadi, Goa 403504, India",4.7,229.0,ChIJW9M22N2VvzsRpbRgop-wvyI,"hindu_temple, place_of_worship, point_of_interest, establishment",Bicholim,15.5831,73.9306042,,,['religious']
Shri Shantadurga Temple Kunkolim-Ponda,"FX6H+VJ8, Cuncoliem, Kumkaliem, Goa 403404, India",4.7,202.0,ChIJVVVVVYK7vzsRFowSDFbUqEE,"hindu_temple, place_of_worship, point_of_interest, establishment",Ponda,15.4621231,73.9790703,,,['religious']
Rock Forest Goa,"H. No, 1/57 B, Gaura waddo, behind Gomes Racing Track, near Peoples High School, Calangute, Goa 403511, India",4.7,183.0,ChIJ_ZUI4OnBvzsRncEH71J_jeQ,"tourist_attraction, lodging, point_of_interest, establishment",Bardez (Mapusa),15.5304007,73.7713409,,,['nature']
Sādagundi Waterfalls || Karnataka,Sada,4.7,151.0,ChIJ0dIqx2qbvzsRfCxx1v1EE_Y,"tourist_attraction, point_of_interest, establishment",Sattari (Valpoi),15.6628497,74.1006311,,,['nature']
Vazra Sakla Waterfalls (Karnataka),"M454+CV, Sada",4.7,146.0,ChIJw9Xdk1eZvzsRym4wkFNdRUM,"tourist_attraction, point_of_interest, establishment",Sattari (Valpoi),15.6585625,74.1071875,,,['nature']
Shree Bhagavati Temple,"9XQX+37W, Dhavali, Yashwant Nagar, Ponda, Goa 403401, India",4.7,142.0,ChIJoSrEm5u6vzsR9YW8sY84gZE,"hindu_temple, tourist_attraction, place_of_worship, point_of_interest, establishment",Ponda,15.3877655,73.9981828,,,['religious']
ISKCON Ponda,"Ponda - Margao Hwy, opposite IndusInd Bank, Tiska, Kurtarkar Nagari, Ponda, Goa 403401, India",4.7,139.0,ChIJlfXTjpe6vzsROxDT2BqmzsM,"hindu_temple, place_of_worship, point_of_interest, establishment",Ponda,15.3922947,74.0030967,,,['religious']
Shri Gajantlaxmi Temple Valvai,"F2V7+J8R, Valvai, Khandepar, Goa 403107, India",4.7,133.0,ChIJe2Rmxri8vzsRRcOmzeBsd8I,"hindu_temple, place_of_worship, point_of_interest, establishment",Sattari (Valpoi),15.4941029,74.013267,,,['religious']
"Shree Ayappa Temple, Ponda Goa","Sapana Orchard Ayyappa Hills Ayyappa Hills, Road, Kurtarkar Nagari, Betora, Ponda, Goa 403401, India",4.7,121.0,ChIJg-6An7G6vzsRlD07W2bbrWc,"hindu_temple, place_of_worship, point_of_interest, establishment",Ponda,15.396881,74.022675,,,['religious']
Sateri Temple Candola,"GXC7+QWH, Khandola, Goa 403107, India",4.7,118.0,ChIJt2Jatra9vzsRNksaUoHDx9k,"hindu_temple, place_of_worship, point_of_interest, establishment",Sattari (Valpoi),15.5219107,73.9648593,,,['religious']
Shri Jagannath Temple,"CX3F+WP3, Donshiwado, Bandoda, Bandiwada, Goa 403401, India",4.7,114.0,ChIJb6eM_1y6vzsRsmIjJdPbak8,"hindu_temple, place_of_worship, point_of_interest, establishment",Ponda,15.4048095,73.9742295,,,['religious']
Shree Shantadurga Temple Khandepar,"C2JR+HFW, Khandepar, Goa 403404, India",4.7,102.0,ChIJ0eRjjtekvzsRBI8IPd0hTg0,"hindu_temple, place_of_worship, point_of_interest, establishment",Dharbandora,15.431528,74.0411973,,,['religious']
Our Lady of the Sea Church,"JQHH+XFX, Oshal, Goa 403507, India",4.7,99.0,ChIJ_eSN7I7rvzsRvSyVZvgdzg0,"tourist_attraction, church, place_of_worship, point_of_interest, establishment",Pernem,15.6299914,73.7787372,,,['religious']
Our Lady Of Miracles Church,"FWR7+X9G, Old Goa, Goa 403110, India",4.7,97.0,ChIJN1VVpu2-vzsRlQkcMrUJn4A,"tourist_attraction, church, place_of_worship, point_of_interest, establishment",Salcete (Margao),15.4924326,73.9134459,,,"['historical', 'religious']"
Shri Chamundeshwari Devasthan,"HW5W+8QV, Piligaon, Goa 403504, India",4.7,92.0,ChIJ2zX2zQKWvzsRYLW2O9OC5MY,"hindu_temple, place_of_worship, point_of_interest, establishment",Bicholim,15.5583859,73.9469172,,,['religious']
Vittal Rukumai Temple,"H284+PVG, Sanquelim Bridge, Karapur, Vithallapur, Sanquelim, Karapur, Goa 403505, India",4.7,77.0,ChIJ4zCzZuCXvzsRzJhGq3kwRS8,"hindu_temple, place_of_worship, point_of_interest, establishment",Sattari (Valpoi),15.5668139,74.0071963,,,['religious']
"Shri Devi Sateri Sansthan, Khorli, Mhapasa","HRW2+9JV, Ghateshwar Nagar, Khorlim, Mapusa, Goa 403507, India",4.7,76.0,ChIJOV7TNgLrvzsRHeJsPxsGzjc,"hindu_temple, place_of_worship, point_of_interest, establishment",Sattari (Valpoi),15.5960279,73.8015381,,,['religious']
Bits pilani temple,"D-58, Pilani, Chicalim, Sancoale, Goa 403726, India",4.7,75.0,ChIJP7ti3Ce5vzsRN8dzJlMmYQg,"hindu_temple, place_of_worship, point_of_interest, establishment",Salcete (Margao),15.387899,73.8754283,,,['religious']
Shri Siddhivinayak Temple,"H278+278, Desai Nagar, Sanquelim, Goa 403505, India",4.7,66.0,ChIJNez6W1i9vzsRHlWf0KqsSDs,"hindu_temple, place_of_worship, point_of_interest, establishment",Bicholim,15.5625244,74.015708,,,['religious']
Radha Krishna Mandir,"FRWG+CH9, Near Mahalaxmi Temple, Altinho, Panaji, Goa 403001, India",4.7,65.0,ChIJFTOKV47AvzsRToe9oRwPg-0,"hindu_temple, place_of_worship, point_of_interest, establishment",Tiswadi (Panaji),15.496059,73.826468,,,['religious']
Shri Purushmharu Temple,"7482+MQ3, Vodlemol Cacora, Hodar, Goa 403706, India",4.7,62.0,ChIJd7VgymmsvzsRRQV1dZ48HV4,"hindu_temple, place_of_worship, point_of_interest, establishment",Sanguem,15.26655,74.1018701,,,['religious']
Shri Damodar Temple,"Gogoleshwar Temple Rd, EWS COLONY, Gogol Housing Board, Madgaon, Goa 403601, India",4.7,58.0,ChIJZTVU1S2yvzsRNkvLZsV_fzw,"hindu_temple, tourist_attraction, place_of_worship, point_of_interest, establishment",Salcete (Margao),15.282063,73.992065,,,"['nature', 'religious']"
St. Joseph's Church (Sao Jose Igreja em Dramapur),"Dramapur, Goa 403725, India",4.7,54.0,ChIJs1zGAv2yvzsRY_6HldHWvVQ,"church, place_of_worship, point_of_interest, establishment",Salcete (Margao),15.2346544,73.9859837,,,['religious']
Near Mahadev Temple,"64X5+JXM, Kakoda, Vodlemol Cacora, Kudchaden, Goa 403706, India",4.7,50.0,ChIJl3hT5IisvzsR2CFO_Htxpzg,"hindu_temple, place_of_worship, point_of_interest, establishment",Sanguem,15.2491399,74.1099441,,,['religious']
Sateribhat Sateri Temple,"F2Q5+4W6, Valvai, Goa 403107, India",4.7,46.0,ChIJm9H6Tby8vzsR0mbubk4tO3U,"hindu_temple, place_of_worship, point_of_interest, establishment",Sattari (Valpoi),15.487777,74.0097776,,,['religious']
Shree Sateri Mandir,"PW5P+2PC, Unnamed Rd, Maharashtra, Ibrampur",4.7,33.0,ChIJkUrlF4iRvzsRK6o3l_uiMGU,"hindu_temple, tourist_attraction, place_of_worship, point_of_interest, establishment",Pernem,15.7075738,73.9367595,,,['religious']
Aqueous Spice Farm,"Tilamol – Rivona – Colomb – Curdi (Zambaulim), Kurpe, Goa 403704, India",4.7,31.0,ChIJmf2RnZdVvjsRSUKaYz2KxGE,"park, point_of_interest, establishment",Sanguem,15.1241694,74.1742121,,,"['food', 'nature']"
"Shree Sateri Shantadurga, xeldem","Xeldem, Goa 403705, India",4.7,28.0,ChIJOSvg6PisvzsR7mbzl-cX_Mk,"hindu_temple, place_of_worship, point_of_interest, establishment",Sanguem,15.2489329,74.0845626,,,['religious']
Sateri Pissani Temple at Colsoi,"84W8+6W8, Kodli, Goa 403706, India",4.7,24.0,ChIJD0xl7SmvvzsRFXuXyaUtqNQ,"hindu_temple, place_of_worship, point_of_interest, establishment",Sanguem,15.3455492,74.1171807,,,['religious']
Shree Betal Temple,"Betalwada Rd, Queula, Ponda, Goa 403401, India",4.7,19.0,ChIJH5URWoG7vzsRgQk7iC4S6hw,"hindu_temple, place_of_worship, point_of_interest, establishment",Ponda,15.3922479,73.9888995,,,['religious']
Shantadurga temple Advoi sattari Goa,"Shree Shantadurga temple, Advai Desaiwada, Birondem VP, Goa 403530, India",4.7,19.0,ChIJtf8-0AujvzsRS37BhH3FD6w,"hindu_temple, place_of_worship, point_of_interest, establishment",Sattari (Valpoi),15.500832,74.1054911,,,['religious']
Timba Falls,"C72C+5W, Mollem, Goa 403410, India",4.7,15.0,ChIJfSw8rCQHvzsRyytIOathsMs,"tourist_attraction, point_of_interest, establishment",Sanguem,15.4004647,74.2723568,,,['nature']
Shree Vithal Devasthan Rajinwada Gaunem Bandora Ponda Goa,"CX89+W54, Gaunem, Bandoda, Bandiwada, Goa 403404, India",4.7,15.0,ChIJ_WqgjE66vzsR3MpuLdpH5x4,"hindu_temple, place_of_worship, point_of_interest, establishment",Dharbandora,15.4172056,73.9679572,,,['religious']
Dudhsagar Trek,"Road, Mollem, Kolem, Goa 403410, India",4.7,12.0,ChIJxWknsiAHvzsRJLQ-TAVWxjY,"tourist_attraction, point_of_interest, establishment",Dharbandora,15.3358363,74.2434258,,,['adventure']
Shri Ganesha Temple,"F5J3+WVP, Bimbal, Cotorem, Goa 403506, India",4.7,10.0,ChIJKULIuMymvzsRo0jnUN40ZrM,"hindu_temple, place_of_worship, point_of_interest, establishment",Dharbandora,15.4823421,74.1547184,,,['religious']
Carmelite church ruins,"GW39+355, Old Goa, Goa 403402, India",4.7,9.0,ChIJKRKDYgC_vzsRvlbgYtg-b5Y,"point_of_interest, establishment",Salcete (Margao),15.5026414,73.9179693,,,"['historical', 'religious']"
Don Bosco Dam,"446X+9P, Sulcorna",4.7,6.0,ChIJVyyky2pXvjsR4EMSBhEtkfQ,"tourist_attraction, point_of_interest, establishment",Canacona,15.1109173,74.1493259,,,['nature']
Dudhsagar Falls,"Sonauli, Goa 403410, India",4.6,30982.0,ChIJQ4srFBimvzsRJQI7KOdIlP0,"tourist_attraction, point_of_interest, establishment,waterfall,nature,adventure,trek",Sanguem,15.3144375,74.3143073,,,"['adventure', 'nature']"
Palolem Beach,"Palolem Beach, Goa, India",4.6,28949.0,ChIJuwJb0FFFvjsR9bsPS33GGx4,"natural_feature, establishment, beach, relaxation, scenic, nightlife, water sports",Canacona,15.0099648,74.0232186,,,"['adventure', 'beaches', 'nightlife', 'relaxation', 'scenic', 'water sports']"
Shree Mangesh temple,"CXV8+XH6, Dinanath Mangeshkar Rd, Mangeshi village, Mardol, Priol, Goa 403404, India",4.6,23175.0,ChIJAQAAALy6vzsR9rv-XA9g7a8,"hindu_temple, tourist_attraction, place_of_worship, point_of_interest, establishment",Ponda,15.4448919,73.9663431,,,['religious']
St Anthony Church,"JQ7C+Q6J, Duler-Marna-Siolim Rd, Kudal, Siolim, Goa 403517, India",4.6,1741.0,ChIJv9czpurrvzsRgixBWE4MUgQ,"tourist_attraction, church, place_of_worship, point_of_interest, establishment",Pernem,15.614462,73.7705089,,,['religious']
St. Jerome Church,"HRQ9+Q9R, Market Rd, Angod, Mapusa, Goa 403507, India",4.6,1209.0,ChIJ6W_gAd7qvzsRJwDxJqg3318,"tourist_attraction, church, place_of_worship, point_of_interest, establishment,religious,historical",Bardez (Mapusa),15.589499,73.818388,,,"['food', 'historical', 'religious', 'shopping']"
Shri Shantadurga Devasthan,"GQ79+6WC, Candolim, Goa 403515, India",4.6,1012.0,ChIJc-AclZfBvzsRRTRhOUOou1A,"hindu_temple, tourist_attraction, place_of_worship, point_of_interest, establishment",Bardez (Mapusa),15.51302,73.7697696,,,['religious']
Our Lady of Merces Church,"Colva Beach Rd, near Infant Jesus High School, Fatona, Colva, Goa 403708, India",4.6,1005.0,ChIJgzYWXhu0vzsRfZwjXKrB9Ms,"tourist_attraction, church, place_of_worship, point_of_interest, establishment,religious,historical",Salcete (Margao),15.2784948,73.9224645,,,"['beaches', 'historical', 'religious']"
"St. Cajetan Church, Goa","GW48+62M, Old Goa, Goa 403402, India",4.6,860.0,ChIJPzptf4u-vzsRYl7FhM9LGJc,"tourist_attraction, church, place_of_worship, point_of_interest, establishment",Salcete (Margao),15.5055969,73.9150423,,,"['historical', 'religious']"
Natures Nest Goa,"Surla, Sakvorde, Darbandora, Goa 403406, India",4.6,842.0,ChIJIb7U4nKxvzsRLDNZYl4vVY4,"travel_agency, lodging, restaurant, point_of_interest, food, establishment",Sanguem,15.410787,74.2005296,,,"['food', 'nature']"
Shree Hanuman Maharudra Sansthan,"8/3, Hutatma Circle, Mapusa, Goa 403507, India",4.6,669.0,ChIJH6lhruPqvzsR1e-1dkaL6eM,"hindu_temple, tourist_attraction, place_of_worship, point_of_interest, establishment",Bardez (Mapusa),15.5910889,73.8101578,,,['religious']
Holy Trinity Church,"7W2M+WRF, Benaulim, Goa 403716, India",4.6,610.0,ChIJc6npdne0vzsRucTviV3YaZU,"tourist_attraction, church, place_of_worship, point_of_interest, establishment",Salcete (Margao),15.2521614,73.9345535,,,['religious']
Holy Family Church,"NH 66, Alto Porvorim, Porvorim, Salvador du Mundu, Goa 403521, India",4.6,592.0,ChIJSbkiuBbAvzsRDAx_bWfwhnQ,"church, place_of_worship, point_of_interest, establishment",Tiswadi (Panaji),15.5341916,73.8235653,,,['religious']
Dudhsagara Waterfall Camp Site,"Sonauli, Goa 403410, India",4.6,573.0,ChIJaxzmhv8DvzsRKsGgRYDJeIs,"park, tourist_attraction, point_of_interest, establishment",Sanguem,15.3126988,74.3143903,,,['nature']
Shri Shantadurga Lakshminarasimha Temple,"CW22+85J, Sancoale, Goa 403710, India",4.6,558.0,ChIJt2V2Wre5vzsR0oqXaSJusFg,"hindu_temple, place_of_worship, point_of_interest, establishment",Tiswadi (Panaji),15.4008368,73.9003882,,,['religious']
Cola beach kayaking - ADI kayaking service,"Cola Beach Rd, Canacona, Kola, Goa 403702, India",4.6,505.0,ChIJXwPVMhdbvjsRu59-xLH3ecw,"tourist_attraction, travel_agency, point_of_interest, store, establishment,adventure",Canacona,15.0573791,73.9713667,,,"['adventure', 'beaches', 'shopping']"
Backwaters Palolem,"Canacona, Goa 403702, India",4.6,473.0,ChIJ60HZJlpFvjsRKWwSX-EWbsQ,"tourist_attraction, point_of_interest, establishment,viewpoint,nature",Canacona,15.0135625,74.0163125,,,"['nature', 'scenic']"
Tambdi Surla Waterfalls,"Surla, Goa 403406, India",4.6,460.0,ChIJBaXfv4oIvzsRw_tzqN9h6gs,"tourist_attraction, park, point_of_interest, establishment,waterfall,nature",Dharbandora,15.4564974,74.2713281,,,['nature']
Shree Shantadurga Samsthaana,"Khobra Waddo, Calangute, Goa 403516, India",4.6,381.0,ChIJFfbT5gnqvzsR5sr9H0NVZw0,"hindu_temple, place_of_worship, point_of_interest, establishment",Bardez (Mapusa),15.5458769,73.7645145,,,['religious']
Mandovi Riverfront Promenade,"FRR6+2V7, Miramar, Panaji, Goa 403001, India",4.6,338.0,ChIJC8XwgWvBvzsR85cREdXYWLU,"park, point_of_interest, establishment",Tiswadi (Panaji),15.4900268,73.8121598,,,['nature']
Vagator Hill View,"Chapora Fort Trail, Vagator, Goa 403509, India",4.6,320.0,ChIJNb7bl2jpvzsRQJxMZFXA3vo,"park, point_of_interest, establishment",Bardez (Mapusa),15.6009571,73.7342742,,,"['fort', 'historical', 'nature', 'scenic']"
Mangeshi Temple,"Priol, Mardol, Goa 403404, India",4.6,310.0,ChIJtymMXL27vzsRumner5zdq-M,"transit_station, point_of_interest, establishment",Ponda,15.4465904,73.9700775,,,['religious']
Our Lady of Health Church,"5XHW+QV9, Cuncolim, Assolna, Goa 403703, India",4.6,288.0,ChIJJRPOAT1NvjsResqoLXbv8BQ,"tourist_attraction, church, place_of_worship, point_of_interest, establishment",Salcete (Margao),15.1794143,73.9972238,,,['religious']
Shri Devaki Krishna Temple,"Bicholim Road, Madel, Goa 403102, India",4.6,273.0,ChIJd55Mn7y_vzsRV27vCZz-6kE,"hindu_temple, tourist_attraction, place_of_worship, point_of_interest, establishment",Sattari (Valpoi),15.5213649,73.870741,,,['religious']
St. Ann's Church,"FVHR+6MW Santana, Talauim, Goa 403006, India",4.6,257.0,ChIJLQE-VNi-vzsRz50PIq-vPYQ,"tourist_attraction, church, place_of_worship, point_of_interest, establishment",Tiswadi (Panaji),15.4781079,73.891706,,,['religious']
St John The Baptist Church,"7WGQ+436, Kana, Benaulim, Goa 403708, India",4.6,243.0,ChIJw9WqPfizvzsRIqiMXLaWZFg,"church, place_of_worship, point_of_interest, establishment",Salcete (Margao),15.2752887,73.9376352,,,['religious']
Shree Rudreshwar Devalay,"H22G+5C3, Rudreshwar Colony, Harvale, Goa 403505, India",4.6,233.0,ChIJcZHpTky9vzsRe7aTgYn0Zo4,"hindu_temple, tourist_attraction, place_of_worship, point_of_interest, establishment",Sattari (Valpoi),15.550383,74.0260349,,,['religious']
Church of Holy Cross,"5WPX+G5G, Cavelossim, Goa 403731, India",4.6,231.0,ChIJS27A269MvjsRhQkblB_yJsg,"church, place_of_worship, point_of_interest, establishment",Salcete (Margao),15.1861257,73.9476369,,,['religious']
Sanvordem Waterfall,"G5HX+98Q, Unnamed Road, Valpoy, Goa 403506, India",4.6,226.0,ChIJ8XYOdVGhvzsRnf64_pJO3Hg,"tourist_attraction, point_of_interest, establishment",Sattari (Valpoi),15.5284625,74.1983594,,,['nature']
"Shri Swami Samarth, Temple","Audumbar nagar, 7XGP+34V, Samarth gad, Samarth Gad Rd, Housing Board, Rumdamol, Davorlim, Goa 403601, India",4.6,221.0,ChIJZRo9BTOyvzsR5lHY7xVsHLU,"hindu_temple, place_of_worship, point_of_interest, establishment",Salcete (Margao),15.275234,73.9853048,,,"['nature', 'nightlife', 'religious']"
Churches and Convents of Goa,"GW26+WPJ, Old Goa, Goa 403402, India",4.6,218.0,ChIJuYbOebq_vzsR4EdqL-jhF2E,"point_of_interest, establishment,religious",Salcete (Margao),15.5023377,73.9117653,,,"['historical', 'religious']"
Igreja Mãe de Deus,"Igreja Pereira Ward Road, Pacheco Vaddo, Majorda, Goa 403713, India",4.6,204.0,ChIJVSQc6MS2vzsRlB5YZjqV2HI,"tourist_attraction, church, place_of_worship, point_of_interest, establishment",Salcete (Margao),15.3168998,73.9205625,,,['religious']
Shri Someshwara Temple (Shirvoi),"634V+M2G, Sirvoi, Goa 403705, India",4.6,178.0,ChIJUY8g0cysvzsRjgopSc2xGkw,"hindu_temple, place_of_worship, point_of_interest, establishment",Sanguem,15.2066842,74.0925928,,,['religious']
Igreja dos Reis Magos,"FRX5+4MF, Nerul - Reis Margos Rd, Reis Magos, Nerul, Goa 403109, India",4.6,167.0,ChIJHTJPZdPBvzsRNK7A5kOq5Es,"church, place_of_worship, point_of_interest, establishment",Tiswadi (Panaji),15.4978097,73.8091839,,,['religious']
"Shri Devi Yogeshwari Devasthaan, Parvatinagar, Goa","Sakhali, Road, Sarvan, Dicholi, Goa 403505, India",4.6,159.0,ChIJA2wKxjOWvzsRQnd6JkIBG7M,"hindu_temple, place_of_worship, point_of_interest, establishment",Bicholim,15.576385,73.9774018,,,['religious']
St. Michael Archangel Church,"6XC4+7XM, Orlim Bridge, Orlim, Goa 403724, India",4.6,151.0,ChIJ2Vmq7WqzvzsRMvABwbVSGcg,"church, place_of_worship, point_of_interest, establishment",Salcete (Margao),15.2208114,73.957465,,,"['historical', 'religious']"
Igreja de São João Batista,"Volvaddo, Pilern, Goa 403114, India",4.6,133.0,ChIJ69_9yUbAvzsR1rQMB3dM1lc,"church, place_of_worship, point_of_interest, establishment",Tiswadi (Panaji),15.5220518,73.8125195,,,['religious']
"Our Lady of Snows Church, Raia","Sonarwaddo, Raia, Goa 403720, India",4.6,119.0,ChIJ3bie6XWxvzsR7b7zxgGwB6g,"church, place_of_worship, point_of_interest, establishment",Salcete (Margao),15.3139982,73.9847831,,,['religious']
Our Lady Of Hope Church,"6X6H+Q2C, Chinchinim, Goa 403715, India",4.6,118.0,ChIJR8PbQTuzvzsRntM3CdCqgC4,"church, place_of_worship, point_of_interest, establishment",Salcete (Margao),15.2119516,73.9775072,,,['religious']
St Bartholomew's Church,"GVWH+XQX, Church Road, Belbhat, Madel, Goa 403102, India",4.6,116.0,ChIJ8UYY29C_vzsRmc1yVq56HFc,"tourist_attraction, church, place_of_worship, point_of_interest, establishment",Bicholim,15.5474805,73.8794769,,,"['nightlife', 'religious']"
Surla Falls Top Viewpoint,"M5GP+2CV Waterfalls, Surla, Goa 403506, India",4.6,113.0,ChIJbx14DROdvzsRv_-dx1ZPSxk,"tourist_attraction, point_of_interest, establishment",Sattari (Valpoi),15.6751174,74.1860581,,,"['nature', 'scenic']"
"Our Lady of Snows Church, Rachol","8256+956, Fr. Agnelo Rd, Praca De, Rachol, Goa 403719, India",4.6,113.0,ChIJeW05ieuxvzsRNMjV5cvWBEE,"tourist_attraction, church, place_of_worship, point_of_interest, establishment",Salcete (Margao),15.3084185,74.0103291,,,['religious']
Convent of Santa Monica and The Chapel of The Weeping Cross,"GW24+CXQ Monte Santo, Old Goa, Goa 403402, India",4.6,111.0,ChIJ1TGrOvK-vzsR97M1pNwn4yY,"tourist_attraction, place_of_worship, point_of_interest, establishment",Salcete (Margao),15.5009908,73.9073793,,,"['historical', 'religious']"
Holy Spirit Church,"Holy Spirit Church, Holy Spirit Rd, Borda, Madgaon, Goa 403601, India",4.6,106.0,ChIJq1Qtcj-zvzsRvCsMndpuUdE,"church, place_of_worship, point_of_interest, establishment",Salcete (Margao),15.2816579,73.9593313,,,['religious']
Our Lady of Remédios Church,"GQ4P+RMF, Nerul - Reis Margos Rd, Near Tinto Bardez, Nerul, Goa, Nerul, Goa 403114, India",4.6,99.0,ChIJC8mx4KjBvzsR9hqjcAw6c3U,"church, place_of_worship, point_of_interest, establishment",Tiswadi (Panaji),15.5070511,73.7866694,,,"['nightlife', 'religious']"
Shri Pandurang Mandir,"H284+PRQ, Zariwada Vithallapur, Vithallapur, Sanquelim, Karapur, Goa 403505, India",4.6,97.0,ChIJxRrwheCXvzsRO0UZqL1C1YA,"hindu_temple, tourist_attraction, place_of_worship, point_of_interest, establishment",Bicholim,15.5668093,74.0069899,,,['religious']
Madei Wildlife Sanctuary,"H5WQ+M5W, Nagargaon, Kodal, Goa 403506, India",4.6,93.0,ChIJ8XnJ49SfvzsRjmqYVVklMY4,"zoo, park, point_of_interest, establishment, wildlife sanctuary, adventure, trekking, peaceful",Sattari (Valpoi),15.5967304,74.1879633,,,"['adventure', 'nature', 'peaceful']"
Loutolim Church Square,"8XRM+9J6, Loutolim, Goa 403718, India",4.6,91.0,ChIJr1lTTsmxvzsRepfGVbDsPPk,"point_of_interest, establishment",Salcete (Margao),15.3409145,73.9840169,,,['religious']
Shri Sapthakoteshwar Temple,"C29X+R5G, Khandepar, Goa 403406, India",4.6,90.0,ChIJP12cnySlvzsR0OQMZW7r19Q,"hindu_temple, place_of_worship, point_of_interest, establishment",Dharbandora,15.4195678,74.0479434,,,['religious']
Sao Jose de Areal Church,"7264+36R, Sao Jose De Areal, Goa 403709, India",4.6,88.0,ChIJ8ehlb0KyvzsRq5xrAx6n92w,"church, place_of_worship, point_of_interest, establishment",Salcete (Margao),15.2602459,74.0055254,,,['religious']
Good News Goa,"Goa Community Centre, Housing Board Road, Swami Chinmayanand Road, Vidya Nagar, Madgaon, Goa 403601, India",4.6,86.0,ChIJL8hy0SyyvzsRzdHc_VkG9qs,"church, place_of_worship, point_of_interest, establishment",Salcete (Margao),15.2811932,73.9834732,,,['religious']
Shree Ajoba temple,"G2VQ+9P6, Sanquelim–velguem–Surla-Usgao Rd, Honda, Goa 403530, India",4.6,81.0,ChIJQ_js1reivzsRtMPJHJExsSw,"place_of_worship, point_of_interest, establishment",Sattari (Valpoi),15.5434738,74.0392196,,,['religious']
Kalasa Waterfalls- (Kanakumbhi),"M5HQ+VQG, Huland, Surla, Goa 403506, India",4.6,79.0,ChIJ6a8yqP-dvzsRjqV4h82y6eM,"tourist_attraction, point_of_interest, establishment",Sattari (Valpoi),15.6796863,74.1894387,,,['nature']
"Shri Vamaneshwar Temple, Dhavali","9XPX+89V, Yashwant Nagar, Ponda, Goa 403401, India",4.6,76.0,ChIJWVHCZZy6vzsRN8jR_kv4rsY,"hindu_temple, place_of_worship, point_of_interest, establishment",Ponda,15.3858252,73.9984368,,,['religious']
Ambaulim Church,"6323+2X7, Ambavali, Diyanv, Goa 403705, India",4.6,75.0,ChIJy7dnZspSvjsRgzV3GQBF8C8,"church, place_of_worship, point_of_interest, establishment",Salcete (Margao),15.2000456,74.0549115,,,['religious']
Khetoba Temple,"HW95+3GW, Vayangne, Goa 403504, India",4.6,62.0,ChIJAQAAQI2VvzsRAAHamfgyWQo,"hindu_temple, place_of_worship, point_of_interest, establishment",Bicholim,15.5677034,73.908892,,,['religious']
Cola backwaters kayaking spot,"Cola Beach Rd, Canacona, Kola, Goa 403702, India",4.6,57.0,ChIJD4hhuDtPvjsR_Wfabyrh0oQ,"tourist_attraction, point_of_interest, establishment",Canacona,15.05696,73.9714593,,,"['adventure', 'beaches']"
Dadeshwar Temple,"PV32+6C5, Dhargal, Goa 403513, India",4.6,54.0,ChIJIRcEBM-SvzsRioXJD0ZVEuU,"hindu_temple, tourist_attraction, place_of_worship, point_of_interest, establishment",Bicholim,15.7030311,73.8511241,,,['religious']
Shree Gananath Devasthan,"Usgao, Ganjem, Tisk, Goa 403406, India",4.6,52.0,ChIJdTvvBSOlvzsRzH2xS5DZmD4,"hindu_temple, place_of_worship, point_of_interest, establishment",Dharbandora,15.4213125,74.04972,,,['religious']
Main Altar Of Church Of St. Augustine,"GW24+483, Old Goa, Goa 403402, India",4.6,48.0,ChIJXRkP7vG-vzsR4oOh-TTs0Zw,"point_of_interest, establishment",Salcete (Margao),15.5002558,73.9057977,,,"['historical', 'religious']"
Salvador Do Mundo - Wetlands,"GVH4+3JF, Betim–Penha de Franca–Pomburpa, Aldona Soddo Rd, Quitula, Salvador du Mundu, Goa 403101, India",4.6,45.0,ChIJj9u39x2_vzsRlV6-GyV6fYM,"park, point_of_interest, establishment",Sattari (Valpoi),15.5276975,73.8565467,,,['nature']
"Shri Mandodari Devi Temple, Betki","GX4Q+8X3, Betki, Khandola, Goa 403107, India",4.6,40.0,ChIJ5e9FCfq8vzsRROF-v_spH0k,"hindu_temple, place_of_worship, point_of_interest, establishment",Ponda,15.5057912,73.9898689,,,['religious']
Vithoba Temple,"Vithoba temple, Upper Bazar, Durgabhat, Ponda, Goa 403401, India",4.6,38.0,ChIJBQIov7-6vzsRiY2rKNBfOXc,"hindu_temple, place_of_worship, point_of_interest, establishment",Ponda,15.4012808,74.0118029,,,['religious']
Archdiocese of Goa & Daman,"Archbishop's House, Altinho, Panaji",4.6,33.0,ChIJUaDp2fK-vzsR-hP5gyIRAOc,"tourist_attraction, church, place_of_worship, point_of_interest, establishment",Tiswadi (Panaji),15.4917463,73.826237,,,"['historical', 'nature', 'religious']"
Dhareshwari Temple,"94VG+GQM, Darbandora, Goa 403406, India",4.6,32.0,ChIJj0ZB_QCmvzsRrqdsTL8_vy0,"hindu_temple, place_of_worship, point_of_interest, establishment",Dharbandora,15.3938437,74.1269107,,,['religious']
Shree Dattatray Temple,"93XW+MQF, Piliem, Darbandora, Goa 403406, India",4.6,32.0,ChIJNxa1hY2lvzsRE4u33SDCVrw,"hindu_temple, place_of_worship, point_of_interest, establishment",Dharbandora,15.3991879,74.0969254,,,['religious']
Sunset view,"Santoshi Temple Stop, Veling",4.6,31.0,ChIJd2B-2JC7vzsR6YAZyoHwJIo,"tourist_attraction, point_of_interest, establishment",Ponda,15.4087921,73.9586611,,,"['photography', 'religious', 'scenic']"
Valpoi,"G4H4+8W, Pissurle, Valpoy, Goa 403506, India",4.6,27.0,ChIJrxosfsKjvzsRH8AQ3XdfQZc,"park, point_of_interest, establishment",Sattari (Valpoi),15.5283597,74.1072846,,,['nature']
"Shree Datta Mandir, Shree Kshetra Khandepar.","C29X+Q4C, Khandepar, Goa 403406, India",4.6,27.0,ChIJExskWCOlvzsR6FlCCRXmdsI,"hindu_temple, place_of_worship, point_of_interest, establishment",Dharbandora,15.4194411,74.0477755,,,['religious']
Dr.Sophia Waterfall pond,"964V+3Q, Kolem, Goa 403410, India",4.6,24.0,ChIJ8aHyumgHvzsRlxtGSwzs1yA,"tourist_attraction, point_of_interest, establishment",Sanguem,15.355223,74.2444893,,,['nature']
Ganesh Temple,"240, Dinanath Mangeshkar Road, Mardol",4.6,23.0,ChIJLzbp7727vzsRPO8oOz0EQs0,"hindu_temple, tourist_attraction, place_of_worship, point_of_interest, establishment",Ponda,15.4460956,73.966177,,,['religious']
Shri Shantadurga Temple Colomba,"542J+2CP, Kolamba, Goa 403705, India",4.6,23.0,ChIJDaU1w3BUvjsRxG597Yzaiwg,"hindu_temple, place_of_worship, point_of_interest, establishment",Sanguem,15.1501101,74.1310663,,,['religious']
DONGARPAL WATERFALL,"QVHW+XMW, Dongarpal",4.6,22.0,ChIJS72uZq-NvzsRT4aeUdjuuH0,"tourist_attraction, point_of_interest, establishment",Pernem,15.7799988,73.8967091,,,['nature']
Ruins of Lakshmi Narayana Swamy Temple,"452V+P96, Vichundrem, Digali, Goa 403704, India",4.6,21.0,ChIJl5gSxGpWvjsRoE1V_M81zJk,"hindu_temple, place_of_worship, point_of_interest, establishment",Sanguem,15.1017751,74.1933999,,,"['historical', 'religious']"
"Saibaba Temple,Lakhere Bicholim","JX45+Q7C, Borden, Dicholi, Goa 403504, India",4.6,20.0,ChIJRy9qwIqWvzsRTXleJ6FsVZA,"hindu_temple, place_of_worship, point_of_interest, establishment",Bicholim,15.6069344,73.9581632,,,['religious']
Iskcon Bhakti Kutir (Hare Krishna Temple),"H2C8+G7F, SH 4, Desai Nagar, Sanquelim, Pariye, Goa 403505, India",4.6,19.0,ChIJS6KpjOSXvzsRZ3YU-DcLNns,"hindu_temple, place_of_worship, point_of_interest, establishment",Bicholim,15.5713588,74.0156619,,,['religious']
Aai Waterfall,"342J+63C, Gaundongren, Goa 403702, India",4.6,19.0,ChIJwRihDD5XvjsRz2DsLdu_FIE,"tourist_attraction, point_of_interest, establishment, waterfall, scenic, adventure, peaceful",Sanguem,15.0505657,74.1301421,,,"['adventure', 'nature', 'peaceful', 'scenic']"
Palolem Kayaking Spot,"10, Ourem Rd, Mohanbagh, Palolem, Canacona, Goa 403702, India",4.6,18.0,ChIJzdM4Sz9FvjsRgR61wBTungc,"tourist_attraction, point_of_interest, establishment",Canacona,15.0076952,74.0261434,,,['adventure']
Royal Chapel of St. Anthony,"Royal Chapel of St Antony, Old Goa, Goa 403402, India",4.6,16.0,ChIJ4TTwkvG-vzsR_nQNomX0_H8,"tourist_attraction, church, place_of_worship, point_of_interest, establishment",Salcete (Margao),15.5006988,73.9056926,,,"['historical', 'religious']"
Saibaba Temple,"65W2+282, Sanguem Rd, Bazaarwado, Sanguem, Muguli, Goa 403706, India",4.6,12.0,ChIJA8OQBj-rvzsRY5gn7547GAE,"hindu_temple, place_of_worship, point_of_interest, establishment",Sanguem,15.2450243,74.1507733,,,"['religious', 'shopping']"
Satrem Second Waterfall,"J6MV+2XP, Nagargaon, Goa 403506, India",4.6,11.0,ChIJtxLV4vh1vzsRgfmn086OG64,"park, point_of_interest, establishment",Sattari (Valpoi),15.6325999,74.2449393,,,['nature']
Vaiginim Waterfall and village,"H6QJ+32C, Nanode, Vayangani, Goa 403506, India",4.6,7.0,ChIJI4RwsfF1vzsRIlEsBYBz_hA,"tourist_attraction, point_of_interest, establishment, cultural, waterfall, village, scenic",Sattari (Valpoi),15.5876926,74.2300051,,,"['nature', 'scenic']"
Jacuzzi water falls,"9VC6+2X4, Verna, Dabolim, Goa 403806, India",4.6,7.0,ChIJNTs4EAC3vzsRd061I-_lnpQ,"tourist_attraction, point_of_interest, establishment",Mormugao (Vasco),15.3700157,73.8624576,,,['nature']
Kalasa Waterfalls,"M5HQ+JW, Surla, Goa 403506, India",4.6,5.0,ChIJl8NnUwWdvzsRe0t2Xrkrti8,"tourist_attraction, point_of_interest, establishment, waterfall, scenic, peaceful",Sattari (Valpoi),15.6790625,74.1898125,,,"['nature', 'peaceful', 'scenic']"
Dabal Nirankal kayaking ride,"9462+QFW, Nirankal, Kalsai, Goa 403706, India",4.6,5.0,ChIJOWcem4SvvzsREJPRs7F_Ryw,"tourist_attraction, point_of_interest, establishment",Dharbandora,15.3609967,74.101516,,,['adventure']
Mahadev Temple Marad Dharbandora Goa,"94M3+JPM, Darbandora, Goa 403406, India",4.6,5.0,ChIJZSCsPv-vvzsRRrvf_18jpHU,"hindu_temple, place_of_worship, point_of_interest, establishment",Dharbandora,15.3840874,74.1042939,,,['religious']
Basilica of Bom Jesus,"Old Goa Road, Old Goa, Goa 403402, India",4.5,66043.0,ChIJiQKbufK-vzsRuKcVn2hWgB4,"tourist_attraction, church, place_of_worship, point_of_interest, establishment,historical,religious",Salcete (Margao),15.5008429,73.9114097,,,"['historical', 'religious']"
Se Cathedral,"Old Goa, Goa 403402, India",4.5,6710.0,ChIJE0a0LfO-vzsR8JyKJEBHTMk,"tourist_attraction, church, place_of_worship, point_of_interest, establishment,religious,historical",Salcete (Margao),15.5035996,73.9122204,,,"['historical', 'religious']"
Butterfly Beach,"Butterfly Beach, Devalkajjan, Goa 403702, India",4.5,5209.0,ChIJ8YfoFopPvjsRJzVErf5JQok,"natural_feature, establishment",Canacona,15.0196019,74.001647,,,"['beaches', 'nature']"
Church of St. Francis of Assisi,"Off National Highway 4, Old Goa, Goa 403402, India",4.5,4807.0,ChIJ78JjO_O-vzsRRzk9_PvVgE0,"tourist_attraction, church, place_of_worship, point_of_interest, establishment,religious,historical",Salcete (Margao),15.5030158,73.911237,,,"['historical', 'religious']"
St. Augustine Tower,"Church of St. Augustine Ruins, Old Goa, Goa 403402, India",4.5,3868.0,ChIJ7YKn9fG-vzsRqG6gJbaQxPs,"tourist_attraction, point_of_interest, establishment,viewpoint,historical,religious",Salcete (Margao),15.5005094,73.9064616,,,"['historical', 'religious', 'scenic']"
Salaulim Dam,"Kurdi, Ugem, Goa 403704, India",4.5,3800.0,ChIJh8I8MtOqvzsRWk2SI90FBNg,"tourist_attraction, point_of_interest, establishment,viewpoint,nature",Salcete (Margao),15.2127043,74.1788677,,,"['nature', 'scenic']"
Wildernest Nature Resort,"off Sankhali, Ghats, Chorla, Charavade, Goa 416512, India",4.5,2005.0,ChIJi3KUwlGZvzsRnj5X9TJEyHs,"lodging, point_of_interest, establishment",Sattari (Valpoi),15.6497778,74.1150948,,,['nature']
Butterfly Beach Goa,"2292+RMJ, Butterfly Beach Rd, Devalkajjan, Goa 403702, India",4.5,2000.0,ChIJe86NrwdPvjsRFvqcDwHvsqk,"tourist_attraction, point_of_interest, establishment,beach,nature",Canacona,15.0195801,74.001638,,,"['beaches', 'nature']"
St. Andrew's Church,"9RWF+JPJ, Swatantra Path, Vaddem, New Vaddem, Vasco Da Gama, Goa 403802, India",4.5,1650.0,ChIJwQ43br3HvzsRKlPsZEgQzBs,"tourist_attraction, church, place_of_worship, point_of_interest, establishment",Mormugao (Vasco),15.399596,73.8173423,,,['religious']
Our Lady of Grace Church,"7XF5+9HM, Isidorio Baptista Rd, Pajifond, Madgaon, Goa 403601, India",4.5,1560.0,ChIJLZPlLeizvzsRtDw4-0Z1nns,"tourist_attraction, church, place_of_worship, point_of_interest, establishment,religious,historical",Salcete (Margao),15.273472,73.958916,,,"['historical', 'religious']"
Salaulim Garden,"657H+RFG, Kurdi, Ugem, Goa 403704, India",4.5,1202.0,ChIJGY0GDtOqvzsR_js0g5JUddQ,"tourist_attraction, park, point_of_interest, establishment",Salcete (Margao),15.2145589,74.1786934,,,['nature']
Our Lady of Piety Church,"GWG2+556 Diver Island, Piedade, Goa 403403, India",4.5,907.0,ChIJEwdWYU--vzsRao8N7k9UurM,"tourist_attraction, church, place_of_worship, point_of_interest, establishment",Sattari (Valpoi),15.525597,73.9004056,,,['religious']
Igreja de Santa Ana,"HQHH+HRX, Parra, Goa 403510, India",4.5,693.0,ChIJcVT1o0XqvzsRxGomyDsOAYE,"tourist_attraction, church, place_of_worship, point_of_interest, establishment",Bardez (Mapusa),15.5789951,73.7796048,,,['religious']
"St. Alex Church, Curtorim","72QC+QP8, Curtorim, Shelvan, Goa 403709, India",4.5,678.0,ChIJgZGLQQKyvzsRclzx8MZks8E,"tourist_attraction, church, place_of_worship, point_of_interest, establishment",Salcete (Margao),15.2894037,74.0218254,,,['religious']
Netravali Wildlife Sanctuary,"36MJ+FR7, Unnamed Road, Neturlim, Netravli, Goa 403704, India",4.5,664.0,ChIJrV85rh75vjsRUHVODTEwKkY,"park, point_of_interest, establishment, wildlife sanctuary, wildlife exploration, trekking, scenic, peaceful",Ponda,15.0836711,74.2320539,,,"['adventure', 'nature', 'peaceful', 'scenic']"
"Our Lady of Good Hope Church, Candolim","GQ9G+5WW, Candolim, Goa 403511, India",4.5,655.0,ChIJj8rE_7vBvzsRoMEWGV1J-Nc,"tourist_attraction, church, place_of_worship, point_of_interest, establishment,religious,historical",Tiswadi (Panaji),15.5179909,73.777324,,,"['historical', 'religious']"
St. Michael's Church,"Junction, Anjuna Beach Road, Bouta Waddo, Chapora, Anjuna, Goa 403510, India",4.5,614.0,ChIJtQOjQTPqvzsRK9oqbZt9oI0,"tourist_attraction, church, place_of_worship, point_of_interest, establishment",Bardez (Mapusa),15.5899919,73.7642162,,,"['beaches', 'religious']"
Santa Cruz Church,"FRGV+CWV, Santa Cruz, Goa 403005, India",4.5,585.0,ChIJXUdVIFm_vzsR3203CpoRWx0,"church, place_of_worship, point_of_interest, establishment",Sattari (Valpoi),15.4761125,73.8447969,,,['religious']
Pebbles Beach,"3WPC+MVG, Kola, Canaguinim, Goa 403703, India",4.5,572.0,ChIJnTm8NW1JvjsRxn2viLfxvko,"tourist_attraction, park, point_of_interest, establishment, beach, peaceful, scenic, photography, relaxation",Canacona,15.0866772,73.9222132,,,"['beaches', 'nature', 'peaceful', 'photography', 'relaxation', 'scenic']"
St. Francis Xavier’s Church Duler,"Duler Ground Rd, opp. Sankalp Hospital Building, Alto Duler, Karaswada, Mapusa, Goa 403526, India",4.5,496.0,ChIJsVb74BjrvzsR97sR_JuTdAE,"church, place_of_worship, point_of_interest, establishment",Bardez (Mapusa),15.603661,73.817261,,,['religious']
"St. Lawrence's Church, Sinquerim","FQVJ+HQ8, Aguada - Siolim Rd, near Aguada Fort, Sinquerim, Candolim, Goa 403515, India",4.5,492.0,ChIJTyDobA_BvzsRqBnIYAKyKVo,"tourist_attraction, church, place_of_worship, point_of_interest, establishment",Tiswadi (Panaji),15.4939002,73.7819478,,,"['fort', 'historical', 'religious']"
St. Diogo's Church,"Sangolda, Goa 403510, India",4.5,449.0,ChIJqSzzbY_qvzsRHhDqLOqL2iY,"church, place_of_worship, point_of_interest, establishment",Bardez (Mapusa),15.5614189,73.8034299,,,"['historical', 'religious']"
Our Lady of Gloria Church,"6WJV+QHF, Varca, Goa 403721, India",4.5,416.0,ChIJR-WBCXuzvzsR2F9BDeUDbMc,"church, place_of_worship, point_of_interest, establishment",Salcete (Margao),15.2319418,73.9439089,,,['religious']
Chapel of St. Francis Xavier,"GW29+8M5, Old Goa, Goa 403402, India",4.5,340.0,ChIJL5VuzY--vzsRomHlFP3bsyI,"tourist_attraction, church, place_of_worship, point_of_interest, establishment",Salcete (Margao),15.5007503,73.9192267,,,"['historical', 'religious']"
Galeria de Arte da Basílica do Bom Jesus,"GW26+7GW, National Hwy 4A Bypass Rd, Old Goa, Goa 403402, India",4.5,329.0,ChIJW5wLvPK-vzsRcm-uEwdR0EI,"art_gallery, point_of_interest, establishment",Salcete (Margao),15.5008576,73.9113513,,,"['historical', 'religious']"
"Igreja de São Francisco Xavier, Chicalim",Chicalim,4.5,320.0,ChIJNSIr8onHvzsRiJi9p3n2qEk,"tourist_attraction, church, place_of_worship, point_of_interest, establishment",Tiswadi (Panaji),15.3982841,73.8407609,,,['religious']
Shivling Waterfall,"H4WF+W3J, Pali, Goa 403506, India",4.5,299.0,ChIJF3XWiNqZvzsReeuhhhUnApM,"tourist_attraction, point_of_interest, establishment,waterfall,nature,adventure,trek",Sattari (Valpoi),15.5973284,74.1226416,,,"['adventure', 'nature']"
Saviour of the World Church,"8XRM+6PX, Loutolim, Goa 403718, India",4.5,299.0,ChIJ3wtkC1awvzsR5WxUrLo6c1k,"tourist_attraction, church, place_of_worship, point_of_interest, establishment",Salcete (Margao),15.340607,73.984353,,,['religious']
Badem Sunset Point,"Nr Church, Badem, Vagator, Goa 403509, India",4.5,291.0,ChIJyccR2t7rvzsRXjIMgotjDP4,"tourist_attraction, point_of_interest, establishment",Bardez (Mapusa),15.6076719,73.7513173,,,"['photography', 'religious']"
Jalavne falls,"J5XV+FH4, Dongurvada, Surla, Goa 403506, India",4.5,269.0,ChIJbzpKjoafvzsRaCj_J0aPg9Y,"tourist_attraction, point_of_interest, establishment,waterfall,nature,adventure,trek",Sattari (Valpoi),15.6486329,74.1939471,,,"['adventure', 'nature']"
Chapora mangroves kayaking,"MR2C+94R, Chikhli, Kolval, Goa 403513, India",4.5,255.0,ChIJd6DGs6DtvzsROx2-Sy8BmTg,"tourist_attraction, point_of_interest, establishment,nature,adventure",Pernem,15.6509894,73.8202621,,,"['adventure', 'nature']"
Our Lady of Mount Carmel Chapel,"92X3+FHW, Sadar, Kurtarkar Nagari, Ponda",4.5,224.0,ChIJnQfT1ZW6vzsRuRF1ABLvIYQ,"tourist_attraction, church, place_of_worship, point_of_interest, establishment",Salcete (Margao),15.398742,74.003947,,,['religious']
St. Anne's Church - Ponda,"C237+5XF, Silva Nagar, Ponda, Goa 403401, India",4.5,208.0,ChIJcfVL5Hy7vzsRz-cutqs6uz0,"tourist_attraction, church, place_of_worship, point_of_interest, establishment",Ponda,15.402947,74.0148868,,,['religious']
Strawberry Plantation,"26RX+XRM, Verlen, Goa 403704, India",4.5,191.0,ChIJpz2-MCT4vjsRIj_1cnk3YWE,"tourist_attraction, point_of_interest, establishment",Sanguem,15.0424651,74.2495537,,,"['food', 'nature']"
St. Clara's Church,"Assonora, Asnode, Goa 403503, India",4.5,183.0,ChIJgXUNpV6UvzsR1UuvpU-LdeE,"tourist_attraction, church, place_of_worship, point_of_interest, establishment",Bicholim,15.6185641,73.8945492,,,['religious']
Capela de Nossa Senhora da Piedade,"7XH7+X46, Padre Miranda Rd, Monte Hill, Madgaon, Goa 403601, India",4.5,177.0,ChIJS0plTtyzvzsRaZdIZ_ZeBnM,"tourist_attraction, church, place_of_worship, point_of_interest, establishment",Salcete (Margao),15.2798686,73.9627643,,,['religious']
Igreja de São Tomás,"8VXW+J8V, Cansaulim, Goa 403712, India",4.5,169.0,ChIJvbR2lAy3vzsRotMHI4O7-dI,"church, place_of_worship, point_of_interest, establishment",Salcete (Margao),15.349117,73.8957854,,,['religious']
Our Lady of Pilar Church,"7WQR+J86, Suravali Station Rd, Fatona, Seraulim, Goa 403601, India",4.5,164.0,ChIJGb8MNVSxvzsRmD209xDV03Y,"church, place_of_worship, point_of_interest, establishment",Salcete (Margao),15.2890347,73.940777,,,['religious']
Chorlagundi Waterfalls || Karnataka,"M45G+J2, Sada",4.5,140.0,ChIJKR7eRVmfvzsRBB_fqZZ58sc,"tourist_attraction, point_of_interest, establishment",Sattari (Valpoi),15.65909,74.125062,,,['nature']
Hivrem Waterfall,"J4WX+HQ6, Ivre Khurd, Goa 403506, India",4.5,128.0,ChIJqX88uZWevzsRlLG09dvS3nY,"tourist_attraction, point_of_interest, establishment,waterfall,nature,adventure,trek",Sattari (Valpoi),15.6464111,74.1493889,,,"['adventure', 'nature']"
Church of Our Lady of the Rosary,"GW23+PX9, Old Goa, Goa 403402, India",4.5,127.0,ChIJ89dPoPG-vzsRpKOATjYJRvE,"church, place_of_worship, point_of_interest, establishment",Salcete (Margao),15.501778,73.9049807,,,"['historical', 'religious']"
Panjim Promenade,"GR2C+5HF, Panaji, Goa 403001, India",4.5,110.0,ChIJYWDu3a_BvzsRTkbgNEhUCAw,"park, point_of_interest, establishment",Tiswadi (Panaji),15.5004277,73.8214165,,,['nature']
"São Pedro Church, Goa","GV2W+4VH, Old Goa, Baingini, Goa 403402, India",4.5,91.0,ChIJ624yk_q-vzsRS1inwISMJ4Y,"tourist_attraction, church, place_of_worship, point_of_interest, establishment",Tiswadi (Panaji),15.5002292,73.8972411,,,"['historical', 'religious']"
Taligao Church,"FR99+6WG, Taleigao Jct, Caranzalem, Taleigao, Goa 403002, India",4.5,89.0,ChIJ26FVv7fAvzsRPn2RW__MeT4,"church, place_of_worship, point_of_interest, establishment",Tiswadi (Panaji),15.4680625,73.8198125,,,['religious']
Regina Martyrum Church,"5XMC+845, Assolna, Goa 403701, India",4.5,88.0,ChIJkR1fJsVMvjsRP2lj_Bybcts,"church, place_of_worship, point_of_interest, establishment",Salcete (Margao),15.1832553,73.9703798,,,['religious']
St. Mary's Orthodox Syrian Church Panaji,"Ilhas, Ribandar, Goa 403006, India",4.5,84.0,ChIJiw2b1HS_vzsRkh-yRSpLLPo,"church, place_of_worship, point_of_interest, establishment",Tiswadi (Panaji),15.5043561,73.865231,,,['religious']
Ustem Dam,"H654+CH5, nagargoan dhave,ustem toad",4.5,72.0,ChIJZ-amTOGhvzsRAZtAXuBPtok,"tourist_attraction, point_of_interest, establishment",Sattari (Valpoi),15.5585012,74.2064777,,,['nature']
Shri Siddhanath Temple,"926W+JJ3, Talsai, Borim, Kajorde, Goa 403103, India",4.5,68.0,ChIJdXije9-vvzsRKbRi3uZdzQI,"hindu_temple, place_of_worship, point_of_interest, establishment",Sanguem,15.361508,74.0465552,,,['religious']
Panaji Methodist Church,"FRQ9+R47, Santa Inez, Panaji, Goa 403001, India",4.5,65.0,ChIJKaO40OzAvzsRF0opJz4-oZI,"church, place_of_worship, point_of_interest, establishment",Tiswadi (Panaji),15.4895321,73.8177898,,,['religious']
Paroda Church,"62HW+GX2, Paroda, Goa 403705, India",4.5,65.0,ChIJtb1BeWmtvzsRiC0Pjjpppwc,"church, place_of_worship, point_of_interest, establishment",Salcete (Margao),15.2287502,74.0473785,,,['religious']
Shri Chandreshwar Swamy Temple,"F2GM+MR3, Kotambi, Pale, Goa 403105, India",4.5,64.0,ChIJY2n8xlWjvzsRVnV5PJN7GpY,"hindu_temple, tourist_attraction, place_of_worship, point_of_interest, establishment",Sattari (Valpoi),15.4767346,74.0345451,,,['religious']
Church and Convent of St. John of God,"Monte Santo, Old Goa, Goa 403402, India",4.5,56.0,ChIJWbMUFfK-vzsRxQGL0-uPxFM,"tourist_attraction, church, place_of_worship, point_of_interest, establishment",Salcete (Margao),15.5007488,73.9078115,,,"['historical', 'religious']"
Satrem Waterfall,"J69F+V9M, Satre, Goa 403506, India",4.5,56.0,ChIJ27uqrn51vzsR9IHdShl_0GM,"tourist_attraction, point_of_interest, establishment",Sattari (Valpoi),15.619711,74.223431,,,['nature']
Banastari Wetlands,"FXR3+2W5, Corlim, Goa 403110, India",4.5,55.0,ChIJbRhRSBO9vzsRqw0iLXI2QQ8,"tourist_attraction, park, point_of_interest, establishment, wetland, bird watching, scenic, relaxation, peaceful",Sattari (Valpoi),15.4900225,73.9548583,,,"['nature', 'peaceful', 'relaxation', 'scenic']"
Bhupar waterfall,"342J+242, Gaundongren, Goa 403702, India",4.5,45.0,ChIJk_ptmkdXvjsRUtzKIBsmquc,"tourist_attraction, point_of_interest, establishment",Sanguem,15.0505185,74.1302594,,,['nature']
Khareban Sunset & Fishing Point,"PQGP+3J, Pernem, Pernam Municipal Area, Goa 403512, India",4.5,45.0,ChIJf6_1wj_tvzsRsCAWdsRpk_Y,"tourist_attraction, park, point_of_interest, establishment",Pernem,15.7251585,73.7865024,,,"['nature', 'photography']"
Mahamaya Temple-Gaonkarwada-Mayem,"HWP6+F34 Mahamay temple, Dicholi, Bhatwadi, Goa 403504, India",4.5,45.0,ChIJIS_n_bCVvzsRyrmu4ePM96w,"hindu_temple, place_of_worship, point_of_interest, establishment",Bicholim,15.5861405,73.9101956,,,['religious']
Sangameshwar Temple,"64MX+4M2, Sanguem Rd, Sanguem, Goa 403704, India",4.5,45.0,ChIJ8dn23j-rvzsRSwCC4dKC7_E,"hindu_temple, place_of_worship, point_of_interest, establishment",Sanguem,15.2327554,74.1491559,,,['religious']
Shri Kamaleshwara Temple,"92G3+X2P, Dhavali, Yashwant Nagar, Borim, Ponda, Goa 403401, India",4.5,43.0,ChIJdW9tRHSwvzsRCY9CP1lMu94,"hindu_temple, place_of_worship, point_of_interest, establishment",Ponda,15.3774711,74.0025876,,,['religious']
Bhumipurush Temple,"92W7+V7M, Shanti Nagar, Ponda, Goa 403401, India",4.5,41.0,ChIJ07DEHry6vzsRL-GagMLzzeU,"hindu_temple, place_of_worship, point_of_interest, establishment",Ponda,15.3972074,74.0131676,,,['religious']
Shri Mahadev Temple Cotombi,"7323+M5J, Cotombi Rd, Madgaon, Kakoda, Goa 403705, India",4.5,36.0,ChIJTzhEeJ-tvzsRF065uqavVlA,"hindu_temple, place_of_worship, point_of_interest, establishment",Sanguem,15.2517473,74.0528925,,,['religious']
Srushti Farm,"H.no. 95, 2, Nagargaon Rd, Valpoy, Ambede, Goa 403506, India",4.5,32.0,ChIJHXSjoe-hvzsRnGESxpQr2dM,"campground, park, lodging, point_of_interest, food, store, establishment",Sattari (Valpoi),15.5620309,74.1539143,,,"['food', 'nature', 'shopping']"
Thapneshwar Temple,"House of Sanjiv, Fadte, Kumbhar Juven, Goa 403107, India",4.5,23.0,ChIJb1V2bzS8vzsRppEWbjfhoSI,"hindu_temple, place_of_worship, point_of_interest, establishment",Bicholim,15.5170286,73.947626,,,['religious']
SuryaPrabha (सूर्यप्रभा) Top View Point,"PWWP+RXG, Banda - Dodamarg Road, Banda",4.5,18.0,ChIJodvw02OPvzsRqQN4TTfSNvw,"tourist_attraction, point_of_interest, establishment",Pernem,15.7470574,73.9374502,,,"['nature', 'scenic']"
Udear Waterfall,"8WXW+5F5 Udear Springs Waterfall, Verna, Lotli, Goa 403722, India",4.5,16.0,ChIJn4KOSACxvzsR6x_-SDeft1A,"tourist_attraction, point_of_interest, establishment",Dharbandora,15.347957,73.946223,,,['nature']
Gokuldem Waterfall,"Barsen, Gokole, Goa 403703, India",4.5,14.0,ChIJcY7l1PJRvjsRkuzob7cwb_I,"park, point_of_interest, establishment, relaxation",Canacona,15.067987,74.0759749,,,"['nature', 'nightlife', 'relaxation']"
Praça de Igreja View Point,"FRXH+FP6, near chapel of our lady ( 17th century chapel, Altinho, Verem, Panaji, Goa 403001, India",4.5,13.0,ChIJedQc-I3BvzsRDL_D9wwMYMw,"tourist_attraction, point_of_interest, establishment",Tiswadi (Panaji),15.4986381,73.8292639,,,"['religious', 'scenic']"
Our Lady of the Immaculate Conception Church,"4XP4+JWC, Betul Bridge, Kital, Canaguinim, Goa 403703, India",4.5,12.0,ChIJ15mzVWhMvjsRxBQwdeYteC0,"church, place_of_worship, point_of_interest, establishment",Salcete (Margao),15.1365717,73.9572545,,,['religious']
Rivona Small Dam,"5439+J7H, Rivona",4.5,11.0,ChIJcb9OYkNTvjsRnTLtSenPZQg,"tourist_attraction, point_of_interest, establishment",Canacona,15.1540738,74.1182468,,,"['nature', 'shopping']"
Shri rudreshwar devasthan,"HWWP+5CC, lamgao bicholim goa, lamgao, Dicholi, Goa 403504, India",4.5,10.0,ChIJM1fbn5qXvzsRXkhTVsMVTxE,"hindu_temple, place_of_worship, point_of_interest, establishment",Bicholim,15.5954348,73.9360294,,,['religious']
Badsarem hills,"25W5+HV8, Gaundongren, Goa 403702, India",4.5,6.0,ChIJs4_3_UlXvjsRKdM7oywQCSA,"park, point_of_interest, establishment",Sanguem,15.0464227,74.1597144,,,['nature']
SHRI PAIKDEV TEMPLE,"ZANODEM, Sanguem, Zanoda, Goa 403704, India",4.5,6.0,ChIJpV4WArhUvjsRhpiOMrsPhrw,"hindu_temple, place_of_worship, point_of_interest, establishment",Sanguem,15.1986869,74.1470225,,,['religious']
Narve-Tikhazan Marsh (Birdwatching),"HW36+GVC, Narva, Maem, Goa 403504, India",4.5,4.0,ChIJVboGXea_vzsRbF6l5TBDG7Q,"park, point_of_interest, establishment",Sattari (Valpoi),15.5538125,73.9121406,,,['nature']
Bhagwan mahavir national park,"96VQ+9C8, NH748, Mollem, Goa 403410, India",4.5,4.0,ChIJ2yBY5zIHvzsRieP4sYsmZEQ,"park, point_of_interest, establishment",Sanguem,15.3934028,74.2385878,,,['nature']
Spice Plant Forest,"F227+FF, Keri",4.5,2.0,ChIJI3qDYQC7vzsRdn7tvSCwJrw,"tourist_attraction, point_of_interest, establishment",Ponda,15.4511875,74.0136875,,,"['food', 'nature']"
Calangute Beach,"Calangute Beach, Goa, India",4.4,29353.0,ChIJK-30SAHqvzsRF30lXa0vWcs,"natural_feature, establishment, beach, nightlife, shopping, scenic, water sports",Bardez (Mapusa),15.549441,73.7534857,,,"['adventure', 'beaches', 'nightlife', 'scenic', 'shopping', 'water sports']"
Reis Magos Fort,"Nerul - Reis Margos Rd, beside three kings church, Bardez, Verem, Nerul, Goa 403109, India",4.4,11097.0,ChIJYeGT3PDAvzsRS8Ckp0KjgGs,"point_of_interest, establishment,fort,historical",Tiswadi (Panaji),15.4964204,73.8091839,,,"['fort', 'historical', 'nightlife', 'religious']"
Mae De Deus Church,"GQWP+R47, Chogm Rd, Muddavaddi, Saligao, Goa 403511, India",4.4,3887.0,ChIJFbog2NfBvzsRlZ2Ry-UD8g0,"tourist_attraction, church, place_of_worship, point_of_interest, establishment,religious,historical",Bardez (Mapusa),15.5470308,73.7853113,,,"['historical', 'religious']"
Bhagwan Mahavir Wildlife Sanctuary,"87MQ+H89, Goa 403410, India",4.4,3391.0,ChIJVVVVVZUGvzsRsTuQyBI93Ro,"tourist_attraction, park, point_of_interest, establishment,nature,wildlife",Quepem,15.3339015,74.2883536,,,['nature']
Chorla Ghat,"J4X9+RHM, SH 4, Charavade, Goa 403506, India",4.4,2184.0,ChIJeeyaw02ZvzsRCmMjgEHRsCc,"tourist_attraction, park, point_of_interest, establishment,nature,wildlife",Sattari (Valpoi),15.6495989,74.1189133,,,['nature']
Thunder world Goa Amusement Parks,"Road, Vegas Vaddo Rd, nr. St. Joseph School Road, Nagva, Arpora, Goa 403516, India",4.4,2146.0,ChIJs_yJ2ljrvzsRwK8iiy9B2Uc,"amusement_park, tourist_attraction, point_of_interest, establishment",Bardez (Mapusa),15.5613477,73.7703529,,,['nature']
Church of Our Lady of Grace,"Old Goa, Goa 403402, India",4.4,1139.0,ChIJxapT8fG-vzsRv5zxNSl-WWI,"church, place_of_worship, point_of_interest, establishment",Salcete (Margao),15.5002453,73.9061058,,,"['historical', 'religious']"
Bamanbudo Waterfall,"3565+2RC, MDR34, Gaundongren, Goa 403704, India",4.4,1121.0,ChIJ6xFV8hFXvjsRKITFFevXu9A,"tourist_attraction, point_of_interest, establishment,waterfall",Sanguem,15.0600515,74.1595025,,,['nature']
Official Dudhsagar Jeep Safari & Trek Booking,"Kulem Station FOB, Kolem, Goa 403410, India",4.4,1063.0,ChIJA1ETXxQHvzsRU7Nrm2PWCiA,"tourist_attraction, park, point_of_interest, establishment,waterfall,nature",Dharbandora,15.3363533,74.244316,,flag,"['adventure', 'nature']"
St. Francis Xavier’s Church,"9223+PJC, Borim, Goa 403103, India",4.4,985.0,ChIJ75e8IkewvzsR7jnJJY9RgFQ,"tourist_attraction, church, place_of_worship, point_of_interest, establishment",Dharbandora,15.3518189,74.0040095,,,['religious']
St. Inez Church,"FRRC+G5Q, St. Inez, Altinho, Panaji, Goa 403001, India",4.4,903.0,ChIJSyUm7pLAvzsRdNjYcRuUOLs,"tourist_attraction, church, place_of_worship, point_of_interest, establishment",Tiswadi (Panaji),15.491332,73.820494,,,['religious']
Palácio do Deão,"Church, Opposite Holy Cross, Quepem, Goa 403705, India",4.4,730.0,ChIJ2ZYd-yitvzsRyJPT1dp816c,"tourist_attraction, restaurant, food, museum, point_of_interest, establishment",Quepem,15.2135835,74.0736286,,,"['food', 'historical', 'religious']"
Bom Jesus Church Nachinola,"HVP3+8XR, Nachinola, Goa 403508, India",4.4,675.0,ChIJ145utzqVvzsRHV-9mPbR4jY,"tourist_attraction, church, place_of_worship, point_of_interest, establishment",Bardez (Mapusa),15.5858484,73.8548966,,,['religious']
Shree Kapileshwar Temple,"9XRR+9XF, Ponda, Goa 403401, India",4.4,556.0,ChIJIW8GcoW6vzsRgbbWJcGiA50,"hindu_temple, place_of_worship, point_of_interest, establishment",Ponda,15.3909565,73.9924158,,,['religious']
Buttress Of The Church Of Santa Monica,"GW24+9VR, Convent of Santa Monica,, Old Goa, Goa 403402, India",4.4,552.0,ChIJT-kKI_K-vzsRoSkEmd7AExU,"point_of_interest, establishment",Salcete (Margao),15.5009998,73.9071469,,,"['historical', 'religious']"
"St. Sebastian's Chapel, Goa","FRWJ+F8M, Fontainhas (quarter), Altinho, Panaji, Goa 403001, India",4.4,436.0,ChIJefaaeYXAvzsRhVfqZuOAkRM,"tourist_attraction, church, place_of_worship, point_of_interest, establishment",Tiswadi (Panaji),15.4961996,73.830776,,,['religious']
St. Lawrence Martyr Church,"CVGX+54V, Near Syndicate Bank, Merkuri, Agaçaim, Goa 403204, India",4.4,420.0,ChIJVX7F0gW5vzsRPe8R0M_H168,"tourist_attraction, church, place_of_worship, point_of_interest, establishment",Tiswadi (Panaji),15.4254953,73.8978095,,,['religious']
Varca Church Bandstand,"6WJV+VFF, Varca, Goa 403721, India",4.4,346.0,ChIJWV6tr8izvzsRnJ6dG5y1TYY,"church, place_of_worship, point_of_interest, establishment",Salcete (Margao),15.2321994,73.9436625,,,['religious']
ST. SEBASTIAN CHURCH,"Aquem Alto Rd, Near Railway Station, Aquem, Madgaon, Goa 403601, India",4.4,333.0,ChIJq6qqqi2yvzsR_nO5UYIKW44,"tourist_attraction, church, place_of_worship, point_of_interest, establishment",Salcete (Margao),15.2723981,73.9709761,,,['religious']
"St. Michael's Church, Taleigão","FR89+VW2, Nagalli Hills Colony, Durgavado, Goa 403002, India",4.4,309.0,ChIJLX-5NbbAvzsRYRBOda3i5ac,"church, place_of_worship, point_of_interest, establishment",Tiswadi (Panaji),15.467134,73.8197629,,,['religious']
Kuske Waterfall,"26C5+MFM, Cotigao, Goa 403702, India",4.4,295.0,ChIJodX_ocdZvjsR3ISyT9zV_zY,"tourist_attraction, point_of_interest, establishment,waterfall,nature,adventure,trek",Dharbandora,15.0217083,74.2086604,,,"['adventure', 'nature']"
Dudhsagar Waterfall Trip - Goa,"Dudhsagar falls, Kolem, Goa 403410, India",4.4,256.0,ChIJo-qKFB7qvzsRoiU9cAzy4Qw,"tourist_attraction, point_of_interest, establishment",Sanguem,15.3379486,74.2462197,,,['nature']
The Cross Of Basilica Bom Jesus,"GW26+9V7 Bom Jesus church, Ella, Old Goa, Goa 403402, India",4.4,252.0,ChIJw8S7tfK-vzsR5NDN4VhVNjg,"landmark, point_of_interest, establishment",Salcete (Margao),15.5009092,73.9121616,,,"['historical', 'religious']"
"Igreja de Mãe dos Pobres, Nuvem","8W5W+5CV, Majorda-Nuvem Rd, Madgaon, Nuvem, Goa 403722, India",4.4,241.0,ChIJk-U9PEixvzsR6oyWXFssL-g,"church, place_of_worship, point_of_interest, establishment",Salcete (Margao),15.3079204,73.9460931,,,['religious']
BHAGWAN MAHAVIR BAL VIHAR PARK,"FRX9+2G7, Panaji, Goa 403001, India",4.4,240.0,ChIJBdmCsYzAvzsRJbTtxyeQM1A,"park, tourist_attraction, point_of_interest, establishment",Tiswadi (Panaji),15.4975409,73.8187902,,,['nature']
Anjuna sand Beach,"4241a, Calangute - Arpora Rd, Agar Vaddo, Prabhu wada, Calangute, Anjuna, Goa 403509, India",4.4,236.0,ChIJM8kiU6rrvzsRBj870doD4-E,"point_of_interest, establishment,beach,nature,nightlife",Pernem,15.5724968,73.7413421,,,"['beaches', 'nature', 'nightlife']"
Namazgah,"HWJW+XCQ, Dicholi, Goa 403504, India",4.4,174.0,ChIJX91kyHKWvzsRqMI1tBk80e4,"mosque, tourist_attraction, place_of_worship, point_of_interest, establishment",Bicholim,15.5824605,73.9461171,,,['religious']
Anjunem Dam,"Anjunem Dam, Ghonteli, Gulle, Goa 403506, India",4.4,167.0,ChIJwzyVywKZvzsRudibcMiJqo0,"tourist_attraction, point_of_interest, establishment",Bicholim,15.6168114,74.088487,,,['nature']
Migratory Birds Area,"GVH5+F34, Salvador du Mundu, Goa 403101, India",4.4,166.0,ChIJ6UsCPJO_vzsRqu260Ym9L1o,"park, point_of_interest, establishment, wetland, bird watching, scenic, photography, peaceful",Sattari (Valpoi),15.528638,73.857701,,,"['nature', 'peaceful', 'photography', 'scenic']"
St. Cajetan Church - Assagao,"Anjuna Road, Bardez, Assagao, Assagao",4.4,165.0,ChIJc7n1L7LrvzsRK1BttRrWihA,"tourist_attraction, church, place_of_worship, point_of_interest, establishment",Tiswadi (Panaji),15.5973163,73.7810426,,,"['nightlife', 'religious']"
Igreja de Nossa Senhora de Lourdes,"8WG7+2CJ, Utorda Beach Rd, Near, Seraulim Railway Station, Utorda, Goa 403713, India",4.4,145.0,ChIJAarbPd62vzsRmRDHG61rkt0,"church, place_of_worship, point_of_interest, establishment",Salcete (Margao),15.3250982,73.9135238,,,"['beaches', 'religious']"
Salaulim dam,"655G+G78, Shelpe",4.4,145.0,ChIJe_8OUG1VvjsRTK5ENpqAYo8,"tourist_attraction, point_of_interest, establishment",Canacona,15.2099027,74.176029,,,['nature']
"St. Francis Xavier’s Chapel, Goa","Portais, Four Pillars, Electricity Colony, Altinho, Panaji, Goa 403001, India",4.4,107.0,ChIJPzm07JnAvzsRJfi07ccxyKA,"church, place_of_worship, point_of_interest, establishment",Tiswadi (Panaji),15.4870506,73.8315095,,,['religious']
Dudhsagar waterfall parking,"86PV+WXW, Kolem, Goa 403410, India",4.4,100.0,ChIJ6ZwNrMUHvzsRrs9Nnx4i9AU,"tourist_attraction, point_of_interest, establishment",Sanguem,15.3372386,74.2449805,,,['nature']
"Damodara Temple Loliem, South Goa","Shri Damodar Vidyalaya, Loliem, Goa 403728, India",4.4,81.0,ChIJQci9InpbvjsR81FrhPgDM7s,"hindu_temple, tourist_attraction, place_of_worship, point_of_interest, establishment",Canacona,14.942263,74.0704844,,,"['nature', 'religious']"
Shri Mahamaya Temple,"JW2Q+3JJ, Borden, Dicholi, Goa 403504, India",4.4,78.0,ChIJhc1C4n6WvzsR0WlIDCL0Lfg,"hindu_temple, place_of_worship, point_of_interest, establishment",Bicholim,15.6002218,73.9390012,,,['religious']
Shiv Mandir Nerul bardez Goa,"FQXH+PV4, Nerul, Goa 403511, India",4.4,71.0,ChIJD19zsQnBvzsRkwlYchtno6o,"hindu_temple, place_of_worship, point_of_interest, establishment",Tiswadi (Panaji),15.4992504,73.7796943,,,"['nightlife', 'religious']"
Savri Waterfall Parking,"368M+2M, Neturlim, Netravli, Goa 403704, India",4.4,54.0,ChIJjxWfjs35vjsRqyfLAyrfN1I,"tourist_attraction, point_of_interest, establishment, scenic, short visit",Sanguem,15.0666853,74.2341689,,,"['nature', 'scenic']"
Amma Shri Shanta Durga Temple,"GQ6M+2X9, Near Nerul Hospital, Nerul, Goa",4.4,42.0,ChIJY9P2Ca_BvzsRhSOOl8q2GdQ,"hindu_temple, tourist_attraction, place_of_worship, point_of_interest, establishment",Tiswadi (Panaji),15.5100283,73.7849891,,,['religious']
Saleli spring waterfall,"H38Q+544, Salili, Goa 403530, India",4.4,37.0,ChIJQScdwgOjvzsRR2-xVLKMFbY,"park, point_of_interest, establishment",Sattari (Valpoi),15.5653789,74.0878173,,,['nature']
Shantadurga Temple,"JWC3+QJH, Bicholim – Poira – Sirigao - Assonora, Moitem, Asnode, Goa 403503, India",4.4,33.0,ChIJX6vOrUSUvzsRL2lALOsyR94,"hindu_temple, place_of_worship, point_of_interest, establishment",Bicholim,15.6219508,73.9040997,,,['religious']
GEC goa waterfall,"CX9G+W6, Bandiwada, Goa 403401, India",4.4,31.0,ChIJDYdenSi7vzsRGqVhGDsb5xA,"tourist_attraction, point_of_interest, establishment, waterfall, trekking, peaceful",Dharbandora,15.4198193,73.9755325,,,"['adventure', 'nature', 'peaceful']"
PALOLEM BEACH MANGROVE FOREST,"2289+82, Canacona, Goa, India",4.4,28.0,ChIJdZbyNbFFvjsR_c8vzqieQL0,"tourist_attraction, point_of_interest, establishment",Canacona,15.0158338,74.0175332,,,"['beaches', 'nature']"
waterfall spot,"8867+86H, Sonauli, Goa 403410, India",4.4,28.0,ChIJqywLW10DvzsRe-CytWkMWNI,"park, point_of_interest, establishment",Sanguem,15.3108179,74.3131114,,,['nature']
Saraswati Temple,"Dag Ponda Goa 403 401, Ponda – Durbhat, Ponda, Goa 403401, India",4.4,27.0,ChIJqQikjpq6vzsRzBrz8MVtGRE,"hindu_temple, place_of_worship, point_of_interest, establishment",Ponda,15.3913543,73.9974421,,,['religious']
St. Thomas Chapel,"FRXJ+RV9, Rua São Tomé, Near G.P.O., Near Head Post Office, Patto Colony, Panaji, Goa 403001, India",4.4,23.0,ChIJI5nBd4bAvzsRClO4WUv4NQ4,"church, place_of_worship, point_of_interest, establishment",Tiswadi (Panaji),15.49953,73.8322278,,,['religious']
Peter Farm,"C346+F39, Kodar, Nirankal, Goa 403406, India",4.4,22.0,ChIJp-5U90ylvzsRzYhw8_Bzytw,"park, point_of_interest, establishment",Ponda,15.4061723,74.06023,,,['nature']
Vadadev Temple,"Vadadev Nagar, near Vadadev Temple, Honda, Satari, Goa 403530, India",4.4,21.0,ChIJ83ZLVr6ivzsRPEXTaAODLbc,"hindu_temple, place_of_worship, point_of_interest, establishment",Sattari (Valpoi),15.5475633,74.0506903,,,['religious']
"Shree Damodar Circle Bell, Fatorda","Margao - Ponda Hwy, Gawli Wada, Fatorda, Madgaon, Goa 403601, India",4.4,19.0,ChIJx0C5u9uzvzsRcmcBV5YvSWA,"tourist_attraction, point_of_interest, establishment",Salcete (Margao),15.286073,73.9635966,,,['nature']
Bharsa Waterfall,"3566+62Q, Unnamed Road, Gaundongren, Goa 403704, India",4.4,10.0,ChIJrQVFRDdXvjsRmCeuMjk2IGg,"tourist_attraction, point_of_interest, establishment, trekking, waterfall, scenic, moderately crowded",Sanguem,15.0605999,74.1601111,,,"['adventure', 'nature', 'scenic']"
St. Anthony Chapel,"FRM5+5HX, Miramar, Panaji, Goa 403001, India",4.4,10.0,ChIJDf09CSPBvzsRg0L_58ASXQ8,"church, place_of_worship, point_of_interest, establishment",Tiswadi (Panaji),15.4829928,73.8089995,,,['religious']
Elle Agri Treks and Tours,"Vaddem, Vasco Da Gama, Goa 403802, India",4.4,9.0,ChIJBewxj2nHvzsRPEpB2sBPl1g,"tourist_attraction, point_of_interest, establishment",Mormugao (Vasco),15.4019581,73.8175543,,,['adventure']
Dabem waterfall,"H35W+666, Dabem, Jarma, Goa 403506, India",4.4,7.0,ChIJWcmgpTWjvzsRWrbvqgRLIx0,"tourist_attraction, point_of_interest, establishment",Sattari (Valpoi),15.5580357,74.0955158,,,['nature']
Shree Ramnath Paikdev Temple,"64CX+F27, Sanguem, Goa 403704, India",4.4,7.0,ChIJ1b3e_TervzsR8fVtuMShjLE,"hindu_temple, place_of_worship, point_of_interest, establishment",Sanguem,15.2211117,74.1475365,,,['religious']
Ravna Dongar,"26R9+QRM, Cotigao, Goa 403704, India",4.4,7.0,ChIJ2dEzQ0P5vjsRtr_GXnNtIvo,"park, point_of_interest, establishment",Dharbandora,15.0419619,74.2195388,,,['nature']
Bairagi Temple,"H256+Q7P, Desai Nagar, Maulangtad, Sanquelim, Goa 403505, India",4.4,5.0,ChIJIQ1C41u9vzsRKTT5nH0Crgw,"hindu_temple, place_of_worship, point_of_interest, establishment",Sattari (Valpoi),15.559473,74.0107072,,,['religious']
Colva Beach,"Colva Beach, Goa, India",4.3,11483.0,ChIJo3Ithhi0vzsRNQmtLCAb3rU,"natural_feature, establishment, beach, relaxation, water sports, scenic",Salcete (Margao),15.2805316,73.9119945,,,"['adventure', 'beaches', 'relaxation', 'scenic', 'water sports']"
Harvalem Waterfalls,"Rudreshwar Colony, Kudne, Goa 403505, India",4.3,9127.0,ChIJVUbAVEy9vzsRS6uKBv4zNmI,"tourist_attraction, point_of_interest, establishment,waterfall",Sattari (Valpoi),15.5507728,74.0264703,,,['nature']
Goa Water Sports Activities and Boat Tours,"near Carvalho's Bar & Restaurant Old Petrol Pump, Calangute, Goa 403516, India",4.3,4234.0,ChIJuT9rLsHrvzsRdSNYqdI0qUQ,"travel_agency, school, point_of_interest, establishment,adventure",Bardez (Mapusa),15.5450466,73.7625115,,,"['adventure', 'food', 'historical', 'nightlife', 'water sports']"
Three Kings Chapel,"9W62+679, Muder, Cansaulim, Consua, Goa 403712, India",4.3,3020.0,ChIJE-lpKHC3vzsRDHehd03s_ik,"tourist_attraction, church, place_of_worship, point_of_interest, establishment,religious,historical",Salcete (Margao),15.3605246,73.9007519,,,"['historical', 'religious']"
Campal Gardens,"Children Park, Campal, Altinho, Panaji, Goa 403001, India",4.3,2333.0,ChIJZ7IctYzAvzsRGFUrmuUJx6s,"tourist_attraction, park, point_of_interest, establishment,nature,wildlife",Tiswadi (Panaji),15.49806,73.818748,,,['nature']
Archaeological Museum of Goa,"GW36+797, behind Se Cathedral, Old Goa, Goa 403402, India",4.3,935.0,ChIJkRYoGPO-vzsRJtAbk3TQPEc,"tourist_attraction, museum, point_of_interest, establishment,historical",Salcete (Margao),15.503157,73.9109342,,,"['historical', 'religious']"
Candolim Beach Water Sports,"Candolim Rd, Candolim, Calangute, Goa 403516, India",4.3,934.0,ChIJB9aW60rBvzsRh8LHIhKk6fM,"school, travel_agency, store, point_of_interest, establishment,adventure",Bardez (Mapusa),15.5333171,73.7621735,,,"['adventure', 'beaches', 'shopping', 'water sports']"
Cotigao Wildlife Sanctuary,"X6G4+CF8, Canacona Taluka, Cotigao, Goa 403702, India",4.3,742.0,ChIJd80W8otYvjsRt2iX35P2fJM,"zoo, tourist_attraction, park, point_of_interest, establishment,wildlife,nature",Dharbandora,14.9760305,74.2061931,,,['nature']
Charavane Waterfall,"J4RH+G97, Choraundem, Goa 403506, India",4.3,197.0,ChIJf9lMjrWevzsRQTaSG8jAYZ8,"tourist_attraction, point_of_interest, establishment",Sattari (Valpoi),15.6412818,74.1284271,,,['nature']
Capela de Santa Catarina de Alexandria,"GW36+953, Old Goa, Goa 403402, India",4.3,178.0,ChIJNcH7EPO-vzsRl1RKlSloJoI,"tourist_attraction, church, place_of_worship, point_of_interest, establishment,historical,religious",Salcete (Margao),15.503375,73.910435,,,"['historical', 'religious']"
Capela de São Sebastião,"Junction, Aguada - Siolim Rd, opposite Pinto Mansion, Arpora, Goa 403516, India",4.3,130.0,ChIJDyj6pBbqvzsR6PtSOPJwa9s,"church, place_of_worship, point_of_interest, establishment",Bardez (Mapusa),15.5634745,73.7647786,,,['religious']
The Banyan Tree,"MPP6+H2X, Arambol",4.3,120.0,ChIJQQ0EV1DuvzsRN1cweqHFutA,"hindu_temple, tourist_attraction, place_of_worship, point_of_interest, establishment",Bardez (Mapusa),15.6864792,73.7101138,,,['religious']
Sunset Park,"9RJ6+68M, Unnamed Road, Varunapuri, Vasco Da Gama, Mormugao, Goa 403802, India",4.3,115.0,ChIJ02xTgsTHvzsRBKIIjTnsOBE,"park, point_of_interest, establishment",Mormugao (Vasco),15.3805756,73.8107895,,,"['nature', 'photography']"
"Igreja de Nossa Senhora do Rosário, Davorlim","zorriwado, Davorlim, Goa 403707, India",4.3,106.0,ChIJIcr5FKuzvzsRoCWlPebf9kU,"church, place_of_worship, point_of_interest, establishment",Salcete (Margao),15.2697114,73.9938887,,,['religious']
Ancient Kadamba Shri Shiva Temple/ Nandi Bull,"7353+6XW, Cotta Chandor Goa, Kantivaddo Ravora, Chandor, Guirdolim, Goa 403714, India",4.3,92.0,ChIJ28ip8qKtvzsRlPcMLNDkz-E,"hindu_temple, place_of_worship, point_of_interest, establishment",Sanguem,15.258105,74.0549473,,,"['historical', 'nature', 'religious']"
St. Blaise Church,"GW6R+WHQ, Gandaulim",4.3,78.0,ChIJCzaAWSu8vzsRODO4wKXK2vs,"tourist_attraction, church, place_of_worship, point_of_interest, establishment",Tiswadi (Panaji),15.5123375,73.9414844,,,['religious']
Bramha Karmali Waterfall,"H5M6+24G, Bramha Karmali-Shelphem Rd, Naneli, Goa 403506, India",4.3,77.0,ChIJdemn4FefvzsRY74B0IIJyaQ,"tourist_attraction, point_of_interest, establishment",Sattari (Valpoi),15.582559,74.1603253,,,['nature']
Harvallem Waterfall,"Harvallem Waterfall, Rudreshwar Colony, Kudne, Goa 403505",4.3,56.0,ChIJJcZtVEy9vzsRxTAJR5Vyj8s,"natural_feature, establishment",Sattari (Valpoi),15.5505562,74.0267991,,,['nature']
Mhadai River New Dam,"F39W+RW, Pale, Mastakwada, Goa 403105, India",4.3,53.0,ChIJLa0Fy2GlvzsR3tBpNwwS_vk,"tourist_attraction, point_of_interest, establishment",Sattari (Valpoi),15.4692702,74.0921429,,,['nature']
Shirent waterfall,"FVQJ+2RG, Chimbel, Goa 403006, India",4.3,50.0,ChIJ7Rg8SlC_vzsRgXxblEGUL4M,"tourist_attraction, point_of_interest, establishment",Tiswadi (Panaji),15.4875596,73.8820656,,,['nature']
"Shree Mahadev Temple, Curti श्री महादेवाचें देवुळ","C256+8V, Antruj Nagar, Ponda, Goa 403401, India",4.3,41.0,ChIJY9_m7827vzsRBalGANpQv_U,"hindu_temple, place_of_worship, point_of_interest, establishment",Ponda,15.4082937,74.0123176,,,['religious']
Stella Maris Chapel,"FRP6+9R3, Miramar, Panaji, Goa 403001, India",4.3,33.0,ChIJiXyiUOnAvzsRsbTtcH_NtJ8,"church, place_of_worship, point_of_interest, establishment",Tiswadi (Panaji),15.4858225,73.8121107,,,['religious']
Shree Vathadev temple,"119, Sarvan, Vatadev, Vathadev, Sarvan, Goa 403529, India",4.3,27.0,ChIJMfPLx0OWvzsRkxKAS7f-gDw,"hindu_temple, place_of_worship, point_of_interest, establishment",Bicholim,15.5900735,73.9633101,,,['religious']
Mhatrai Temple,"HWRP+MV4, Lamgaon, Dicholi, Goa 403504, India",4.3,20.0,ChIJxxSz7XeWvzsRa86rUhxRKHw,"hindu_temple, place_of_worship, point_of_interest, establishment",Bicholim,15.5916264,73.9372051,,,['religious']
Siranguli Waterfall,"F5VP+34F, Siranguli, Shelpi Khurd, Goa 403506, India",4.3,15.0,ChIJAQBezUChvzsRjuFltXoRB0g,"park, point_of_interest, establishment",Sattari (Valpoi),15.4926771,74.1853027,,,['nature']
Caranzol Talyar Waterfall,"Unnamed Road, Caranzol, Satari, Goa 403506, India",4.3,11.0,ChIJMZ2KAYihvzsRUm2PQzM-l6E,"tourist_attraction, point_of_interest, establishment, adventure, waterfall, trekking, scenic",Sattari (Valpoi),15.4990625,74.2160625,,,"['adventure', 'nature', 'scenic']"
Shri Brahmani Devasthan,"Dharge Sacorda, Darbandora, Surla, Goa 403406, India",4.3,7.0,ChIJ5acUFDMIvzsRh3dKfzKVgjs,"hindu_temple, place_of_worship, point_of_interest, establishment",Dharbandora,15.4419224,74.2337655,,,['religious']
Dragon Waterfall aka Agnela Fond,"626V+65V, Deao, Quepem, Talewada, Goa 403705, India",4.3,6.0,ChIJQ9YzN7WtvzsR74ssFkb3oXA,"tourist_attraction, point_of_interest, establishment",Sanguem,15.2106197,74.042919,,,['nature']
Rancol Waterfall,"8382+5J9, Shiroda, Goa 403103, India",4.3,4.0,ChIJuZnAZUKvvzsR0r2bB2UyGqM,"tourist_attraction, point_of_interest, establishment, waterfall, scenic, adventure, peaceful",Dharbandora,15.3154197,74.0516016,,,"['adventure', 'nature', 'peaceful', 'scenic']"
"Snow Park, Goa","Titos Lane, 2, Calangute - Baga Rd, Baga, Goa 403516, India",4.2,18763.0,ChIJXVO8PxvqvzsRta823KYFYvE,"tourist_attraction, amusement_park, point_of_interest, establishment",Bardez (Mapusa),15.5574607,73.7552656,,,['nature']
Azad Maidan,"GR2G+2FW, MG Road, near Head Quarters, Opposite Azad Maidan, Ozari, Panaji, Goa 403001, India",4.2,1824.0,ChIJf9whPInAvzsR6nE1kxWvW1Y,"tourist_attraction, park, point_of_interest, establishment,viewpoint,historical",Tiswadi (Panaji),15.500124,73.8261919,,,"['historical', 'nature', 'scenic']"
Amthane Dam,"MWC4+8V4, Amthane, Dumase, Latambarcem, Goa 403513, India",4.2,984.0,ChIJXYxXvOuTvzsRHFiXj3u6xWg,"tourist_attraction, point_of_interest, establishment",Bardez (Mapusa),15.6707536,73.9071929,,,"['nature', 'nightlife']"
Shiva Waterfall,"3WRF+XJH, Canacona, Gonval, Goa, India",4.2,412.0,ChIJU0z4aBVJvjsRSZCNCzEbJ-U,"tourist_attraction, point_of_interest, establishment",Canacona,15.0924458,73.9241239,,,['nature']
Cotigao Wildlife Sanctuary Office,"X4M5+VCR, Hatipal,Partgal, Poingunin, Canacona, Goa 403702, India",4.2,326.0,ChIJ_____8NavjsRWcgl0iw89vk,"park, point_of_interest, establishment, wildlife sanctuary, wildlife exploration, trekking, scenic, peaceful, bird watching",Sanguem,14.984734,74.1085117,,,"['adventure', 'nature', 'peaceful', 'scenic']"
Savoi Plantation,"50, Savoi, Marcel Ponda Road, Ponda, Goa, 403107, India",4.2,294.0,ChIJ0bVnNrm6vzsRE1k0W-b2sOA,"point_of_interest, establishment",Ponda,15.4934357,74.0005112,,,"['food', 'nature']"
Ambora Spring,"8XPQ+PH9, Loutolim, Goa 403718, India",4.2,245.0,ChIJ8YcmYFOwvzsRJ_P1iH_ckHE,"tourist_attraction, point_of_interest, establishment,nature,viewpoint",Salcete (Margao),15.3367963,73.9889898,,,"['nature', 'scenic']"
Bird Watching Spot,"8WJ2+9QP, Arossim, Goa 403712, India",4.2,219.0,ChIJQefFIx23vzsRa9tEtr74_Y0,"park, point_of_interest, establishment",Sattari (Valpoi),15.3309671,73.9019438,,,['nature']
Querim Dam,"J38G+5V4, Querim, Querim VP, Goa 403505, India",4.2,176.0,ChIJLRp601SYvzsR4wD72-oMXMY,"tourist_attraction, point_of_interest, establishment",Pernem,15.615381,74.0772171,,,['nature']
"Biodiversity Park, Mollem Goa","9672+H4R, NH748, Mollem, Goa 403410, India",4.2,152.0,ChIJgRxLwR4HvzsRLLg5CxlKB4M,"park, point_of_interest, establishment",Ponda,15.3639855,74.2002537,,,['nature']
St. Cruz Wetlands,"FRCQ+J24, Santa Cruz, Goa 403005, India",4.2,81.0,ChIJk9d499_BvzsRB3I4JZwMnZI,"park, point_of_interest, establishment",Sattari (Valpoi),15.4715066,73.8375808,,,['nature']
Hanuman Temple,"C39M+PFW, Tisca, Darbandora, Goa 403406, India",4.2,29.0,ChIJW_k_0KWlvzsRYH090_3hFZo,"hindu_temple, place_of_worship, point_of_interest, establishment",Dharbandora,15.4193583,74.0837099,,,['religious']
"Devils Canyon, Dudhsagar Waterfalls Trail","8873+2WV, Sonauli, Goa 403410, India",4.2,23.0,ChIJB8JstKwGvzsR9P-DIj9isWc,"park, point_of_interest, establishment",Sanguem,15.3126009,74.3047931,,,['nature']
Three waterfall morlem,"Ground Floor, opposite LIC Office, Gokulwadi, Morle",4.2,11.0,ChIJ_cRUhCOZvzsR2sAUSi7_kqY,"tourist_attraction, point_of_interest, establishment",Bicholim,15.5845151,74.0593872,,,['nature']
Shri Dev Chidambar Temple Mhadei Wildlife Sanctuary,"H5WQ+P34, Nagargaon, Kodal, Goa 403506, India",4.2,5.0,ChIJLe0wiJafvzsRoPZPYzZ4XN8,"hindu_temple, place_of_worship, point_of_interest, establishment",Sattari (Valpoi),15.5967705,74.187701,,,"['nature', 'nightlife', 'religious']"
Japanese Garden,"CQ4P+QVJ, Marmugao Port Trust Colony, Mormugao, Goa 403804, India",4.1,8211.0,ChIJsbm561bGvzsR2uhVi1Uzo9E,"park, tourist_attraction, point_of_interest, establishment",Mormugao (Vasco),15.4069725,73.7871306,,,['nature']
Tropical Spice Plantation,"H.No. A-14, Arla Bazar, Ponda, Keri, Goa 403404, India",4.1,2153.0,ChIJ0bVnNrm6vzsRIZDi6tHyqmM,"point_of_interest, establishment,nature,trek",Ponda,15.4527447,74.0107308,,,"['adventure', 'food', 'nature']"
Mangrove Boardwalk,"Patto Centre, Panaji, Goa 403001, India",4.1,1224.0,ChIJ2cM03_jBvzsRXI4bnE6otDM,"museum, park, point_of_interest, establishment",Tiswadi (Panaji),15.4936894,73.8325406,,,"['historical', 'nature']"
Arvalem Caves,"H23F+267, Rudreshwar Colony, Harvale, Goa 403505, India",4.1,1092.0,ChIJoSA1F069vzsR_Nv7L4B_vNw,"tourist_attraction, point_of_interest, establishment,nature,caves,historical",Sattari (Valpoi),15.552527,74.0230428,,,"['historical', 'nature']"
Margao Municipal Garden,"7XF5+864, Pajifond, Madgaon, Goa 403601, India",4.1,1072.0,ChIJI7qdNeizvzsRlKd0ZLtxB8g,"tourist_attraction, park, point_of_interest, establishment",Salcete (Margao),15.2732507,73.9580861,,,['nature']
Garça Branca Gardens,"H No. 934, NH 17B, near St. Milagres Chapel, Vanxem, Salcete, Loutolim, Madgaon, Goa 403718, India",4.1,850.0,ChIJ6yd7xk-wvzsRZ6TtH7Pu0bk,"tourist_attraction, park, point_of_interest, establishment",Dharbandora,15.3448799,73.9958822,,,"['nature', 'religious']"
Dolphin Adventures Goa (Sinquerim Jetty),"Fort aguada road sinquerim jetty candolim, Panaji, Goa 403515, India",4.1,671.0,ChIJIz69SNrBvzsRE5i32ju2Ays,"travel_agency, point_of_interest, establishment,adventure",Tiswadi (Panaji),15.4972169,73.7818865,,,"['adventure', 'beaches', 'fort', 'historical']"
Udear Springs,"8WXW+5F5, Verna, Lotli, Goa 403722, India",4.1,632.0,ChIJWzNaI8-wvzsRoxK7KxZeyjI,"park, point_of_interest, establishment, waterfall, scenic, relaxation, peaceful",Dharbandora,15.3478875,73.9462344,,,"['nature', 'peaceful', 'relaxation', 'scenic']"
Malson Shoes,"Souza Towers, opposite Garcia de Orta Garden, next to Petisco, Near Panjim Church, Altinho, Panaji, Goa 403001, India",4.1,600.0,ChIJQ-Iqz4jAvzsRuj6Z94O3VjI,"tourist_attraction, park, point_of_interest, establishment",Tiswadi (Panaji),15.4997434,73.8282138,,,"['historical', 'nature', 'religious']"
Merces Bird Sanctuary,"FRRW+C54, Neugi Nagar, Mersi Tem, Goa 403005, India",4.1,573.0,ChIJLVUWB0m_vzsRIydp_djEClc,"park, point_of_interest, establishment, wildlife sanctuary, bird watching, scenic, photography, relaxation, peaceful",Tiswadi (Panaji),15.4910213,73.8454662,,,"['nature', 'peaceful', 'photography', 'relaxation', 'scenic']"
Aguad Port & Jail Complex,"Parking, Aguada Fort, Aguada - Siolim Rd, Aguada Fort Area, Candolim, Goa 403515, India",4.1,523.0,ChIJIdHV6h3BvzsRcWh-MTFt5S4,"tourist_attraction, art_gallery, museum, restaurant, food, point_of_interest, establishment",Bardez (Mapusa),15.4926341,73.7771255,,flag,"['food', 'fort', 'historical', 'nature']"
Quepem Dam,"636G+M5F, Quepem",4.1,385.0,ChIJAQBkkymtvzsRfsDLIjF64Gw,"tourist_attraction, point_of_interest, establishment",Canacona,15.2116832,74.0754267,,,['nature']
Carambolim Lake Migratory Bird Sanctuary,"FWPH+F6V, Lake Road, Karmali, Corlim, Goa 403110, India",4.1,374.0,ChIJR4WZsaO-vzsRnO5GtG8Fh7Y,"tourist_attraction, park, point_of_interest, establishment, wetland, wildlife sanctuary, bird watching, relaxation",Bicholim,15.4862398,73.928046,,,"['nature', 'relaxation']"
Khadpaband Garden,"9XXX+FX9, Friends Colony, Khadpabandh, Ponda, Goa 403401, India",4.1,308.0,ChIJk4-F-5O6vzsRSEFeY7X4txw,"park, point_of_interest, establishment",Ponda,15.3986647,73.9999901,,,['nature']
Zuari River Dash (Goa Kayaking),"CV37+MXF, São Jacinto Island, São Jacinto, 403711, India",4.1,223.0,ChIJx8FvGWi4vzsRu2ejATiKguk,"tourist_attraction, point_of_interest, establishment",Mormugao (Vasco),15.4041848,73.8649289,,,['adventure']
Cotigao Wildlife Sanctuary Entrance,"X4Q2+86M, NH 66, Poingunin, Goa 403702, India",4.1,156.0,ChIJV9uvKjZavjsRpRXYOZ88X3M,"zoo, park, point_of_interest, establishment",Sanguem,14.9883475,74.1005476,,,['nature']
Sirsaim waterfall,"JVHP+HF, Sirsai, Assonora, Goa 403502, India",4.1,59.0,ChIJ88V6vP2VvzsRzJQv4s4QyoA,"tourist_attraction, point_of_interest, establishment",Pernem,15.6289375,73.8861875,,,['nature']
Phoenix spring,"FRRH+GJH, Fontainhas (quarter), Mala, Panaji, Goa 403001, India",4.1,32.0,ChIJce5Jf0fBvzsRbe9ORxrD2Oo,"tourist_attraction, point_of_interest, establishment",Tiswadi (Panaji),15.4913185,73.8290943,,,['nature']
Bhagwan Mahavir Wildlife Sanctuary Range Forest Office,"96HJ+373, NH 4A, Mollem, Goa 403410, India",4.1,15.0,ChIJYfMjyQYHvzsRJR9qDOoaVSs,"park, point_of_interest, establishment",Ponda,15.3776333,74.2306659,,,['nature']
samarth gad,"Housing Board, Navelim, New Zariwaddo, Rumdamol, Davorlim, Goa 403601, India",4.1,10.0,ChIJu4XnGlezvzsRyYttRdENr5g,"point_of_interest, establishment",Salcete (Margao),15.275252,73.9851188,,,['nature']
Mhadei Wildlife Forest Rangers Office,"H5PQ+VXX, Nagargaon, Maloli, Goa 403506, India",4.1,10.0,ChIJD4wk642fvzsR9nUMoeMrCaM,"point_of_interest, establishment",Sattari (Valpoi),15.5872272,74.1899858,,,['nature']
Zariwada Spring Cortali,"647V+QGF, Kotarli",4.1,10.0,ChIJg69SJj2rvzsRKMZgKUW6HD4,"tourist_attraction, point_of_interest, establishment",Canacona,15.2147666,74.1425936,,,['nature']
Seasonal falls,"G2GW+JRG, Sonus-Vonvoliem, Goa 403530, India",4.1,7.0,ChIJO7kJCPCjvzsR33KNlwsyras,"tourist_attraction, point_of_interest, establishment, scenic, peaceful",Bicholim,15.5265711,74.0470845,,,"['nature', 'peaceful', 'scenic']"
Mormugoa Municipal Childrens park,"Childrens Park, Swatantra Path, Vaddem, Vasco Da Gama, Goa 403802, India",4.1,7.0,ChIJBSHRarzHvzsRADEfJ2pESY8,"park, point_of_interest, establishment",Mormugao (Vasco),15.3972813,73.813813,,,['nature']
Bondla Wildlife Sanctuary,"C4R4+2HR, Usgao-Ganjem VP, Goa 403406, India",4.0,3408.0,ChIJ1TJ8b1akvzsRjgW-y7x27sQ,"zoo, tourist_attraction, point_of_interest, establishment,nature,wildlife",Dharbandora,15.4401104,74.1063776,,,['nature']
Froggyland - The Water World,"Pateapur, Nuvem",4.0,1871.0,ChIJfygMViSxvzsRqXra1Y0GOm4,"tourist_attraction, amusement_park, point_of_interest, establishment",Salcete (Margao),15.321632,73.9519311,,,['nature']
1930 Vasco,"Swatantra Path, opp. The HQ, Vaddem, Vasco Da Gama, Goa 403802, India",4.0,1470.0,ChIJl6jODLzHvzsRrvkuMpDJn-k,"movie_theater, shopping_mall, parking, meal_takeaway, restaurant, point_of_interest, food, establishment",Mormugao (Vasco),15.3970725,73.8129321,,,"['food', 'nature', 'shopping']"
Sahakari Spice Plantation backside,"C24F+Q88, Unnamed Road, Prabhu Nagar, Ponda, Goa 403401, India",4.0,172.0,ChIJr4mnZlm7vzsR7phtDlcwqVs,"zoo, point_of_interest, establishment",Ponda,15.406909,74.023315,,,"['food', 'nature']"
The Our Lady On The Mount Chapel,"GW3F+R9, Old Goa, Goa 403110, India",4.0,129.0,ChIJOZ0xvOS_vzsRwQVuIXvcIxo,"tourist_attraction, point_of_interest, establishment",Bicholim,15.5044718,73.9233285,,,"['historical', 'religious']"
Siddhanath waterfall,"928R+36H, Talewada, Kajorde, Goa 403103, India",4.0,107.0,ChIJHb7IxgevvzsR4JAbcxpcYWE,"tourist_attraction, point_of_interest, establishment",Sanguem,15.3651752,74.0406066,,,['nature']
Blue Waterfall,"Aki waterfall, Rivona, Goa 403705, India",4.0,102.0,ChIJuaO9M-9TvjsRGDUSPRk93AM,"park, point_of_interest, establishment",Canacona,15.137164,74.117323,,,['nature']
Dhabdabha Waterfall Bicholim,"Katarwada, Dicholi, Bhatwadi, Goa 403504, India",4.0,71.0,ChIJUTThNtSXvzsRRztdY-sATAs,"tourist_attraction, point_of_interest, establishment",Bicholim,15.5751965,73.9390095,,,['nature']
Mormugao Port Authority Children's Park,"CQ4P+XRH, Headland Sada, Vasco Da Gama, Mormugao, Goa 403804, India",4.0,70.0,ChIJd4WP8VbGvzsRhcNNjdlXrXM,"park, point_of_interest, establishment",Mormugao (Vasco),15.407445,73.7870959,,,['nature']
Ozari waterfall,"MVQF+HMC, Ozorim, Goa 403512, India",4.0,65.0,ChIJO3_r4raTvzsRvJdgYaZ4mg8,"tourist_attraction, point_of_interest, establishment, waterfall, scenic, adventure, peaceful",Pernem,15.6889453,73.8741547,,,"['adventure', 'nature', 'peaceful', 'scenic']"
St. Anthony Church,"52V5+4P9 St. Anthony church, Veroda Rd, Panzorconi, Cuncolim, Veroda, Goa 403703, India",4.0,62.0,ChIJa7vocElNvjsR1QPFZCLXAoY,"church, place_of_worship, point_of_interest, establishment",Salcete (Margao),15.1927933,74.0093659,,,['religious']
Dolphin Boat trip and kayaking,"beach, Palolem, Canacona, Goa 403702, India",4.0,52.0,ChIJ7RmQzOFFvjsRij98A3qs2rA,"tourist_attraction, point_of_interest, establishment",Canacona,15.0114217,74.0213312,,,"['adventure', 'beaches']"
Somnath Temple,"529V+7M8, Adne, Cavorem, Goa 403703, India",4.0,27.0,ChIJKVfs0Y9SvjsRCZcavQ_xmCI,"hindu_temple, place_of_worship, point_of_interest, establishment",Sanguem,15.1682596,74.0444539,,,['religious']
Tajbi Gardens,"G4G9+XHP, Naguem, Goa 403506, India",4.0,21.0,ChIJqVlCQyuivzsRxpl1zsOBV9Q,"park, point_of_interest, establishment",Sattari (Valpoi),15.5274508,74.1189413,,,['nature']
Nadal Waterfall,"Maina, Quepem, Padi, Goa 403703, India",4.0,10.0,ChIJfaj4pQNRvjsRpfqbdqAZXzI,"tourist_attraction, establishment, waterfall, adventure, trekking, scenic, peaceful",Canacona,15.0978161,74.064417,,,"['adventure', 'nature', 'peaceful', 'scenic']"
Colomba Spring pond,"44XM+R46, Major District Road 36, Kolamba",4.0,4.0,ChIJLzvIN8NVvjsReliWVyBbf0E,"tourist_attraction, point_of_interest, establishment",Canacona,15.1495311,74.1327804,,,['nature']
Bicholim poira sirigao road,"JV3V+MRJ, Bicholim – Poira – Sirigao - Assonora, Corjuem, Shrigao, Goa 403503, India",4.0,2.0,ChIJIZqC72OVvzsRab3VUVjKtoc,"point_of_interest, establishment",Bicholim,15.6042109,73.894511,,,['religious']
Dobar waterfall,"PQFG+32, Pernem, Pernam Municipal Area, Goa 403512, India",4.0,1.0,ChIJK43ABwDtvzsRlby1Cmahy_M,"tourist_attraction, point_of_interest, establishment",Pernem,15.7226823,73.7750696,,,"['nature', 'nightlife']"
Lamgao Buddhist Caves,"lamgao bicholim goa, lamgao, Dicholi, Goa 403504, India",3.9,295.0,ChIJ0epMpHiWvzsRIK8KYfUIWY8,"tourist_attraction, hindu_temple, place_of_worship, point_of_interest, establishment",Pernem,15.5959317,73.9365402,,,['religious']
Ana Fonte Garden,"7XH5+3QV, Bernardo Peres da Silva Rd, Pajifond, Madgaon, Goa 403601, India",3.9,165.0,ChIJl86yYd2zvzsRMZW7wiVu67s,"park, point_of_interest, establishment",Salcete (Margao),15.2777419,73.9594084,,,['nature']
BICHOLIM WALKING PARK,"Bicholim bustand, Dicholi, Goa 403529, India",3.9,155.0,ChIJV4BUh26WvzsRXytfhfdOgAA,"park, point_of_interest, establishment",Bicholim,15.5872037,73.9507301,,,['nature']
King's Waterfall,"Azossim, Dongrim, Goa 403104, India",3.9,132.0,ChIJbRyyzMG5vzsRheaJLGdVzfE,"tourist_attraction, point_of_interest, establishment",Salcete (Margao),15.4634347,73.9212858,,,['nature']
Perkon Waterfall,"MVX8+6C8, Unnamed Road, Ozorim, Goa 403512, India",3.9,102.0,ChIJ_R9Y1aaTvzsRk5iw6Lxewp4,"tourist_attraction, point_of_interest, establishment",Bicholim,15.6980273,73.8660752,,,['nature']
Aqua-falls,"8XV3+9X, Verna, Lotli, Goa 403722, India",3.9,96.0,ChIJEUBoDuOxvzsR1dklgr6Zmis,"tourist_attraction, park, point_of_interest, establishment",Dharbandora,15.3434811,73.9549965,,,['nature']
Sonshe waterfall,"G392+XQ8, Sonus-Vonvoliem, Goa 403530, India",3.9,77.0,ChIJk8EvpZWjvzsRC6z-wCIfnFg,"park, point_of_interest, establishment",Bicholim,15.5199185,74.0519628,,,['nature']
Vaddem Lake and Park,"9RXH+W63, Vaddem, Vasco Da Gama, Goa 403802, India",3.9,77.0,ChIJt9Ons5HHvzsRlLB5ydLBWxM,"park, point_of_interest, establishment",Mormugao (Vasco),15.3997582,73.8280506,,,['nature']
Nanora waterfall,"JWV7+77X, Latambarcem, Goa 403503, India",3.9,63.0,ChIJBe3VOXGVvzsRkoTr1nkFIYk,"tourist_attraction, point_of_interest, establishment",Bicholim,15.6432342,73.9132345,,,"['nature', 'nightlife']"
Tiger Waterfall,"75FM+96, Dudal, Goa 403704, India",3.9,8.0,ChIJ-2LnZACrvzsRL-L7iYn3oAU,"tourist_attraction, point_of_interest, establishment, waterfall, trekking, peaceful, adventure, wildlife exploration",Sanguem,15.2734367,74.1831127,,,"['adventure', 'nature', 'peaceful']"
Dr. Salim Ali Bird Sanctuary,"GV7C+657, Ilhas, Madel, Ribandar, Goa 403102, India",3.8,3949.0,ChIJYU0mP3W_vzsReXl288rhJ9M,"tourist_attraction, park, point_of_interest, establishment, bird sanctuary, bird watching, scenic, photography, boating, peaceful",Tiswadi (Panaji),15.5130468,73.8704154,,,"['nature', 'peaceful', 'photography', 'scenic']"
Mystic Woods,"C2G6+Q47, Ponda, Pisgal, Priol, Goa 403404, India",3.8,608.0,ChIJI2vEMie7vzsRj6GD15iAWac,"tourist_attraction, museum, park, point_of_interest, establishment,nature",Ponda,15.4295587,74.0124491,,,"['historical', 'nature']"
Padi Waterfall,"32QH+MCR, Khede, Goa 403703, India",3.8,242.0,ChIJ7RTi_T5PvjsR9iI0nYgw074,"park, point_of_interest, establishment",Canacona,15.0892446,74.0285175,,,['nature']
Mogacho Waterfall,"MQMJ+HGH, Parse, Goa 403512, India",3.8,184.0,ChIJr7iHw8PtvzsRBukm7_S2rrE,"tourist_attraction, point_of_interest, establishment",Pernem,15.6839395,73.7813684,,,['nature']
MUNICIPAL PARK,"9RX7+384, Swatantra Path, Vaddem, Mormugao, Vasco Da Gama, Goa 403802, India",3.8,131.0,ChIJF2rbb7zHvzsRRK50NrNIQWs,"park, point_of_interest, establishment",Mormugao (Vasco),15.3976309,73.8133397,,,['nature']
Dragon Waterfall Ambaulim,"Ambavali, Talewada, Goa 403705, India",3.8,100.0,ChIJ7YL7gEutvzsRKDVO4piFCOY,"park, point_of_interest, establishment",Sanguem,15.2107335,74.0429012,,,['nature']
MotiDongor Hill,"7XJ8+8PG, Monte Hill, Madgaon, Goa 403601, India",3.8,44.0,ChIJq6qq6tuzvzsRtScDDgv23vw,"park, point_of_interest, establishment",Salcete (Margao),15.2808001,73.9668408,,,['nature']
Mountain Top Ambe Forest Checkpost,"3578+7PG, Unnamed Road, Mangal, Goa 403704, India",3.8,12.0,ChIJUyqTjzRXvjsRStsomulWLSs,"tourist_attraction, point_of_interest, establishment",Sanguem,15.0631936,74.1668166,,,['nature']
Chatrapati Shivaji Maharaj Park Valpoi.,"G4HP+X94, Massorde, Goa 403506, India",3.8,5.0,ChIJN4o807OhvzsRRlmeXNfnCTA,"park, point_of_interest, establishment",Sattari (Valpoi),15.5298909,74.1359564,,,['nature']
Aga Khan Children's Park,"7XF5+P48, Pajifond, Madgaon, Goa 403601, India",3.7,2634.0,ChIJR088NuizvzsRD0RGysUFDx4,"park, point_of_interest, establishment",Salcete (Margao),15.2742891,73.9578409,,,['nature']
Kesarval Spring Verna Waterfall,"9WJH+WGF, Quelossim, Goa 403722, India",3.7,2166.0,ChIJ59FcxPu5vzsRa3eXw7AkQaw,"tourist_attraction, park, point_of_interest, establishment,waterfall,nature",Salcete (Margao),15.3823119,73.928801,,,['nature']
Chimbel Waterfall,"FVHF+H9M, Tiswadi, Mersi Tem, Goa 403006, India",3.7,148.0,ChIJk81BkDu_vzsR4AgJhOdyo_M,"park, point_of_interest, establishment",Salcete (Margao),15.478956,73.87342,,,['nature']
Verna Waterfalls,"STPI Building, Verna Industrial Estate, Verna, Nagve, Goa 403722, India",3.7,91.0,ChIJOyOe_Mq3vzsR67IrNf9TJ18,"park, point_of_interest, establishment, waterfall, scenic, relaxation",Salcete (Margao),15.3650513,73.9304433,,,"['nature', 'relaxation', 'scenic']"
Koni Kade Artificial Waterfall,"MXC8+HFH, Koni Kade ,Kharpal, Kasai",3.7,41.0,ChIJiTSH7ByRvzsR-yXq5MPVls8,"tourist_attraction, point_of_interest, establishment",Pernem,15.6714474,73.9662376,,,['nature']
Vasco Garden,"9RX7+47W, Vaddem, Vasco Da Gama, Goa 403802, India",3.7,23.0,ChIJ45oacLzHvzsR73AnGc6d-kY,"park, point_of_interest, establishment",Mormugao (Vasco),15.39786,73.8131899,,,['nature']
Splashdown Waterpark,"Calangute-Anjuna Main Road, Padre Agnel Vaddo, Gauvaddi, Anjuna, Near Double Tree Hilton Hotel, Bardez, Goa 403509, India",3.6,1923.0,ChIJMS8RWSXqvzsRD_BatlAomOk,"tourist_attraction, amusement_park, point_of_interest, establishment,waterpark",Bardez (Mapusa),15.579003,73.758791,,,"['nature', 'nightlife']"
Nagesh Water World,"road, near Pascol farm, opposite Nestle factory, Ponda, Tisk, Khandepar, Goa 403406, India",3.6,1120.0,ChIJCR5nGxelvzsRHCjJA0c6jnA,"tourist_attraction, amusement_park, point_of_interest, establishment",Ponda,15.4173318,74.0589388,,,['nature']
Bicholim Municipal Park 2,"HWWW+RJC, Bhaili Peth, Sudha Colony, Borden, Dicholi, Goa 403504, India",3.6,152.0,ChIJH0M8PHuWvzsRSQDMUCC-zU0,"park, point_of_interest, establishment",Bicholim,15.597054,73.946528,,,['nature']
Sahakar Spice Plantation Curti Ponda Road Goa,"C25F+GMX, Curti, Ponda, Goa 403401, India",3.6,89.0,ChIJIfrd1cu6vzsRPtyAgtAnIVY,"food, store, point_of_interest, establishment",Ponda,15.4088522,74.02423,,,"['food', 'nature', 'shopping']"
Children's Park,"9RXH+5RG, Vaddem, Vasco Da Gama, Goa 403802, India",3.6,86.0,ChIJXS2y5ZHHvzsRCZxv0uNfNSQ,"park, point_of_interest, establishment",Mormugao (Vasco),15.3979421,73.8295721,,,['nature']
C & A adventures water sports,"beach, Bogmalo, Mormugao, Goa 403806, India",3.6,7.0,ChIJRWe7SVrHvzsRoavk_URtYgc,"tourist_attraction, point_of_interest, establishment",Mormugao (Vasco),15.369213,73.8341244,,,"['adventure', 'beaches', 'water sports']"
Bicholim Municipal Garden,"HWQW+2HR, Dicholi, Goa 403504, India",3.5,108.0,ChIJ3-0W9XGWvzsRvjnQXdqZ9QQ,"park, point_of_interest, establishment",Bicholim,15.5876232,73.9463755,,,['nature']
Dr.Sophia Waterfall,"Old Goa, Baingini, Goa 403402, India",3.5,32.0,ChIJHbPbiNy_vzsRVGBXJbg_6lU,"park, point_of_interest, establishment, waterfall, scenic, relaxation, peaceful",Tiswadi (Panaji),15.4888494,73.9013952,,,"['historical', 'nature', 'peaceful', 'relaxation', 'scenic']"
WaterFall Gho Gho,"G4WJ+P2R, Koparde, Goa 403506, India",3.5,31.0,ChIJPfdYY-ihvzsRhjO27of2siA,"tourist_attraction, point_of_interest, establishment",Sattari (Valpoi),15.5468551,74.1300143,,,['nature']
Mathwada river dam,"H2F9+P7H, State Highway 4, Pariye",3.5,10.0,ChIJhRTNIiuXvzsRnsnVT-Q1vqw,"tourist_attraction, point_of_interest, establishment",Bicholim,15.574307,74.018225,,,['nature']
Goali Waterfall,"M53G+24, Goali",3.5,4.0,ChIJAzN2SgCfvzsRA_oJEf6HgfI,"tourist_attraction, point_of_interest, establishment",Sattari (Valpoi),15.6526236,74.1753413,,,['nature']
Nagesh Love Forest,"Gudi, Quepem Rd, Chandor, Goa 403714, India",3.4,404.0,ChIJNShtiX6tvzsRfW6eUqD5Xtc,"tourist_attraction, amusement_park, point_of_interest, establishment",Salcete (Margao),15.2421745,74.0332858,,,['nature']
Coco Heritage Resort Water Park & Swimming Pool,"near Goan Beach club, Baga-Arpora road, Arpora",3.4,358.0,ChIJ6z7MiyHqvzsRK5bfx4qcJTY,"tourist_attraction, amusement_park, point_of_interest, establishment",Tiswadi (Panaji),15.5690863,73.7534674,,,"['beaches', 'historical', 'nature', 'nightlife']"
Chal Waterfall,"3454+8RC Chall Gaondongrim, Canacona, Vaul, Goa 403702, India",3.4,5.0,ChIJaUjBrFZRvjsR3C_EFiB_hUM,"tourist_attraction, point_of_interest, establishment, adventure, waterfall, trekking, scenic",Sanguem,15.0583155,74.1070181,,,"['adventure', 'nature', 'scenic']"
Cunchelim Waterfall,"JR7C+Q7, Mapusa, Goa 403526, India",3.3,19.0,ChIJ1_HG70LrvzsR9_yqsEpZaw4,"tourist_attraction, point_of_interest, establishment, adventure, waterfall, trekking, scenic",Bardez (Mapusa),15.6141969,73.8206561,,,"['adventure', 'nature', 'scenic']"
Scuba diving spot Goa,"9QFX+J7, Vasco Da Gama, Goa, India",3.1,14.0,ChIJ2R3fdADHvzsRe1AILLcfXJg,"tourist_attraction, point_of_interest, establishment",Mormugao (Vasco),15.374035,73.798246,,,['adventure']
